Built from '6000.2/respin/6000.2.7f1-2eb0c79396db' branch; Version is '6000.2.7f2 (2b518236b676) revision 2838914'; Using compiler version '194234433'; Build Type 'Release'
OS: 'Windows 11  (10.0.26200) 64bit Professional' Language: 'fr' Physical Memory: 8072 MB
BatchMode: 1, IsHumanControllingUs: 0, StartBugReporterOnCrash: 0, Is64bit: 1
Date: 2025-10-19T19:26:34Z

COMMAND LINE ARGUMENTS:
C:\Program Files\Unity\Hub\Editor\6000.2.7f2\Editor\Unity.exe
-adb2
-batchMode
-noUpm
-name
AssetImportWorker0
-projectPath
C:/Users/PC/Documents/GitHub/SplashDye
-logFile
Logs/AssetImportWorker0.log
-srvPort
63377
-licensingIpc
LicenseClient-PC
-job-worker-count
1
-background-job-worker-count
8
-gc-helper-count
1
-name
AssetImport
Successfully changed project path to: C:/Users/PC/Documents/GitHub/SplashDye
C:/Users/PC/Documents/GitHub/SplashDye
[UnityMemory] Configuration Parameters - Can be set up in boot.config
    "memorysetup-allocator-temp-initial-block-size-main=262144"
    "memorysetup-allocator-temp-initial-block-size-worker=262144"
    "memorysetup-bucket-allocator-granularity=16"
    "memorysetup-bucket-allocator-bucket-count=8"
    "memorysetup-bucket-allocator-block-size=33554432"
    "memorysetup-bucket-allocator-block-count=8"
    "memorysetup-main-allocator-block-size=16777216"
    "memorysetup-thread-allocator-block-size=16777216"
    "memorysetup-gfx-main-allocator-block-size=16777216"
    "memorysetup-gfx-thread-allocator-block-size=16777216"
    "memorysetup-cache-allocator-block-size=4194304"
    "memorysetup-typetree-allocator-block-size=2097152"
    "memorysetup-profiler-bucket-allocator-granularity=16"
    "memorysetup-profiler-bucket-allocator-bucket-count=8"
    "memorysetup-profiler-bucket-allocator-block-size=33554432"
    "memorysetup-profiler-bucket-allocator-block-count=8"
    "memorysetup-profiler-allocator-block-size=16777216"
    "memorysetup-profiler-editor-allocator-block-size=1048576"
    "memorysetup-temp-allocator-size-main=16777216"
    "memorysetup-job-temp-allocator-block-size=2097152"
    "memorysetup-job-temp-allocator-block-size-background=1048576"
    "memorysetup-job-temp-allocator-reduction-small-platforms=262144"
    "memorysetup-temp-allocator-size-background-worker=32768"
    "memorysetup-temp-allocator-size-job-worker=262144"
    "memorysetup-temp-allocator-size-preload-manager=33554432"
    "memorysetup-temp-allocator-size-nav-mesh-worker=65536"
    "memorysetup-temp-allocator-size-audio-worker=65536"
    "memorysetup-temp-allocator-size-cloud-worker=32768"
    "memorysetup-temp-allocator-size-gi-baking-worker=262144"
    "memorysetup-temp-allocator-size-gi-baking-worker=262144"
    "memorysetup-temp-allocator-size-gi-baking-worker=262144"
    "memorysetup-temp-allocator-size-gi-baking-worker=262144"
    "memorysetup-temp-allocator-size-gi-baking-worker=262144"
    "memorysetup-temp-allocator-size-gfx=262144"
[Licensing::Module] Trying to connect to existing licensing client channel...
[Licensing::IpcConnector] Successfully connected to: "LicenseClient-PC" at "2025-10-19T19:26:34.2502998Z"
Player connection [12796]  Target information:

Player connection [12796]  * "[IP] 192.168.5.199 [Port] 0 [Flags] 2 [Guid] 2820929203 [EditorId] 2820929203 [Version] 1048832 [Id] WindowsEditor(7,DESKTOP-26A9125) [Debug] 1 [PackageName] WindowsEditor [ProjectName] Editor" 

Player connection [12796] Host joined multi-casting on [225.0.0.222:54997]...
Player connection [12796] Host joined alternative multi-casting on [225.0.0.222:34997]...
JobSystem: Creating JobQueue using job-worker-count value 1
Input System module state changed to: Initialized.
[Physics::Module] Initialized fallback backend.
[Physics::Module] Id: 0xdecafbad
Library Redirect Path: Library/
[Licensing::Client] Code 10 while verifying Licensing Client signature (process Id: 6796, path: "C:/Program Files/Unity Hub/UnityLicensingClient_V1/Unity.Licensing.Client.exe")
[Licensing::Module] LicensingClient has failed validation; ignoring
[Licensing::Client] Handshaking with LicensingClient:
  Version:                 1.17.3+a4e98f1
  Session Id:              86340352708a4f3082efec9655756b26
  Correlation Id:          7402df99a91988112b6088974d2d8f25
  External correlation Id: 5255116764777173157
  Machine Id:              5F36ZwIbGWeVYoy/bEP4oJr1FY8=
[Licensing::Module] Successfully connected to LicensingClient on channel: "LicenseClient-PC" (connect: 0.00s, validation: 0.01s, handshake: 0.61s)
[Licensing::IpcConnector] Successfully connected to: "LicenseClient-PC-notifications" at "2025-10-19T19:26:34.8729694Z"
[Licensing::Module] Licensing Background thread has ended after 0.67s
[Physics::Module] Selected backend.
[Physics::Module] Name: PhysX
[Physics::Module] Id: 0xf2b8ea05
[Physics::Module] SDK Version: 4.1.2
[Physics::Module] Integration Version: 1.0.0
[Physics::Module] Threading Mode: Multi-Threaded
Refreshing native plugins compatible for Editor in 251.16 ms, found 3 plugins.
Preloading 0 native plugins for Editor in 0.00 ms.
Initialize engine version: 6000.2.7f2 (2b518236b676)
[Subsystems] Discovering subsystems at path C:/Program Files/Unity/Hub/Editor/6000.2.7f2/Editor/Data/Resources/UnitySubsystems
[Subsystems] Discovering subsystems at path C:/Users/PC/Documents/GitHub/SplashDye/Assets
GfxDevice: creating device client; kGfxThreadingModeNonThreaded
Direct3D:
    Version:  Direct3D 11.0 [level 11.1]
    Renderer: Intel(R) HD Graphics 620 (ID=0x5916)
    Vendor:   Intel
    VRAM:     4036 MB
    Driver:   31.0.101.2130
Initialize mono
Mono path[0] = 'C:/Program Files/Unity/Hub/Editor/6000.2.7f2/Editor/Data/Managed'
Mono path[1] = 'C:/Program Files/Unity/Hub/Editor/6000.2.7f2/Editor/Data/MonoBleedingEdge/lib/mono/unityjit-win32'
Mono config path = 'C:/Program Files/Unity/Hub/Editor/6000.2.7f2/Editor/Data/MonoBleedingEdge/etc'
Using monoOptions --debugger-agent=transport=dt_socket,embedding=1,server=y,suspend=n,address=127.0.0.1:56812
Begin MonoManager ReloadAssembly
Registering precompiled unity dll's ...
Register platform support module: C:/Program Files/Unity/Hub/Editor/6000.2.7f2/Editor/Data/PlaybackEngines/WindowsStandaloneSupport/UnityEditor.WindowsStandalone.Extensions.dll
Registered in 0.008049 seconds.
- Loaded All Assemblies, in  2.800 seconds
Native extension for WindowsStandalone target not found
Mono: successfully reloaded assembly
- Finished resetting the current domain, in  1.314 seconds
Domain Reload Profiling: 4097ms
	BeginReloadAssembly (718ms)
		ExecutionOrderSort (0ms)
		DisableScriptedObjects (0ms)
		BackupInstance (0ms)
		ReleaseScriptingObjects (0ms)
		CreateAndSetChildDomain (2ms)
	RebuildCommonClasses (113ms)
	RebuildNativeTypeToScriptingClass (30ms)
	initialDomainReloadingComplete (169ms)
	LoadAllAssembliesAndSetupDomain (1751ms)
		LoadAssemblies (709ms)
		RebuildTransferFunctionScriptingTraits (0ms)
		AnalyzeDomain (1735ms)
			TypeCache.Refresh (1699ms)
				TypeCache.ScanAssembly (1444ms)
			BuildScriptInfoCaches (1ms)
			ResolveRequiredComponents (27ms)
	FinalizeReload (1315ms)
		ReleaseScriptCaches (0ms)
		RebuildScriptCaches (0ms)
		SetupLoadedEditorAssemblies (1173ms)
			LogAssemblyErrors (0ms)
			InitializePlatformSupportModulesInManaged (286ms)
			SetLoadedEditorAssemblies (11ms)
			BeforeProcessingInitializeOnLoad (184ms)
			ProcessInitializeOnLoadAttributes (563ms)
			ProcessInitializeOnLoadMethodAttributes (129ms)
			AfterProcessingInitializeOnLoad (0ms)
			EditorAssembliesLoaded (0ms)
		ExecutionOrderSort2 (0ms)
		AwakeInstancesAfterBackupRestoration (0ms)
========================================================================
Worker process is ready to serve import requests
Import Worker Mode flag is 0x00
Begin MonoManager ReloadAssembly
[Licensing::Client] Successfully resolved entitlement details
[Licensing::Module] License group:
  Id: 20066875905497-UnityPersXXXX
  Product: Unity Personal
  Type: Assigned
  Expiration: Unlimited
- Loaded All Assemblies, in  2.159 seconds
Refreshing native plugins compatible for Editor in 1.87 ms, found 3 plugins.
Native extension for WindowsStandalone target not found
Package Manager log level set to [2]
[Package Manager] Failed to launch server process. Reason: Unity was launched with the -noUpm command-line argument
[Package Manager] Unable to send message (not connected to server process).
[Package Manager] Cannot connect to Unity Package Manager local server
The project currently uses the compatibility mode where the Render Graph API is disabled. Support for this mode will be removed in future Unity versions. Migrate existing ScriptableRenderPasses to the new RenderGraph API. After the migration, disable the compatibility mode in Edit > Projects Settings > Graphics > Render Graph.
UnityEngine.Debug:ExtractStackTraceNoAlloc (byte*,int,string)
UnityEngine.StackTraceUtility:ExtractStackTrace ()
UnityEngine.DebugLogHandler:Internal_Log (UnityEngine.LogType,UnityEngine.LogOption,string,UnityEngine.Object)
UnityEngine.DebugLogHandler:LogFormat (UnityEngine.LogType,UnityEngine.Object,string,object[])
UnityEngine.Logger:Log (UnityEngine.LogType,object)
UnityEngine.Debug:LogWarning (object)
UnityEngine.Rendering.Universal.WarnUsingNonRenderGraph:EmitConsoleWarning () (at ./Library/PackageCache/com.unity.render-pipelines.universal@ba467ec059b9/Runtime/Data/UniversalRenderPipelineAsset.cs:432)
System.Reflection.RuntimeMethodInfo:Invoke (object,System.Reflection.BindingFlags,System.Reflection.Binder,object[],System.Globalization.CultureInfo)
System.Reflection.MethodBase:Invoke (object,object[])
UnityEditor.EditorAssemblies:ProcessInitializeOnLoadMethodAttributes ()

(Filename: ./Library/PackageCache/com.unity.render-pipelines.universal@ba467ec059b9/Runtime/Data/UniversalRenderPipelineAsset.cs Line: 432)

[MODES] ModeService[none].Initialize
[MODES] ModeService[none].LoadModes
[MODES] Loading mode Default (0) for mode-current-id-GameJamPaint
Mono: successfully reloaded assembly
- Finished resetting the current domain, in  1.808 seconds
Domain Reload Profiling: 3951ms
	BeginReloadAssembly (518ms)
		ExecutionOrderSort (0ms)
		DisableScriptedObjects (20ms)
		BackupInstance (0ms)
		ReleaseScriptingObjects (0ms)
		CreateAndSetChildDomain (62ms)
	RebuildCommonClasses (73ms)
	RebuildNativeTypeToScriptingClass (38ms)
	initialDomainReloadingComplete (103ms)
	LoadAllAssembliesAndSetupDomain (1410ms)
		LoadAssemblies (1079ms)
		RebuildTransferFunctionScriptingTraits (0ms)
		AnalyzeDomain (616ms)
			TypeCache.Refresh (464ms)
				TypeCache.ScanAssembly (430ms)
			BuildScriptInfoCaches (117ms)
			ResolveRequiredComponents (24ms)
	FinalizeReload (1809ms)
		ReleaseScriptCaches (0ms)
		RebuildScriptCaches (0ms)
		SetupLoadedEditorAssemblies (1356ms)
			LogAssemblyErrors (0ms)
			InitializePlatformSupportModulesInManaged (2ms)
			SetLoadedEditorAssemblies (6ms)
			BeforeProcessingInitializeOnLoad (279ms)
			ProcessInitializeOnLoadAttributes (855ms)
			ProcessInitializeOnLoadMethodAttributes (201ms)
			AfterProcessingInitializeOnLoad (13ms)
			EditorAssembliesLoaded (0ms)
		ExecutionOrderSort2 (0ms)
		AwakeInstancesAfterBackupRestoration (14ms)
Launched and connected shader compiler UnityShaderCompiler.exe after 0.04 seconds
Refreshing native plugins compatible for Editor in 4.24 ms, found 3 plugins.
Preloading 0 native plugins for Editor in 0.00 ms.
Unloading 16 Unused Serialized files (Serialized files now loaded: 0)
Unloading 6357 unused Assets / (4.1 MB). Loaded Objects now: 7074.
Memory consumption went from 130.7 MB to 126.6 MB.
Total: 17.344900 ms (FindLiveObjects: 1.772000 ms CreateObjectMapping: 1.405800 ms MarkObjects: 8.585900 ms  DeleteObjects: 5.579700 ms)

========================================================================
Received Import Request.
  Time since last request: 789380.029187 seconds.
  path: Assets/DefaultVolumeProfile.asset
  artifactKey: Guid(9f48ef742d85746468d442fe859489ed) Importer(815301076,1909f56bfc062723c751e8b465ee728b)
Start importing Assets/DefaultVolumeProfile.asset using Guid(9f48ef742d85746468d442fe859489ed) Importer(815301076,1909f56bfc062723c751e8b465ee728b) (PreviewImporter) -> (artifact id: 'ccaf461be0178ba32d0dff0eb3f7a539') in 0.1582579 seconds
Number of updated asset objects reloaded before import = 3Number of asset objects unloaded after import = 0

========================================================================
Received Import Request.
  Time since last request: 0.001353 seconds.
  path: Assets/UniversalRenderPipelineGlobalSettings.asset
  artifactKey: Guid(18dc0cd2c080841dea60987a38ce93fa) Importer(815301076,1909f56bfc062723c751e8b465ee728b)
Start importing Assets/UniversalRenderPipelineGlobalSettings.asset using Guid(18dc0cd2c080841dea60987a38ce93fa) Importer(815301076,1909f56bfc062723c751e8b465ee728b) (PreviewImporter) -> (artifact id: '3de3b60521d854ed733cb596794689a6') in 0.0022352 seconds
Number of updated asset objects reloaded before import = 0Number of asset objects unloaded after import = 0

========================================================================
Received Import Request.
  Time since last request: 0.000070 seconds.
  path: Assets/Readme.asset
  artifactKey: Guid(8105016687592461f977c054a80ce2f2) Importer(815301076,1909f56bfc062723c751e8b465ee728b)
Start importing Assets/Readme.asset using Guid(8105016687592461f977c054a80ce2f2) Importer(815301076,1909f56bfc062723c751e8b465ee728b) (PreviewImporter) -> (artifact id: 'ebbeb939fea46559b63eb741fa4f9171') in 0.004113 seconds
Number of updated asset objects reloaded before import = 0Number of asset objects unloaded after import = 1

========================================================================
Received Import Request.
  Time since last request: 249.612329 seconds.
  path: Assets/Scenes 1
  artifactKey: Guid(b1c760149381644419aa2926dd1a5d23) Importer(815301076,1909f56bfc062723c751e8b465ee728b)
Start importing Assets/Scenes 1 using Guid(b1c760149381644419aa2926dd1a5d23) Importer(815301076,1909f56bfc062723c751e8b465ee728b) (PreviewImporter) -> (artifact id: 'cf8f0b2d0a91b46e84748bad9e754577') in 0.0128796 seconds
Number of updated asset objects reloaded before import = 0Number of asset objects unloaded after import = 0

========================================================================
Received Import Request.
  Time since last request: 4.003347 seconds.
  path: Assets/Scenes 1/LevelTestScene.unity
  artifactKey: Guid(9fc0d4010bbf28b4594072e72b8655ab) Importer(815301076,1909f56bfc062723c751e8b465ee728b)
Start importing Assets/Scenes 1/LevelTestScene.unity using Guid(9fc0d4010bbf28b4594072e72b8655ab) Importer(815301076,1909f56bfc062723c751e8b465ee728b) (PreviewImporter) -> (artifact id: '75c18773865d6766b28efb6fbed220bf') in 0.0039096 seconds
Number of updated asset objects reloaded before import = 0Number of asset objects unloaded after import = 0

========================================================================
Received Import Request.
  Time since last request: 84.868810 seconds.
  path: Assets/Scenes 1/MainMenu.unity
  artifactKey: Guid(5bb40be200116b94ab24454590ca8431) Importer(815301076,1909f56bfc062723c751e8b465ee728b)
Start importing Assets/Scenes 1/MainMenu.unity using Guid(5bb40be200116b94ab24454590ca8431) Importer(815301076,1909f56bfc062723c751e8b465ee728b) (PreviewImporter) -> (artifact id: '17e54edf276bacf18b1ff05531b65583') in 0.0063761 seconds
Number of updated asset objects reloaded before import = 0Number of asset objects unloaded after import = 0

========================================================================
Received Prepare
Begin MonoManager ReloadAssembly
[Licensing::Client] Successfully resolved entitlement details
- Loaded All Assemblies, in  3.421 seconds
Refreshing native plugins compatible for Editor in 1.88 ms, found 3 plugins.
Native extension for WindowsStandalone target not found
[Package Manager] Failed to launch server process. Reason: Unity was launched with the -noUpm command-line argument
[Package Manager] Unable to send message (not connected to server process).
[Package Manager] Cannot connect to Unity Package Manager local server
The project currently uses the compatibility mode where the Render Graph API is disabled. Support for this mode will be removed in future Unity versions. Migrate existing ScriptableRenderPasses to the new RenderGraph API. After the migration, disable the compatibility mode in Edit > Projects Settings > Graphics > Render Graph.
UnityEngine.Debug:ExtractStackTraceNoAlloc (byte*,int,string)
UnityEngine.StackTraceUtility:ExtractStackTrace ()
UnityEngine.DebugLogHandler:Internal_Log (UnityEngine.LogType,UnityEngine.LogOption,string,UnityEngine.Object)
UnityEngine.DebugLogHandler:LogFormat (UnityEngine.LogType,UnityEngine.Object,string,object[])
UnityEngine.Logger:Log (UnityEngine.LogType,object)
UnityEngine.Debug:LogWarning (object)
UnityEngine.Rendering.Universal.WarnUsingNonRenderGraph:EmitConsoleWarning () (at ./Library/PackageCache/com.unity.render-pipelines.universal@ba467ec059b9/Runtime/Data/UniversalRenderPipelineAsset.cs:432)
System.Reflection.RuntimeMethodInfo:Invoke (object,System.Reflection.BindingFlags,System.Reflection.Binder,object[],System.Globalization.CultureInfo)
System.Reflection.MethodBase:Invoke (object,object[])
UnityEditor.EditorAssemblies:ProcessInitializeOnLoadMethodAttributes ()

(Filename: ./Library/PackageCache/com.unity.render-pipelines.universal@ba467ec059b9/Runtime/Data/UniversalRenderPipelineAsset.cs Line: 432)

[MODES] ModeService[none].Initialize
[MODES] ModeService[none].LoadModes
Mono: successfully reloaded assembly
- Finished resetting the current domain, in  2.541 seconds
Domain Reload Profiling: 5966ms
	BeginReloadAssembly (892ms)
		ExecutionOrderSort (0ms)
		DisableScriptedObjects (50ms)
		BackupInstance (0ms)
		ReleaseScriptingObjects (1ms)
		CreateAndSetChildDomain (265ms)
	RebuildCommonClasses (74ms)
	RebuildNativeTypeToScriptingClass (22ms)
	initialDomainReloadingComplete (65ms)
	LoadAllAssembliesAndSetupDomain (2371ms)
		LoadAssemblies (1493ms)
		RebuildTransferFunctionScriptingTraits (0ms)
		AnalyzeDomain (1134ms)
			TypeCache.Refresh (701ms)
				TypeCache.ScanAssembly (31ms)
			BuildScriptInfoCaches (395ms)
			ResolveRequiredComponents (25ms)
	FinalizeReload (2542ms)
		ReleaseScriptCaches (0ms)
		RebuildScriptCaches (0ms)
		SetupLoadedEditorAssemblies (2059ms)
			LogAssemblyErrors (0ms)
			InitializePlatformSupportModulesInManaged (9ms)
			SetLoadedEditorAssemblies (20ms)
			BeforeProcessingInitializeOnLoad (458ms)
			ProcessInitializeOnLoadAttributes (1198ms)
			ProcessInitializeOnLoadMethodAttributes (304ms)
			AfterProcessingInitializeOnLoad (69ms)
			EditorAssembliesLoaded (1ms)
		ExecutionOrderSort2 (0ms)
		AwakeInstancesAfterBackupRestoration (57ms)
Refreshing native plugins compatible for Editor in 1.95 ms, found 3 plugins.
Preloading 0 native plugins for Editor in 0.00 ms.
Unloading 17 Unused Serialized files (Serialized files now loaded: 0)
Unloading 6356 unused Assets / (5.5 MB). Loaded Objects now: 7091.
Memory consumption went from 136.5 MB to 131.0 MB.
Total: 40.003100 ms (FindLiveObjects: 1.975100 ms CreateObjectMapping: 1.286200 ms MarkObjects: 17.269000 ms  DeleteObjects: 19.471000 ms)

Prepare: number of updated asset objects reloaded= 13
========================================================================
Received Import Request.
  Time since last request: 3084.132089 seconds.
  path: Assets/Audio/AudioMixer.mixer
  artifactKey: Guid(b381eb63a11fbe94c8b3c0ad20fbf0ce) Importer(815301076,1909f56bfc062723c751e8b465ee728b)
Start importing Assets/Audio/AudioMixer.mixer using Guid(b381eb63a11fbe94c8b3c0ad20fbf0ce) Importer(815301076,1909f56bfc062723c751e8b465ee728b) (PreviewImporter)Refreshing native plugins compatible for Editor in 9.58 ms, found 3 plugins.
Preloading 0 native plugins for Editor in 0.00 ms.
 -> (artifact id: 'b087e41e246aa58e4afe97f2527a0efd') in 0.3285449 seconds
Number of updated asset objects reloaded before import = 0Number of asset objects unloaded after import = 8

========================================================================
Received Import Request.
  Time since last request: 1.558175 seconds.
  path: Assets/Audio/SFX
  artifactKey: Guid(3bf93c738c9bed64e8b722cfe06f1151) Importer(815301076,1909f56bfc062723c751e8b465ee728b)
Start importing Assets/Audio/SFX using Guid(3bf93c738c9bed64e8b722cfe06f1151) Importer(815301076,1909f56bfc062723c751e8b465ee728b) (PreviewImporter) -> (artifact id: '743007d75a4d479f8037ea9f455d575b') in 0.0022153 seconds
Number of updated asset objects reloaded before import = 0Number of asset objects unloaded after import = 0

========================================================================
Received Import Request.
  Time since last request: 0.105275 seconds.
  path: Assets/Audio/SFX/item-equip-6904.mp3
  artifactKey: Guid(be639eea0dbbe784c880c2d466908e10) Importer(815301076,1909f56bfc062723c751e8b465ee728b)
Start importing Assets/Audio/SFX/item-equip-6904.mp3 using Guid(be639eea0dbbe784c880c2d466908e10) Importer(815301076,1909f56bfc062723c751e8b465ee728b) (PreviewImporter) -> (artifact id: 'b73433e6b168015949cd8e17ed72606d') in 0.7263269 seconds
Number of updated asset objects reloaded before import = 0Number of asset objects unloaded after import = 2

========================================================================
Received Import Request.
  Time since last request: 0.000038 seconds.
  path: Assets/Audio/SFX/shoot-1-81135.mp3
  artifactKey: Guid(2acb547c31cd78145aa1cd4654575024) Importer(815301076,1909f56bfc062723c751e8b465ee728b)
Start importing Assets/Audio/SFX/shoot-1-81135.mp3 using Guid(2acb547c31cd78145aa1cd4654575024) Importer(815301076,1909f56bfc062723c751e8b465ee728b) (PreviewImporter) -> (artifact id: 'e92cf07b72f79af2d57d1d29661f028f') in 0.0487487 seconds
Number of updated asset objects reloaded before import = 0Number of asset objects unloaded after import = 2

========================================================================
Received Import Request.
  Time since last request: 0.000052 seconds.
  path: Assets/Audio/SFX/walk.mp3
  artifactKey: Guid(13583d35895a1d0429f0ab395bf6abca) Importer(815301076,1909f56bfc062723c751e8b465ee728b)
Start importing Assets/Audio/SFX/walk.mp3 using Guid(13583d35895a1d0429f0ab395bf6abca) Importer(815301076,1909f56bfc062723c751e8b465ee728b) (PreviewImporter) -> (artifact id: '52f41f710a621463f040249529e0fcfc') in 0.0552603 seconds
Number of updated asset objects reloaded before import = 0Number of asset objects unloaded after import = 2

========================================================================
Received Import Request.
  Time since last request: 0.000037 seconds.
  path: Assets/Audio/SFX/kick-hardstyle-149795.mp3
  artifactKey: Guid(64a6776da88df244d9214fd12fc306ed) Importer(815301076,1909f56bfc062723c751e8b465ee728b)
Start importing Assets/Audio/SFX/kick-hardstyle-149795.mp3 using Guid(64a6776da88df244d9214fd12fc306ed) Importer(815301076,1909f56bfc062723c751e8b465ee728b) (PreviewImporter) -> (artifact id: '7aa1ac0e26fd23830fab7dd3ab518fef') in 0.0387983 seconds
Number of updated asset objects reloaded before import = 0Number of asset objects unloaded after import = 2

========================================================================
Received Import Request.
  Time since last request: 0.000083 seconds.
  path: Assets/Audio/Music/F.P Schubert  5 Piano Pieces D 459 Allegro 🎹 Musique classique libre de droits à télécharger 🎹.mp3
  artifactKey: Guid(6f704540a3fe31b49916d84b2bb264ca) Importer(815301076,1909f56bfc062723c751e8b465ee728b)
Start importing Assets/Audio/Music/F.P Schubert  5 Piano Pieces D 459 Allegro 🎹 Musique classique libre de droits à télécharger 🎹.mp3 using Guid(6f704540a3fe31b49916d84b2bb264ca) Importer(815301076,1909f56bfc062723c751e8b465ee728b) (PreviewImporter) -> (artifact id: 'e212cbd65410f8a49f9492edd12812bc') in 0.0798023 seconds
Number of updated asset objects reloaded before import = 0Number of asset objects unloaded after import = 2

========================================================================
Received Import Request.
  Time since last request: 0.000022 seconds.
  path: Assets/Audio/Music/Musique Dynamique Libre de Droits Gratuite Electro House  Peyruis - Bonjour.mp3
  artifactKey: Guid(a3c6e23fde9b3374da4fc9303f4f4121) Importer(815301076,1909f56bfc062723c751e8b465ee728b)
Start importing Assets/Audio/Music/Musique Dynamique Libre de Droits Gratuite Electro House  Peyruis - Bonjour.mp3 using Guid(a3c6e23fde9b3374da4fc9303f4f4121) Importer(815301076,1909f56bfc062723c751e8b465ee728b) (PreviewImporter) -> (artifact id: 'cbd6845319a4cdfb6bae7b65b6130bdd') in 0.0520018 seconds
Number of updated asset objects reloaded before import = 0Number of asset objects unloaded after import = 2

========================================================================
Received Import Request.
  Time since last request: 0.000046 seconds.
  path: Assets/Audio/Music/Free Soundtrack - DnBCyberpunk 2 (Drum and Bass, D&B, breakbeat) - No Copyright (1).mp3
  artifactKey: Guid(e46e2e325b344ed46bdb366b77747cf9) Importer(815301076,1909f56bfc062723c751e8b465ee728b)
Start importing Assets/Audio/Music/Free Soundtrack - DnBCyberpunk 2 (Drum and Bass, D&B, breakbeat) - No Copyright (1).mp3 using Guid(e46e2e325b344ed46bdb366b77747cf9) Importer(815301076,1909f56bfc062723c751e8b465ee728b) (PreviewImporter) -> (artifact id: '6ef965c621b5c40f52a38096bb72c2ec') in 0.0523182 seconds
Number of updated asset objects reloaded before import = 0Number of asset objects unloaded after import = 2

========================================================================
Received Import Request.
  Time since last request: 0.000075 seconds.
  path: Assets/Audio/Music/TIK TOK [ Royalty FREE USE ] - [ Drum & Bass ] [No Copyright Sound] Kraedt - Surface.mp3
  artifactKey: Guid(47a9881998703d24fbe1801151beb1a1) Importer(815301076,1909f56bfc062723c751e8b465ee728b)
Start importing Assets/Audio/Music/TIK TOK [ Royalty FREE USE ] - [ Drum & Bass ] [No Copyright Sound] Kraedt - Surface.mp3 using Guid(47a9881998703d24fbe1801151beb1a1) Importer(815301076,1909f56bfc062723c751e8b465ee728b) (PreviewImporter) -> (artifact id: 'db846d91b6f2d223dd950d49f47c0a02') in 0.056823 seconds
Number of updated asset objects reloaded before import = 0Number of asset objects unloaded after import = 2

========================================================================
Received Import Request.
  Time since last request: 0.000130 seconds.
  path: Assets/Audio/Music/Musique Dynamique Libre de Droits Gratuite Action Sport Motivation Electro Trap  RYLLZ - Nemesis.mp3
  artifactKey: Guid(ae1a00e7593d48b42b93faae3b01735f) Importer(815301076,1909f56bfc062723c751e8b465ee728b)
Start importing Assets/Audio/Music/Musique Dynamique Libre de Droits Gratuite Action Sport Motivation Electro Trap  RYLLZ - Nemesis.mp3 using Guid(ae1a00e7593d48b42b93faae3b01735f) Importer(815301076,1909f56bfc062723c751e8b465ee728b) (PreviewImporter) -> (artifact id: '127db230457f9728b9580e7a80e6922d') in 0.0532119 seconds
Number of updated asset objects reloaded before import = 0Number of asset objects unloaded after import = 2

========================================================================
Received Import Request.
  Time since last request: 0.000063 seconds.
  path: Assets/Audio/Music/Catiso - Beast - COPYRIGHT FREE MUSIC - [CEM].mp3
  artifactKey: Guid(b77835d8ec2ef0f48bbd82ac5b2d19ed) Importer(815301076,1909f56bfc062723c751e8b465ee728b)
Start importing Assets/Audio/Music/Catiso - Beast - COPYRIGHT FREE MUSIC - [CEM].mp3 using Guid(b77835d8ec2ef0f48bbd82ac5b2d19ed) Importer(815301076,1909f56bfc062723c751e8b465ee728b) (PreviewImporter) -> (artifact id: '5f28307ead98eaae2b22b59becf498d3') in 0.053383 seconds
Number of updated asset objects reloaded before import = 0Number of asset objects unloaded after import = 2

========================================================================
Received Import Request.
  Time since last request: 0.000050 seconds.
  path: Assets/Audio/SFX/Splat - Sound Effect (HD).mp3
  artifactKey: Guid(cc33e0a3123dcb745a78e32e2e9596b8) Importer(815301076,1909f56bfc062723c751e8b465ee728b)
Start importing Assets/Audio/SFX/Splat - Sound Effect (HD).mp3 using Guid(cc33e0a3123dcb745a78e32e2e9596b8) Importer(815301076,1909f56bfc062723c751e8b465ee728b) (PreviewImporter) -> (artifact id: 'ecf6e091ef46876d63f4e252e164c45d') in 0.0601362 seconds
Number of updated asset objects reloaded before import = 0Number of asset objects unloaded after import = 2

========================================================================
Received Import Request.
  Time since last request: 4.918112 seconds.
  path: Assets
  artifactKey: Guid(00000000000000001000000000000000) Importer(815301076,1909f56bfc062723c751e8b465ee728b)
Start importing Assets using Guid(00000000000000001000000000000000) Importer(815301076,1909f56bfc062723c751e8b465ee728b) (PreviewImporter) -> (artifact id: '22eb903b6b603362be3cfb962ad1dab8') in 0.0008068 seconds
Number of updated asset objects reloaded before import = 0Number of asset objects unloaded after import = 0

========================================================================
Received Import Request.
  Time since last request: 3.870372 seconds.
  path: Assets/DefaultVolumeProfile.asset
  artifactKey: Guid(9f48ef742d85746468d442fe859489ed) Importer(2089858483,0ecaa5967403d082aa24f35e1b516d23)
Start importing Assets/DefaultVolumeProfile.asset using Guid(9f48ef742d85746468d442fe859489ed) Importer(2089858483,0ecaa5967403d082aa24f35e1b516d23) (ScriptedImporter) -> (artifact id: 'ef801f0c00dc67dea0adf461a218bdb0') in 0.4558632 seconds
Number of updated asset objects reloaded before import = 0Number of asset objects unloaded after import = 0

========================================================================
Received Import Request.
  Time since last request: 0.000020 seconds.
  path: Assets/Script/GameOverManager.cs
  artifactKey: Guid(a2992af5e4428ac49be9fb2ba5a31081) Importer(2089858483,0ecaa5967403d082aa24f35e1b516d23)
Start importing Assets/Script/GameOverManager.cs using Guid(a2992af5e4428ac49be9fb2ba5a31081) Importer(2089858483,0ecaa5967403d082aa24f35e1b516d23) (ScriptedImporter) -> (artifact id: 'b88e678b0c02f963db61d0badffa161b') in 0.051211 seconds
Number of updated asset objects reloaded before import = 0Number of asset objects unloaded after import = 0

========================================================================
Received Import Request.
  Time since last request: 0.000031 seconds.
  path: Assets/Import/Prototype_PlayerhURT.png
  artifactKey: Guid(48ea4fcffcbbe05439f44b7bcd19e284) Importer(2089858483,0ecaa5967403d082aa24f35e1b516d23)
Start importing Assets/Import/Prototype_PlayerhURT.png using Guid(48ea4fcffcbbe05439f44b7bcd19e284) Importer(2089858483,0ecaa5967403d082aa24f35e1b516d23) (ScriptedImporter) -> (artifact id: '551e08b0ef8220c0abca58dab58af352') in 0.2432718 seconds
Number of updated asset objects reloaded before import = 0Number of asset objects unloaded after import = 22

========================================================================
Received Import Request.
  Time since last request: 0.000027 seconds.
  path: Assets/Import/playerPrototype.png
  artifactKey: Guid(faa9bb41222969740a6ad32402941d55) Importer(2089858483,0ecaa5967403d082aa24f35e1b516d23)
Start importing Assets/Import/playerPrototype.png using Guid(faa9bb41222969740a6ad32402941d55) Importer(2089858483,0ecaa5967403d082aa24f35e1b516d23) (ScriptedImporter) -> (artifact id: 'e9a7910f60adccc2589bd44f6371988f') in 0.0512596 seconds
Number of updated asset objects reloaded before import = 0Number of asset objects unloaded after import = 3

========================================================================
Received Import Request.
  Time since last request: 0.000030 seconds.
  path: Assets/Script/ScoreManager.cs
  artifactKey: Guid(f2268ec63ce835844bffe377b9c4c9f4) Importer(2089858483,0ecaa5967403d082aa24f35e1b516d23)
Start importing Assets/Script/ScoreManager.cs using Guid(f2268ec63ce835844bffe377b9c4c9f4) Importer(2089858483,0ecaa5967403d082aa24f35e1b516d23) (ScriptedImporter) -> (artifact id: '31f90b2e8b444e889673471c98205c62') in 0.0329081 seconds
Number of updated asset objects reloaded before import = 0Number of asset objects unloaded after import = 0

========================================================================
Received Import Request.
  Time since last request: 0.000022 seconds.
  path: Assets/Settings/URP-Performant-Renderer.asset
  artifactKey: Guid(707360a9c581a4bd7aa53bfeb1429f71) Importer(2089858483,0ecaa5967403d082aa24f35e1b516d23)
Start importing Assets/Settings/URP-Performant-Renderer.asset using Guid(707360a9c581a4bd7aa53bfeb1429f71) Importer(2089858483,0ecaa5967403d082aa24f35e1b516d23) (ScriptedImporter) -> (artifact id: 'da0912e19c97421919fede5c0e8821c0') in 0.089646 seconds
Number of updated asset objects reloaded before import = 0Number of asset objects unloaded after import = 1

========================================================================
Received Import Request.
  Time since last request: 0.000037 seconds.
  path: Assets/Import/Items.png
  artifactKey: Guid(9edc010b3a8bb63429fea1b76ec09a87) Importer(2089858483,0ecaa5967403d082aa24f35e1b516d23)
Start importing Assets/Import/Items.png using Guid(9edc010b3a8bb63429fea1b76ec09a87) Importer(2089858483,0ecaa5967403d082aa24f35e1b516d23) (ScriptedImporter) -> (artifact id: '2a4cdf2415e1e7af81ca9783cba0dbe3') in 0.0516925 seconds
Number of updated asset objects reloaded before import = 0Number of asset objects unloaded after import = 7

========================================================================
Received Import Request.
  Time since last request: 0.000040 seconds.
  path: Assets/Script/GiantCanvas.cs
  artifactKey: Guid(86c1111756233c04098ac78ca9af8848) Importer(2089858483,0ecaa5967403d082aa24f35e1b516d23)
Start importing Assets/Script/GiantCanvas.cs using Guid(86c1111756233c04098ac78ca9af8848) Importer(2089858483,0ecaa5967403d082aa24f35e1b516d23) (ScriptedImporter) -> (artifact id: '5262205e89c42e72298a4323ecbc773d') in 0.0246152 seconds
Number of updated asset objects reloaded before import = 0Number of asset objects unloaded after import = 0

========================================================================
Received Import Request.
  Time since last request: 0.000018 seconds.
  path: Assets/Script/PaintManager.cs
  artifactKey: Guid(ba1470271a1cba2479b91189f434c122) Importer(2089858483,0ecaa5967403d082aa24f35e1b516d23)
Start importing Assets/Script/PaintManager.cs using Guid(ba1470271a1cba2479b91189f434c122) Importer(2089858483,0ecaa5967403d082aa24f35e1b516d23) (ScriptedImporter) -> (artifact id: 'd4dd4b53b00e9cc5fffb7d1cb16e9238') in 0.0241723 seconds
Number of updated asset objects reloaded before import = 0Number of asset objects unloaded after import = 0

========================================================================
Received Import Request.
  Time since last request: 0.000022 seconds.
  path: Assets/Material/New Material 5.mat
  artifactKey: Guid(c07b4135257bc1f46afe91c9583331a8) Importer(2089858483,0ecaa5967403d082aa24f35e1b516d23)
Start importing Assets/Material/New Material 5.mat using Guid(c07b4135257bc1f46afe91c9583331a8) Importer(2089858483,0ecaa5967403d082aa24f35e1b516d23) (ScriptedImporter) -> (artifact id: 'ef6df98dfbc2111418754321d1ae5be0') in 0.0462403 seconds
Number of updated asset objects reloaded before import = 0Number of asset objects unloaded after import = 1

========================================================================
Received Import Request.
  Time since last request: 0.000032 seconds.
  path: Assets/Script/EnemyHealth.cs
  artifactKey: Guid(14050b210885a234c8673bb98d6afe11) Importer(2089858483,0ecaa5967403d082aa24f35e1b516d23)
Start importing Assets/Script/EnemyHealth.cs using Guid(14050b210885a234c8673bb98d6afe11) Importer(2089858483,0ecaa5967403d082aa24f35e1b516d23) (ScriptedImporter) -> (artifact id: '6e7c7eb84627af0df36e581d5c4d73ae') in 0.0325012 seconds
Number of updated asset objects reloaded before import = 0Number of asset objects unloaded after import = 0

========================================================================
Received Import Request.
  Time since last request: 0.000022 seconds.
  path: Assets/Animation/PlayerDeath.anim
  artifactKey: Guid(d54655bdb9fc5c543bffd6ba5d81c1da) Importer(2089858483,0ecaa5967403d082aa24f35e1b516d23)
Start importing Assets/Animation/PlayerDeath.anim using Guid(d54655bdb9fc5c543bffd6ba5d81c1da) Importer(2089858483,0ecaa5967403d082aa24f35e1b516d23) (ScriptedImporter) -> (artifact id: '061dd2d6261165d9c4e752f57afd2aa5') in 0.0502902 seconds
Number of updated asset objects reloaded before import = 0Number of asset objects unloaded after import = 1

========================================================================
Received Import Request.
  Time since last request: 0.000028 seconds.
  path: Assets/Import/heart.png
  artifactKey: Guid(1d49c54addf73bb43839bcf396b3ba70) Importer(2089858483,0ecaa5967403d082aa24f35e1b516d23)
Start importing Assets/Import/heart.png using Guid(1d49c54addf73bb43839bcf396b3ba70) Importer(2089858483,0ecaa5967403d082aa24f35e1b516d23) (ScriptedImporter) -> (artifact id: 'e9c66653c99fc88747e207f6a23a9484') in 0.0467912 seconds
Number of updated asset objects reloaded before import = 0Number of asset objects unloaded after import = 3

========================================================================
Received Import Request.
  Time since last request: 0.000034 seconds.
  path: Assets/Settings/URP-Balanced.asset
  artifactKey: Guid(e1260c1148f6143b28bae5ace5e9c5d1) Importer(2089858483,0ecaa5967403d082aa24f35e1b516d23)
Start importing Assets/Settings/URP-Balanced.asset using Guid(e1260c1148f6143b28bae5ace5e9c5d1) Importer(2089858483,0ecaa5967403d082aa24f35e1b516d23) (ScriptedImporter) -> (artifact id: '444578d813ae2ed1610d28305cc8e9ea') in 0.2203425 seconds
Number of updated asset objects reloaded before import = 0Number of asset objects unloaded after import = 3

========================================================================
Received Import Request.
  Time since last request: 0.000226 seconds.
  path: Assets/Textures/concrete_Wall_Normal.jpg
  artifactKey: Guid(915fce885e7a6a541b08b09e903e8a15) Importer(2089858483,0ecaa5967403d082aa24f35e1b516d23)
Start importing Assets/Textures/concrete_Wall_Normal.jpg using Guid(915fce885e7a6a541b08b09e903e8a15) Importer(2089858483,0ecaa5967403d082aa24f35e1b516d23) (ScriptedImporter) -> (artifact id: '0b1b24c3e1cfd20b826df845788fd637') in 0.0956302 seconds
Number of updated asset objects reloaded before import = 0Number of asset objects unloaded after import = 1

========================================================================
Received Import Request.
  Time since last request: 0.000030 seconds.
  path: Assets/Assets
  artifactKey: Guid(72c408308d054ff46a7c319c34424092) Importer(815301076,1909f56bfc062723c751e8b465ee728b)
Start importing Assets/Assets using Guid(72c408308d054ff46a7c319c34424092) Importer(815301076,1909f56bfc062723c751e8b465ee728b) (PreviewImporter) -> (artifact id: 'e516931643e7eb57c2392089a80b1bde') in 0.0067906 seconds
Number of updated asset objects reloaded before import = 0Number of asset objects unloaded after import = 0

========================================================================
Received Import Request.
  Time since last request: 0.000020 seconds.
  path: Assets/TutorialInfo/Layout.wlt
  artifactKey: Guid(eabc9546105bf4accac1fd62a63e88e6) Importer(2089858483,0ecaa5967403d082aa24f35e1b516d23)
Start importing Assets/TutorialInfo/Layout.wlt using Guid(eabc9546105bf4accac1fd62a63e88e6) Importer(2089858483,0ecaa5967403d082aa24f35e1b516d23) (ScriptedImporter) -> (artifact id: '4b388cd65db07cfd463f089b787c4097') in 0.0258531 seconds
Number of updated asset objects reloaded before import = 0Number of asset objects unloaded after import = 1

========================================================================
Received Import Request.
  Time since last request: 0.000026 seconds.
  path: Assets/Textures/splatNormal.jpg
  artifactKey: Guid(35add2fc28f438c4da2c9a3a720ac55e) Importer(2089858483,0ecaa5967403d082aa24f35e1b516d23)
Start importing Assets/Textures/splatNormal.jpg using Guid(35add2fc28f438c4da2c9a3a720ac55e) Importer(2089858483,0ecaa5967403d082aa24f35e1b516d23) (ScriptedImporter) -> (artifact id: '6fb5088c1a11877202faf49fdd93b2cb') in 0.0381205 seconds
Number of updated asset objects reloaded before import = 0Number of asset objects unloaded after import = 1

========================================================================
Received Import Request.
  Time since last request: 0.000027 seconds.
  path: Assets/Textures/GridBox_Default.psd
  artifactKey: Guid(7cf1055f41270dc40a64af16ab1186aa) Importer(2089858483,0ecaa5967403d082aa24f35e1b516d23)
Start importing Assets/Textures/GridBox_Default.psd using Guid(7cf1055f41270dc40a64af16ab1186aa) Importer(2089858483,0ecaa5967403d082aa24f35e1b516d23) (ScriptedImporter) -> (artifact id: '2c956b5e11cdd75d4f6d9bae0463cc90') in 0.0452777 seconds
Number of updated asset objects reloaded before import = 0Number of asset objects unloaded after import = 1

========================================================================
Received Import Request.
  Time since last request: 0.000022 seconds.
  path: Assets/Textures/noise_texture_0002.png
  artifactKey: Guid(90fa52e833fedfb4b8b3dbe10e96a30e) Importer(2089858483,0ecaa5967403d082aa24f35e1b516d23)
Start importing Assets/Textures/noise_texture_0002.png using Guid(90fa52e833fedfb4b8b3dbe10e96a30e) Importer(2089858483,0ecaa5967403d082aa24f35e1b516d23) (ScriptedImporter) -> (artifact id: 'dcac6277b675ae45b7502c3c55d74a04') in 0.0457188 seconds
Number of updated asset objects reloaded before import = 0Number of asset objects unloaded after import = 1

========================================================================
Received Import Request.
  Time since last request: 0.000028 seconds.
  path: Assets/Animation/Enemy/EnemyHurt.anim
  artifactKey: Guid(2081aefa048e5f543a824c12a35109df) Importer(2089858483,0ecaa5967403d082aa24f35e1b516d23)
Start importing Assets/Animation/Enemy/EnemyHurt.anim using Guid(2081aefa048e5f543a824c12a35109df) Importer(2089858483,0ecaa5967403d082aa24f35e1b516d23) (ScriptedImporter) -> (artifact id: '066f8034dcea958e335afb7f77f620a9') in 0.0299254 seconds
Number of updated asset objects reloaded before import = 0Number of asset objects unloaded after import = 1

========================================================================
Received Import Request.
  Time since last request: 0.000027 seconds.
  path: Assets/Animation/Enemy/Enemy.controller
  artifactKey: Guid(e7d233e04048ac84aaee88fd757bfe41) Importer(2089858483,0ecaa5967403d082aa24f35e1b516d23)
Start importing Assets/Animation/Enemy/Enemy.controller using Guid(e7d233e04048ac84aaee88fd757bfe41) Importer(2089858483,0ecaa5967403d082aa24f35e1b516d23) (ScriptedImporter) -> (artifact id: 'bb16e45ab08ccd0ad7cef20f55f73d68') in 0.044016 seconds
Number of updated asset objects reloaded before import = 0Number of asset objects unloaded after import = 17

========================================================================
Received Import Request.
  Time since last request: 0.000024 seconds.
  path: Assets/Animation/Enemy/EnemyDie.anim
  artifactKey: Guid(3b74f02ad6f21a74da4ce5bd8b65e1f6) Importer(2089858483,0ecaa5967403d082aa24f35e1b516d23)
Start importing Assets/Animation/Enemy/EnemyDie.anim using Guid(3b74f02ad6f21a74da4ce5bd8b65e1f6) Importer(2089858483,0ecaa5967403d082aa24f35e1b516d23) (ScriptedImporter) -> (artifact id: 'a3a22506327fa7043ca02f149ca0ffd3') in 0.0294393 seconds
Number of updated asset objects reloaded before import = 0Number of asset objects unloaded after import = 1

========================================================================
Received Import Request.
  Time since last request: 0.000021 seconds.
  path: Assets/Textures/GridBox_Default.png
  artifactKey: Guid(7f7b302eddb0edd49afe4248035a7b56) Importer(2089858483,0ecaa5967403d082aa24f35e1b516d23)
Start importing Assets/Textures/GridBox_Default.png using Guid(7f7b302eddb0edd49afe4248035a7b56) Importer(2089858483,0ecaa5967403d082aa24f35e1b516d23) (ScriptedImporter) -> (artifact id: '6df1306aa06e7ab84e8f9afe5124baf3') in 0.0479233 seconds
Number of updated asset objects reloaded before import = 0Number of asset objects unloaded after import = 1

========================================================================
Received Import Request.
  Time since last request: 0.000038 seconds.
  path: Assets/Animation/Enemy/EnemyIdle.anim
  artifactKey: Guid(66d11d3995c55694fb496f765e41f14e) Importer(2089858483,0ecaa5967403d082aa24f35e1b516d23)
Start importing Assets/Animation/Enemy/EnemyIdle.anim using Guid(66d11d3995c55694fb496f765e41f14e) Importer(2089858483,0ecaa5967403d082aa24f35e1b516d23) (ScriptedImporter) -> (artifact id: 'dc591a3c2bce2666292ba753efc37f1c') in 0.0259454 seconds
Number of updated asset objects reloaded before import = 0Number of asset objects unloaded after import = 1

========================================================================
Received Import Request.
  Time since last request: 0.000027 seconds.
  path: Assets/Animation/UI/CreditLoop.anim
  artifactKey: Guid(5d6b8a8b0740cdd4a9deb3c870073259) Importer(2089858483,0ecaa5967403d082aa24f35e1b516d23)
Start importing Assets/Animation/UI/CreditLoop.anim using Guid(5d6b8a8b0740cdd4a9deb3c870073259) Importer(2089858483,0ecaa5967403d082aa24f35e1b516d23) (ScriptedImporter) -> (artifact id: '1561eeba78e7a9410a9dbacb95e12a28') in 0.0278626 seconds
Number of updated asset objects reloaded before import = 0Number of asset objects unloaded after import = 1

========================================================================
Received Import Request.
  Time since last request: 0.000041 seconds.
  path: Assets/Animation/Gun/SkeletonGunOutline.controller
  artifactKey: Guid(d4d3c0f4f41da414387c831032916946) Importer(2089858483,0ecaa5967403d082aa24f35e1b516d23)
Start importing Assets/Animation/Gun/SkeletonGunOutline.controller using Guid(d4d3c0f4f41da414387c831032916946) Importer(2089858483,0ecaa5967403d082aa24f35e1b516d23) (ScriptedImporter) -> (artifact id: '76e7285d209705d343bb664b48e27e95') in 0.0442386 seconds
Number of updated asset objects reloaded before import = 0Number of asset objects unloaded after import = 1

========================================================================
Received Import Request.
  Time since last request: 0.000044 seconds.
  path: Assets/Animation/Gun/RechargeAnimation.anim
  artifactKey: Guid(ce98a776576711e4d9454e3fddff2c85) Importer(2089858483,0ecaa5967403d082aa24f35e1b516d23)
Start importing Assets/Animation/Gun/RechargeAnimation.anim using Guid(ce98a776576711e4d9454e3fddff2c85) Importer(2089858483,0ecaa5967403d082aa24f35e1b516d23) (ScriptedImporter) -> (artifact id: '984e46a0df6b388e7d4f91bf49dca125') in 0.0567936 seconds
Number of updated asset objects reloaded before import = 0Number of asset objects unloaded after import = 1

========================================================================
Received Import Request.
  Time since last request: 0.000064 seconds.
  path: Assets/Animation/Enemy/EnemyWalk.anim
  artifactKey: Guid(ce3c9afa1c9812b42831840b458a5467) Importer(2089858483,0ecaa5967403d082aa24f35e1b516d23)
Start importing Assets/Animation/Enemy/EnemyWalk.anim using Guid(ce3c9afa1c9812b42831840b458a5467) Importer(2089858483,0ecaa5967403d082aa24f35e1b516d23) (ScriptedImporter) -> (artifact id: '53ba7ceb89eb69a562446b9c69e8859d') in 0.0646096 seconds
Number of updated asset objects reloaded before import = 0Number of asset objects unloaded after import = 1

========================================================================
Received Import Request.
  Time since last request: 0.000032 seconds.
  path: Assets/Animation/UI/Text (Legacy) 1.controller
  artifactKey: Guid(c720da80abdb9584d980700402088530) Importer(2089858483,0ecaa5967403d082aa24f35e1b516d23)
Start importing Assets/Animation/UI/Text (Legacy) 1.controller using Guid(c720da80abdb9584d980700402088530) Importer(2089858483,0ecaa5967403d082aa24f35e1b516d23) (ScriptedImporter) -> (artifact id: '8d89818f981d0b71af66124a63b0d7cf') in 0.0474564 seconds
Number of updated asset objects reloaded before import = 0Number of asset objects unloaded after import = 4

========================================================================
Received Import Request.
  Time since last request: 0.000198 seconds.
  path: Assets/Animation/UI/Text (Legacy).controller
  artifactKey: Guid(38d9b973b8b8eff4a8d2cee4f6048423) Importer(2089858483,0ecaa5967403d082aa24f35e1b516d23)
Start importing Assets/Animation/UI/Text (Legacy).controller using Guid(38d9b973b8b8eff4a8d2cee4f6048423) Importer(2089858483,0ecaa5967403d082aa24f35e1b516d23) (ScriptedImporter) -> (artifact id: '3f7dd69e9e850fd624b2d85b4ba814d0') in 0.0483721 seconds
Number of updated asset objects reloaded before import = 0Number of asset objects unloaded after import = 4

========================================================================
Received Import Request.
  Time since last request: 0.000030 seconds.
  path: Assets/Audio/Music/Free Soundtrack - DnBCyberpunk 2 (Drum and Bass, D&B, breakbeat) - No Copyright (1).mp3
  artifactKey: Guid(e46e2e325b344ed46bdb366b77747cf9) Importer(2089858483,0ecaa5967403d082aa24f35e1b516d23)
Start importing Assets/Audio/Music/Free Soundtrack - DnBCyberpunk 2 (Drum and Bass, D&B, breakbeat) - No Copyright (1).mp3 using Guid(e46e2e325b344ed46bdb366b77747cf9) Importer(2089858483,0ecaa5967403d082aa24f35e1b516d23) (ScriptedImporter) -> (artifact id: '5d46e2fef889bc65702aa478813a216e') in 0.1372512 seconds
Number of updated asset objects reloaded before import = 0Number of asset objects unloaded after import = 1

========================================================================
Received Import Request.
  Time since last request: 0.000024 seconds.
  path: Assets/Import
  artifactKey: Guid(845e7b9a00679724db46f288628a4b37) Importer(815301076,1909f56bfc062723c751e8b465ee728b)
Start importing Assets/Import using Guid(845e7b9a00679724db46f288628a4b37) Importer(815301076,1909f56bfc062723c751e8b465ee728b) (PreviewImporter) -> (artifact id: '613d2e7daa64c26aa1e9e8010b2be027') in 0.0027517 seconds
Number of updated asset objects reloaded before import = 0Number of asset objects unloaded after import = 0

========================================================================
Received Import Request.
  Time since last request: 0.000038 seconds.
  path: Assets/Audio/Music/Musique Dynamique Libre de Droits Gratuite Electro House  Peyruis - Bonjour.mp3
  artifactKey: Guid(a3c6e23fde9b3374da4fc9303f4f4121) Importer(2089858483,0ecaa5967403d082aa24f35e1b516d23)
Start importing Assets/Audio/Music/Musique Dynamique Libre de Droits Gratuite Electro House  Peyruis - Bonjour.mp3 using Guid(a3c6e23fde9b3374da4fc9303f4f4121) Importer(2089858483,0ecaa5967403d082aa24f35e1b516d23) (ScriptedImporter) -> (artifact id: 'ac2cb5f0f352aad8f7f1a0b9bd03dc29') in 0.1067277 seconds
Number of updated asset objects reloaded before import = 0Number of asset objects unloaded after import = 1

========================================================================
Received Import Request.
  Time since last request: 0.000029 seconds.
  path: Assets/Import/Prototype_Player.png
  artifactKey: Guid(fdd70aab1f05e9348b4da660e2f126f1) Importer(815301076,1909f56bfc062723c751e8b465ee728b)
Start importing Assets/Import/Prototype_Player.png using Guid(fdd70aab1f05e9348b4da660e2f126f1) Importer(815301076,1909f56bfc062723c751e8b465ee728b) (PreviewImporter) -> (artifact id: '6373c58e6192eca15dba12ad369ff195') in 0.2935945 seconds
Number of updated asset objects reloaded before import = 0Number of asset objects unloaded after import = 21

========================================================================
Received Import Request.
  Time since last request: 0.000062 seconds.
  path: Assets/Audio/Music/TIK TOK [ Royalty FREE USE ] - [ Drum & Bass ] [No Copyright Sound] Kraedt - Surface.mp3
  artifactKey: Guid(47a9881998703d24fbe1801151beb1a1) Importer(2089858483,0ecaa5967403d082aa24f35e1b516d23)
Start importing Assets/Audio/Music/TIK TOK [ Royalty FREE USE ] - [ Drum & Bass ] [No Copyright Sound] Kraedt - Surface.mp3 using Guid(47a9881998703d24fbe1801151beb1a1) Importer(2089858483,0ecaa5967403d082aa24f35e1b516d23) (ScriptedImporter) -> (artifact id: 'c3a2587b9125acc6b076b38b6999e11f') in 0.1219217 seconds
Number of updated asset objects reloaded before import = 0Number of asset objects unloaded after import = 1

========================================================================
Received Import Request.
  Time since last request: 0.000024 seconds.
  path: Assets/Import/playerPrototype.png
  artifactKey: Guid(faa9bb41222969740a6ad32402941d55) Importer(815301076,1909f56bfc062723c751e8b465ee728b)
Start importing Assets/Import/playerPrototype.png using Guid(faa9bb41222969740a6ad32402941d55) Importer(815301076,1909f56bfc062723c751e8b465ee728b) (PreviewImporter) -> (artifact id: '2a2228871e6c6b4e4f1162f565ae6053') in 0.0775089 seconds
Number of updated asset objects reloaded before import = 0Number of asset objects unloaded after import = 3

========================================================================
Received Import Request.
  Time since last request: 0.000033 seconds.
  path: Assets/Import/téléchargement (1).jpeg
  artifactKey: Guid(6d570759975e6a24a88c108b6ff7a88f) Importer(815301076,1909f56bfc062723c751e8b465ee728b)
Start importing Assets/Import/téléchargement (1).jpeg using Guid(6d570759975e6a24a88c108b6ff7a88f) Importer(815301076,1909f56bfc062723c751e8b465ee728b) (PreviewImporter) -> (artifact id: 'ef31e043bce009f983ea487d5f1b168d') in 0.0623459 seconds
Number of updated asset objects reloaded before import = 0Number of asset objects unloaded after import = 3

========================================================================
Received Import Request.
  Time since last request: 0.000035 seconds.
  path: Assets/Audio/SFX/item-equip-6904.mp3
  artifactKey: Guid(be639eea0dbbe784c880c2d466908e10) Importer(2089858483,0ecaa5967403d082aa24f35e1b516d23)
Start importing Assets/Audio/SFX/item-equip-6904.mp3 using Guid(be639eea0dbbe784c880c2d466908e10) Importer(2089858483,0ecaa5967403d082aa24f35e1b516d23) (ScriptedImporter) -> (artifact id: '1fe09f8e938dc7807a7829eaabddf9db') in 0.0904642 seconds
Number of updated asset objects reloaded before import = 0Number of asset objects unloaded after import = 1

========================================================================
Received Import Request.
  Time since last request: 0.000030 seconds.
  path: Assets/Import/images.jpeg
  artifactKey: Guid(e94a629dfcc3a65499a547fd7d5b3ff3) Importer(815301076,1909f56bfc062723c751e8b465ee728b)
Start importing Assets/Import/images.jpeg using Guid(e94a629dfcc3a65499a547fd7d5b3ff3) Importer(815301076,1909f56bfc062723c751e8b465ee728b) (PreviewImporter) -> (artifact id: 'd83a185d2932c278cd62f4c22f7a2138') in 0.0668256 seconds
Number of updated asset objects reloaded before import = 0Number of asset objects unloaded after import = 3

========================================================================
Received Import Request.
  Time since last request: 0.000196 seconds.
  path: Assets/Import/New Material.mat
  artifactKey: Guid(e184ebc396c1b224c9cd389da6447f46) Importer(815301076,1909f56bfc062723c751e8b465ee728b)
Start importing Assets/Import/New Material.mat using Guid(e184ebc396c1b224c9cd389da6447f46) Importer(815301076,1909f56bfc062723c751e8b465ee728b) (PreviewImporter)CommandBuffer: temporary render texture  not found while executing  (Copy source)
UnityEngine.Debug:ExtractStackTraceNoAlloc (byte*,int,string)
UnityEngine.StackTraceUtility:ExtractStackTrace ()
UnityEngine.Rendering.ScriptableRenderContext:Submit ()
UnityEngine.Rendering.Universal.UniversalRenderPipeline:RenderSingleCamera (UnityEngine.Rendering.ScriptableRenderContext,UnityEngine.Rendering.Universal.UniversalCameraData) (at ./Library/PackageCache/com.unity.render-pipelines.universal@ba467ec059b9/Runtime/UniversalRenderPipeline.cs:891)
UnityEngine.Rendering.Universal.UniversalRenderPipeline:RenderSingleCameraInternal (UnityEngine.Rendering.ScriptableRenderContext,UnityEngine.Camera,UnityEngine.Rendering.Universal.UniversalAdditionalCameraData&,bool) (at ./Library/PackageCache/com.unity.render-pipelines.universal@ba467ec059b9/Runtime/UniversalRenderPipeline.cs:691)
UnityEngine.Rendering.Universal.UniversalRenderPipeline:RenderSingleCameraInternal (UnityEngine.Rendering.ScriptableRenderContext,UnityEngine.Camera,bool) (at ./Library/PackageCache/com.unity.render-pipelines.universal@ba467ec059b9/Runtime/UniversalRenderPipeline.cs:666)
UnityEngine.Rendering.Universal.UniversalRenderPipeline:Render (UnityEngine.Rendering.ScriptableRenderContext,System.Collections.Generic.List`1<UnityEngine.Camera>) (at ./Library/PackageCache/com.unity.render-pipelines.universal@ba467ec059b9/Runtime/UniversalRenderPipeline.cs:483)
UnityEngine.Rendering.RenderPipeline:InternalRender (UnityEngine.Rendering.ScriptableRenderContext,System.Collections.Generic.List`1<UnityEngine.Camera>)
UnityEngine.Rendering.RenderPipelineManager:DoRenderLoop_Internal (UnityEngine.Rendering.RenderPipelineAsset,intptr,UnityEngine.Object,Unity.Collections.LowLevel.Unsafe.AtomicSafetyHandle)
UnityEngine.Camera:Render ()
UnityEditor.PreviewRenderUtility:Render (bool,bool)
UnityEditor.MaterialEditor:DoRenderPreview (UnityEditor.PreviewRenderUtility,bool)
UnityEditor.MaterialEditor:RenderStaticPreview (string,UnityEngine.Object[],int,int)
UnityEditor.AssetPreviewUpdater:CreatePreview (UnityEngine.Object,UnityEngine.Object[],string,int,int)
UnityEditor.AssetPreviewUpdater:CreatePreviewForAsset (UnityEngine.Object,UnityEngine.Object[],string)

[./Library/PackageCache/com.unity.render-pipelines.universal@ba467ec059b9/Runtime/UniversalRenderPipeline.cs line 891]

CommandBuffer: temporary render texture  not found while executing  (Copy destination)
UnityEngine.Debug:ExtractStackTraceNoAlloc (byte*,int,string)
UnityEngine.StackTraceUtility:ExtractStackTrace ()
UnityEngine.Rendering.ScriptableRenderContext:Submit ()
UnityEngine.Rendering.Universal.UniversalRenderPipeline:RenderSingleCamera (UnityEngine.Rendering.ScriptableRenderContext,UnityEngine.Rendering.Universal.UniversalCameraData) (at ./Library/PackageCache/com.unity.render-pipelines.universal@ba467ec059b9/Runtime/UniversalRenderPipeline.cs:891)
UnityEngine.Rendering.Universal.UniversalRenderPipeline:RenderSingleCameraInternal (UnityEngine.Rendering.ScriptableRenderContext,UnityEngine.Camera,UnityEngine.Rendering.Universal.UniversalAdditionalCameraData&,bool) (at ./Library/PackageCache/com.unity.render-pipelines.universal@ba467ec059b9/Runtime/UniversalRenderPipeline.cs:691)
UnityEngine.Rendering.Universal.UniversalRenderPipeline:RenderSingleCameraInternal (UnityEngine.Rendering.ScriptableRenderContext,UnityEngine.Camera,bool) (at ./Library/PackageCache/com.unity.render-pipelines.universal@ba467ec059b9/Runtime/UniversalRenderPipeline.cs:666)
UnityEngine.Rendering.Universal.UniversalRenderPipeline:Render (UnityEngine.Rendering.ScriptableRenderContext,System.Collections.Generic.List`1<UnityEngine.Camera>) (at ./Library/PackageCache/com.unity.render-pipelines.universal@ba467ec059b9/Runtime/UniversalRenderPipeline.cs:483)
UnityEngine.Rendering.RenderPipeline:InternalRender (UnityEngine.Rendering.ScriptableRenderContext,System.Collections.Generic.List`1<UnityEngine.Camera>)
UnityEngine.Rendering.RenderPipelineManager:DoRenderLoop_Internal (UnityEngine.Rendering.RenderPipelineAsset,intptr,UnityEngine.Object,Unity.Collections.LowLevel.Unsafe.AtomicSafetyHandle)
UnityEngine.Camera:Render ()
UnityEditor.PreviewRenderUtility:Render (bool,bool)
UnityEditor.MaterialEditor:DoRenderPreview (UnityEditor.PreviewRenderUtility,bool)
UnityEditor.MaterialEditor:RenderStaticPreview (string,UnityEngine.Object[],int,int)
UnityEditor.AssetPreviewUpdater:CreatePreview (UnityEngine.Object,UnityEngine.Object[],string,int,int)
UnityEditor.AssetPreviewUpdater:CreatePreviewForAsset (UnityEngine.Object,UnityEngine.Object[],string)

[./Library/PackageCache/com.unity.render-pipelines.universal@ba467ec059b9/Runtime/UniversalRenderPipeline.cs line 891]

 -> (artifact id: '278a4b74f8766575106fdf59b9829faf') in 2.1780917 seconds
Number of updated asset objects reloaded before import = 0Number of asset objects unloaded after import = 4

========================================================================
Received Import Request.
  Time since last request: 0.000059 seconds.
  path: Assets/Script/ItemActionPanel.cs
  artifactKey: Guid(f240e34cd7c495840a8fd086adf52fd7) Importer(2089858483,0ecaa5967403d082aa24f35e1b516d23)
Start importing Assets/Script/ItemActionPanel.cs using Guid(f240e34cd7c495840a8fd086adf52fd7) Importer(2089858483,0ecaa5967403d082aa24f35e1b516d23) (ScriptedImporter) -> (artifact id: 'c12b2bbc878dcceaf39a5f080513e9c0') in 0.0425343 seconds
Number of updated asset objects reloaded before import = 0Number of asset objects unloaded after import = 0

========================================================================
Received Import Request.
  Time since last request: 0.000037 seconds.
  path: Assets/Script/ItemEffect.cs
  artifactKey: Guid(fd5233f1bae844b4eb35a741ed966619) Importer(2089858483,0ecaa5967403d082aa24f35e1b516d23)
Start importing Assets/Script/ItemEffect.cs using Guid(fd5233f1bae844b4eb35a741ed966619) Importer(2089858483,0ecaa5967403d082aa24f35e1b516d23) (ScriptedImporter) -> (artifact id: '16edb245cc590aa3cd3f55b7784a594e') in 0.057108 seconds
Number of updated asset objects reloaded before import = 0Number of asset objects unloaded after import = 0

========================================================================
Received Import Request.
  Time since last request: 0.000391 seconds.
  path: Assets/Import/splash.png
  artifactKey: Guid(66b26bcd085b58a43952b44237c961a8) Importer(2089858483,0ecaa5967403d082aa24f35e1b516d23)
Start importing Assets/Import/splash.png using Guid(66b26bcd085b58a43952b44237c961a8) Importer(2089858483,0ecaa5967403d082aa24f35e1b516d23) (ScriptedImporter) -> (artifact id: '0b65004875458fd3d7f03c67ce73acd0') in 0.0573047 seconds
Number of updated asset objects reloaded before import = 0Number of asset objects unloaded after import = 3

========================================================================
Received Import Request.
  Time since last request: 0.000130 seconds.
  path: Assets/Import/CLOSEBUTTON.png
  artifactKey: Guid(9dedb0f62637d7e4f8b44ca64cf37f94) Importer(2089858483,0ecaa5967403d082aa24f35e1b516d23)
Start importing Assets/Import/CLOSEBUTTON.png using Guid(9dedb0f62637d7e4f8b44ca64cf37f94) Importer(2089858483,0ecaa5967403d082aa24f35e1b516d23) (ScriptedImporter) -> (artifact id: '6835ebf6b92c1404a47e3f68c6e2644b') in 0.0608646 seconds
Number of updated asset objects reloaded before import = 0Number of asset objects unloaded after import = 3

========================================================================
Received Import Request.
  Time since last request: 0.000057 seconds.
  path: Assets/Audio/SFX/Splat - Sound Effect (HD).mp3
  artifactKey: Guid(cc33e0a3123dcb745a78e32e2e9596b8) Importer(2089858483,0ecaa5967403d082aa24f35e1b516d23)
Start importing Assets/Audio/SFX/Splat - Sound Effect (HD).mp3 using Guid(cc33e0a3123dcb745a78e32e2e9596b8) Importer(2089858483,0ecaa5967403d082aa24f35e1b516d23) (ScriptedImporter) -> (artifact id: 'e14590adbef9736e769f40e054c28d52') in 0.1552436 seconds
Number of updated asset objects reloaded before import = 0Number of asset objects unloaded after import = 1

========================================================================
Received Import Request.
  Time since last request: 0.000111 seconds.
  path: Assets/Animation/PlayerWalk.anim
  artifactKey: Guid(bffeaeea797064745bff37376f315163) Importer(2089858483,0ecaa5967403d082aa24f35e1b516d23)
Start importing Assets/Animation/PlayerWalk.anim using Guid(bffeaeea797064745bff37376f315163) Importer(2089858483,0ecaa5967403d082aa24f35e1b516d23) (ScriptedImporter) -> (artifact id: 'bd6554c9a449cd2e4194da2ec28d3730') in 0.0490228 seconds
Number of updated asset objects reloaded before import = 0Number of asset objects unloaded after import = 1

========================================================================
Received Import Request.
  Time since last request: 0.000138 seconds.
  path: Assets/Script/ParticlesController.cs
  artifactKey: Guid(0211e224cd6367641aa4283402cad70c) Importer(2089858483,0ecaa5967403d082aa24f35e1b516d23)
Start importing Assets/Script/ParticlesController.cs using Guid(0211e224cd6367641aa4283402cad70c) Importer(2089858483,0ecaa5967403d082aa24f35e1b516d23) (ScriptedImporter) -> (artifact id: 'c7d1377841145b8ff2d4ce25ca52bc46') in 0.0667664 seconds
Number of updated asset objects reloaded before import = 0Number of asset objects unloaded after import = 0

========================================================================
Received Import Request.
  Time since last request: 0.000054 seconds.
  path: Assets/Script/Singleton.cs
  artifactKey: Guid(ef64ff067c344454ea18adbb5caf34d8) Importer(2089858483,0ecaa5967403d082aa24f35e1b516d23)
Start importing Assets/Script/Singleton.cs using Guid(ef64ff067c344454ea18adbb5caf34d8) Importer(2089858483,0ecaa5967403d082aa24f35e1b516d23) (ScriptedImporter) -> (artifact id: 'd4e79e44c17fb375149a43722a5a52df') in 0.0420487 seconds
Number of updated asset objects reloaded before import = 0Number of asset objects unloaded after import = 0

========================================================================
Received Import Request.
  Time since last request: 0.000294 seconds.
  path: Assets/Import/Prototype_Character.png
  artifactKey: Guid(5210b0833c036c345b8b26600c72baa8) Importer(2089858483,0ecaa5967403d082aa24f35e1b516d23)
Start importing Assets/Import/Prototype_Character.png using Guid(5210b0833c036c345b8b26600c72baa8) Importer(2089858483,0ecaa5967403d082aa24f35e1b516d23) (ScriptedImporter) -> (artifact id: '2ec472b06745f9be67ed6c0fb6f40408') in 0.2785097 seconds
Number of updated asset objects reloaded before import = 0Number of asset objects unloaded after import = 35

========================================================================
Received Import Request.
  Time since last request: 0.000065 seconds.
  path: Assets/Material/New Material 6.mat
  artifactKey: Guid(5058156fbff908548adb5d94c03f299d) Importer(2089858483,0ecaa5967403d082aa24f35e1b516d23)
Start importing Assets/Material/New Material 6.mat using Guid(5058156fbff908548adb5d94c03f299d) Importer(2089858483,0ecaa5967403d082aa24f35e1b516d23) (ScriptedImporter) -> (artifact id: 'a6232955aa2f9de3f061e8090fc9234b') in 0.0459146 seconds
Number of updated asset objects reloaded before import = 0Number of asset objects unloaded after import = 2

========================================================================
Received Import Request.
  Time since last request: 0.000059 seconds.
  path: Assets/Animation/PlayerWalkNextTo.anim
  artifactKey: Guid(aa47e59d833d772499535c611a845c19) Importer(2089858483,0ecaa5967403d082aa24f35e1b516d23)
Start importing Assets/Animation/PlayerWalkNextTo.anim using Guid(aa47e59d833d772499535c611a845c19) Importer(2089858483,0ecaa5967403d082aa24f35e1b516d23) (ScriptedImporter) -> (artifact id: '294f20877dec33935baad206b918e02c') in 0.0414507 seconds
Number of updated asset objects reloaded before import = 0Number of asset objects unloaded after import = 1

========================================================================
Received Import Request.
  Time since last request: 0.000037 seconds.
  path: Assets/Script/PlayerMovement.cs
  artifactKey: Guid(5ff90b9ebd84c64458b4215c4d8173d5) Importer(2089858483,0ecaa5967403d082aa24f35e1b516d23)
Start importing Assets/Script/PlayerMovement.cs using Guid(5ff90b9ebd84c64458b4215c4d8173d5) Importer(2089858483,0ecaa5967403d082aa24f35e1b516d23) (ScriptedImporter) -> (artifact id: '7b52bd9b57d05b344fcccd7062ec9ea9') in 0.037362 seconds
Number of updated asset objects reloaded before import = 0Number of asset objects unloaded after import = 0

========================================================================
Received Import Request.
  Time since last request: 0.000076 seconds.
  path: Assets/Settings/SampleSceneProfile.asset
  artifactKey: Guid(a6560a915ef98420e9faacc1c7438823) Importer(2089858483,0ecaa5967403d082aa24f35e1b516d23)
Start importing Assets/Settings/SampleSceneProfile.asset using Guid(a6560a915ef98420e9faacc1c7438823) Importer(2089858483,0ecaa5967403d082aa24f35e1b516d23) (ScriptedImporter) -> (artifact id: '854ff3d78833621a2e3e47ac0c74a005') in 0.0559138 seconds
Number of updated asset objects reloaded before import = 0Number of asset objects unloaded after import = 4

========================================================================
Received Import Request.
  Time since last request: 0.000038 seconds.
  path: Assets/Readme.asset
  artifactKey: Guid(8105016687592461f977c054a80ce2f2) Importer(2089858483,0ecaa5967403d082aa24f35e1b516d23)
Start importing Assets/Readme.asset using Guid(8105016687592461f977c054a80ce2f2) Importer(2089858483,0ecaa5967403d082aa24f35e1b516d23) (ScriptedImporter) -> (artifact id: 'cd7d05af3e8afd505049d2091b3db25e') in 0.0507512 seconds
Number of updated asset objects reloaded before import = 0Number of asset objects unloaded after import = 2

========================================================================
Received Import Request.
  Time since last request: 0.000075 seconds.
  path: Assets/Terrain/TerrainData_8bcbd103-e3f2-4061-bcf7-61eaa9a18737.asset
  artifactKey: Guid(758944886010952459502a3a1ed8c5fd) Importer(2089858483,0ecaa5967403d082aa24f35e1b516d23)
Start importing Assets/Terrain/TerrainData_8bcbd103-e3f2-4061-bcf7-61eaa9a18737.asset using Guid(758944886010952459502a3a1ed8c5fd) Importer(2089858483,0ecaa5967403d082aa24f35e1b516d23) (ScriptedImporter) -> (artifact id: '8732c3929863f5ea311f9484721ebbe1') in 0.0955603 seconds
Number of updated asset objects reloaded before import = 0Number of asset objects unloaded after import = 1

========================================================================
Received Import Request.
  Time since last request: 0.000033 seconds.
  path: Assets/Import/Font/Deep Shadow Over.ttf
  artifactKey: Guid(966dee5467598ad47a5e7fbc48463faf) Importer(2089858483,0ecaa5967403d082aa24f35e1b516d23)
Start importing Assets/Import/Font/Deep Shadow Over.ttf using Guid(966dee5467598ad47a5e7fbc48463faf) Importer(2089858483,0ecaa5967403d082aa24f35e1b516d23) (ScriptedImporter) -> (artifact id: '01fdde7376ebde8aa8e8cc314fffd98e') in 0.0619327 seconds
Number of updated asset objects reloaded before import = 0Number of asset objects unloaded after import = 3

========================================================================
Received Import Request.
  Time since last request: 0.000046 seconds.
  path: Assets/Import/Untitled_09-10-2022_11-01-46-20.png
  artifactKey: Guid(0031e100870b91a49a7a2c3370c51a56) Importer(2089858483,0ecaa5967403d082aa24f35e1b516d23)
Start importing Assets/Import/Untitled_09-10-2022_11-01-46-20.png using Guid(0031e100870b91a49a7a2c3370c51a56) Importer(2089858483,0ecaa5967403d082aa24f35e1b516d23) (ScriptedImporter) -> (artifact id: '8a9e42e1eb6cbde008aa594682461020') in 1.0028876 seconds
Number of updated asset objects reloaded before import = 0Number of asset objects unloaded after import = 197

========================================================================
Received Import Request.
  Time since last request: 0.000278 seconds.
  path: Assets/Import/Font/pixelmix SDF.asset
  artifactKey: Guid(dfd8585a6ef57e349b37be84a930fcf3) Importer(2089858483,0ecaa5967403d082aa24f35e1b516d23)
Start importing Assets/Import/Font/pixelmix SDF.asset using Guid(dfd8585a6ef57e349b37be84a930fcf3) Importer(2089858483,0ecaa5967403d082aa24f35e1b516d23) (ScriptedImporter) -> (artifact id: '359f447ee5faf69dce953412364eba83') in 0.1950931 seconds
Number of updated asset objects reloaded before import = 0Number of asset objects unloaded after import = 3

========================================================================
Received Import Request.
  Time since last request: 0.000064 seconds.
  path: Assets/Import/Font/pixelmix_bold.ttf
  artifactKey: Guid(8f64581f93579d24b92b6432848c7aff) Importer(2089858483,0ecaa5967403d082aa24f35e1b516d23)
Start importing Assets/Import/Font/pixelmix_bold.ttf using Guid(8f64581f93579d24b92b6432848c7aff) Importer(2089858483,0ecaa5967403d082aa24f35e1b516d23) (ScriptedImporter) -> (artifact id: '8e58823d44ee2bbffe6d1ae2ef13a65b') in 0.0516183 seconds
Number of updated asset objects reloaded before import = 0Number of asset objects unloaded after import = 3

========================================================================
Received Import Request.
  Time since last request: 0.000053 seconds.
  path: Assets/Import/Circle.png
  artifactKey: Guid(325abb7913683594c833f0dc3b7cdc42) Importer(2089858483,0ecaa5967403d082aa24f35e1b516d23)
Start importing Assets/Import/Circle.png using Guid(325abb7913683594c833f0dc3b7cdc42) Importer(2089858483,0ecaa5967403d082aa24f35e1b516d23) (ScriptedImporter) -> (artifact id: '18c6f9c0a3627da23397bc6a20ec6c02') in 0.0778676 seconds
Number of updated asset objects reloaded before import = 0Number of asset objects unloaded after import = 3

========================================================================
Received Import Request.
  Time since last request: 0.000363 seconds.
  path: Assets/Script/MainMenu.cs
  artifactKey: Guid(20e2ecb4756fdcf4f86573202c2589a5) Importer(2089858483,0ecaa5967403d082aa24f35e1b516d23)
Start importing Assets/Script/MainMenu.cs using Guid(20e2ecb4756fdcf4f86573202c2589a5) Importer(2089858483,0ecaa5967403d082aa24f35e1b516d23) (ScriptedImporter) -> (artifact id: '2b51ef8029d95a44dfe7ec83d526f12e') in 0.0461995 seconds
Number of updated asset objects reloaded before import = 0Number of asset objects unloaded after import = 0

========================================================================
Received Import Request.
  Time since last request: 0.000036 seconds.
  path: Assets/Import/Inventory and Stats/HP Icon.png
  artifactKey: Guid(a58dd0fc2c32ea04bb15df6f510653d7) Importer(2089858483,0ecaa5967403d082aa24f35e1b516d23)
Start importing Assets/Import/Inventory and Stats/HP Icon.png using Guid(a58dd0fc2c32ea04bb15df6f510653d7) Importer(2089858483,0ecaa5967403d082aa24f35e1b516d23) (ScriptedImporter) -> (artifact id: 'd80f0fc11f5af00fa072f2692ebdc4a2') in 0.0739238 seconds
Number of updated asset objects reloaded before import = 0Number of asset objects unloaded after import = 1

========================================================================
Received Import Request.
  Time since last request: 0.000064 seconds.
  path: Assets/Import/Inventory and Stats/Inventory Cell.png
  artifactKey: Guid(907e13df908685947848e5f635cc228a) Importer(2089858483,0ecaa5967403d082aa24f35e1b516d23)
Start importing Assets/Import/Inventory and Stats/Inventory Cell.png using Guid(907e13df908685947848e5f635cc228a) Importer(2089858483,0ecaa5967403d082aa24f35e1b516d23) (ScriptedImporter) -> (artifact id: 'b6aaf13bb777c690b5dd0f06a7dbf493') in 0.0657856 seconds
Number of updated asset objects reloaded before import = 0Number of asset objects unloaded after import = 3

========================================================================
Received Import Request.
  Time since last request: 0.000044 seconds.
  path: Assets/Import/Inventory and Stats/Inventory Stats Empty.png
  artifactKey: Guid(e2af3d83844ea694981bb13f31219b1f) Importer(2089858483,0ecaa5967403d082aa24f35e1b516d23)
Start importing Assets/Import/Inventory and Stats/Inventory Stats Empty.png using Guid(e2af3d83844ea694981bb13f31219b1f) Importer(2089858483,0ecaa5967403d082aa24f35e1b516d23) (ScriptedImporter) -> (artifact id: 'bda8879afee063df40c79bf594a50b1f') in 0.0677006 seconds
Number of updated asset objects reloaded before import = 0Number of asset objects unloaded after import = 3

========================================================================
Received Import Request.
  Time since last request: 0.000047 seconds.
  path: Assets/Prefab/Player.prefab
  artifactKey: Guid(8b23e00394ed65f4bb4ff9fade73e8ca) Importer(2089858483,0ecaa5967403d082aa24f35e1b516d23)
Start importing Assets/Prefab/Player.prefab using Guid(8b23e00394ed65f4bb4ff9fade73e8ca) Importer(2089858483,0ecaa5967403d082aa24f35e1b516d23) (ScriptedImporter) -> (artifact id: '98099c2ba97ec823f187849ff16bd43f') in 0.324217 seconds
Number of updated asset objects reloaded before import = 0Number of asset objects unloaded after import = 83

========================================================================
Received Import Request.
  Time since last request: 0.000044 seconds.
  path: Assets/Import/téléchargement (2).jpeg
  artifactKey: Guid(52914cc7e7a05d6429db8998c5c80f8b) Importer(2089858483,0ecaa5967403d082aa24f35e1b516d23)
Start importing Assets/Import/téléchargement (2).jpeg using Guid(52914cc7e7a05d6429db8998c5c80f8b) Importer(2089858483,0ecaa5967403d082aa24f35e1b516d23) (ScriptedImporter) -> (artifact id: '9bc04c134c100c310a2396accc99098b') in 0.0613727 seconds
Number of updated asset objects reloaded before import = 0Number of asset objects unloaded after import = 3

========================================================================
Received Import Request.
  Time since last request: 0.000082 seconds.
  path: Assets/Import/Inventory and Stats/Weight Icon.png
  artifactKey: Guid(51f311f863de18849853125d000061a5) Importer(2089858483,0ecaa5967403d082aa24f35e1b516d23)
Start importing Assets/Import/Inventory and Stats/Weight Icon.png using Guid(51f311f863de18849853125d000061a5) Importer(2089858483,0ecaa5967403d082aa24f35e1b516d23) (ScriptedImporter) -> (artifact id: '3c64f8594e34adf9e7c101b7c6e1fb30') in 0.0871413 seconds
Number of updated asset objects reloaded before import = 0Number of asset objects unloaded after import = 1

========================================================================
Received Import Request.
  Time since last request: 0.000098 seconds.
  path: Assets/Material/New Material.mat
  artifactKey: Guid(b576edda74e44754a9923930f55eee41) Importer(2089858483,0ecaa5967403d082aa24f35e1b516d23)
Start importing Assets/Material/New Material.mat using Guid(b576edda74e44754a9923930f55eee41) Importer(2089858483,0ecaa5967403d082aa24f35e1b516d23) (ScriptedImporter) -> (artifact id: '35ae5b0c1df10eeafd83d7c29e281566') in 0.0979861 seconds
Number of updated asset objects reloaded before import = 0Number of asset objects unloaded after import = 1

========================================================================
Received Import Request.
  Time since last request: 0.000050 seconds.
  path: Assets/Import/Model/CAKE.png
  artifactKey: Guid(21034a2ab72d3024cada0a2b02370ca2) Importer(2089858483,0ecaa5967403d082aa24f35e1b516d23)
Start importing Assets/Import/Model/CAKE.png using Guid(21034a2ab72d3024cada0a2b02370ca2) Importer(2089858483,0ecaa5967403d082aa24f35e1b516d23) (ScriptedImporter) -> (artifact id: 'aa66007001a3b89ccee1ce543a748f65') in 0.1035259 seconds
Number of updated asset objects reloaded before import = 0Number of asset objects unloaded after import = 1

========================================================================
Received Import Request.
  Time since last request: 0.000062 seconds.
  path: Assets/Import/Model/Painter Tools_OBJ_MTL.mtl
  artifactKey: Guid(6c8da0737ba98934e807b50e38475683) Importer(2089858483,0ecaa5967403d082aa24f35e1b516d23)
Start importing Assets/Import/Model/Painter Tools_OBJ_MTL.mtl using Guid(6c8da0737ba98934e807b50e38475683) Importer(2089858483,0ecaa5967403d082aa24f35e1b516d23) (ScriptedImporter) -> (artifact id: '4c46efbf546089af61b683a42ca4597c') in 0.0509204 seconds
Number of updated asset objects reloaded before import = 0Number of asset objects unloaded after import = 1

========================================================================
Received Import Request.
  Time since last request: 0.000051 seconds.
  path: Assets/Script/CollisionPainter.cs
  artifactKey: Guid(f7bf443f31d336945b9c99289a171e70) Importer(2089858483,0ecaa5967403d082aa24f35e1b516d23)
Start importing Assets/Script/CollisionPainter.cs using Guid(f7bf443f31d336945b9c99289a171e70) Importer(2089858483,0ecaa5967403d082aa24f35e1b516d23) (ScriptedImporter) -> (artifact id: '641ad25de3a9b590462f20e78b612151') in 0.0386514 seconds
Number of updated asset objects reloaded before import = 0Number of asset objects unloaded after import = 0

========================================================================
Received Import Request.
  Time since last request: 0.000069 seconds.
  path: Assets/Scenes
  artifactKey: Guid(b1c760149381644419aa2926dd1a5d23) Importer(815301076,1909f56bfc062723c751e8b465ee728b)
Start importing Assets/Scenes using Guid(b1c760149381644419aa2926dd1a5d23) Importer(815301076,1909f56bfc062723c751e8b465ee728b) (PreviewImporter) -> (artifact id: 'bba655f90fc7f29258c21d4f37ad8d4d') in 0.0010183 seconds
Number of updated asset objects reloaded before import = 0Number of asset objects unloaded after import = 0

========================================================================
Received Import Request.
  Time since last request: 0.000063 seconds.
  path: Assets/Import/Model/Painter Tools_orginal file_Part01.mb
  artifactKey: Guid(02e432c608200a44e96f5958fbf24f7d) Importer(2089858483,0ecaa5967403d082aa24f35e1b516d23)
Start importing Assets/Import/Model/Painter Tools_orginal file_Part01.mb using Guid(02e432c608200a44e96f5958fbf24f7d) Importer(2089858483,0ecaa5967403d082aa24f35e1b516d23) (ScriptedImporter) -> (artifact id: 'b91fe2d5c0790a79acc0ec51a68e604b') in 0.1550539 seconds
Number of updated asset objects reloaded before import = 0Number of asset objects unloaded after import = 1

========================================================================
Received Import Request.
  Time since last request: 0.000043 seconds.
  path: Assets/Shaders/ExtendIslands.shader
  artifactKey: Guid(30512f6167fa0784ab310b688406279d) Importer(2089858483,0ecaa5967403d082aa24f35e1b516d23)
Start importing Assets/Shaders/ExtendIslands.shader using Guid(30512f6167fa0784ab310b688406279d) Importer(2089858483,0ecaa5967403d082aa24f35e1b516d23) (ScriptedImporter) -> (artifact id: '99f7b42265a417bab980bacace0fbbe0') in 0.0882152 seconds
Number of updated asset objects reloaded before import = 0Number of asset objects unloaded after import = 1

========================================================================
Received Import Request.
  Time since last request: 0.000076 seconds.
  path: Assets/Import/SimpleNaturePack/NewLayer 1.terrainlayer
  artifactKey: Guid(cd41c9ff4cce52e4f89b0fafe055c701) Importer(2089858483,0ecaa5967403d082aa24f35e1b516d23)
Start importing Assets/Import/SimpleNaturePack/NewLayer 1.terrainlayer using Guid(cd41c9ff4cce52e4f89b0fafe055c701) Importer(2089858483,0ecaa5967403d082aa24f35e1b516d23) (ScriptedImporter) -> (artifact id: '6f82c2f43751263dd8a18b7fbe0563a4') in 0.1108283 seconds
Number of updated asset objects reloaded before import = 0Number of asset objects unloaded after import = 2

========================================================================
Received Import Request.
  Time since last request: 0.000117 seconds.
  path: Assets/Shaders/TexturePainter.shader
  artifactKey: Guid(9472ed3696ab33d4ab23fb2a11915e0c) Importer(2089858483,0ecaa5967403d082aa24f35e1b516d23)
Start importing Assets/Shaders/TexturePainter.shader using Guid(9472ed3696ab33d4ab23fb2a11915e0c) Importer(2089858483,0ecaa5967403d082aa24f35e1b516d23) (ScriptedImporter) -> (artifact id: 'f8f7af7bc7d0ec3f32b6ec8a71ccf486') in 0.0753231 seconds
Number of updated asset objects reloaded before import = 0Number of asset objects unloaded after import = 1

========================================================================
Received Import Request.
  Time since last request: 0.000048 seconds.
  path: Assets/Audio/SFX/walk.mp3
  artifactKey: Guid(13583d35895a1d0429f0ab395bf6abca) Importer(2089858483,0ecaa5967403d082aa24f35e1b516d23)
Start importing Assets/Audio/SFX/walk.mp3 using Guid(13583d35895a1d0429f0ab395bf6abca) Importer(2089858483,0ecaa5967403d082aa24f35e1b516d23) (ScriptedImporter) -> (artifact id: 'edbaf5e1bfc3e1060122876701aeea1c') in 0.1396425 seconds
Number of updated asset objects reloaded before import = 0Number of asset objects unloaded after import = 1

========================================================================
Received Import Request.
  Time since last request: 0.000088 seconds.
  path: Assets/Terrain/New Terrain.asset
  artifactKey: Guid(9d26680726d47d9429e91651fc7f4015) Importer(2089858483,0ecaa5967403d082aa24f35e1b516d23)
Start importing Assets/Terrain/New Terrain.asset using Guid(9d26680726d47d9429e91651fc7f4015) Importer(2089858483,0ecaa5967403d082aa24f35e1b516d23) (ScriptedImporter) -> (artifact id: '0a6ef43f794ad09de7ae0ca77f5d03a3') in 0.0683082 seconds
Number of updated asset objects reloaded before import = 0Number of asset objects unloaded after import = 1

========================================================================
Received Import Request.
  Time since last request: 0.000039 seconds.
  path: Assets/Import/SimpleNaturePack/SimpleNaturePack_2020.3_HDRP_v1.24.unitypackage
  artifactKey: Guid(58f7e79a87c79824597746e8c1bfe400) Importer(2089858483,0ecaa5967403d082aa24f35e1b516d23)
Start importing Assets/Import/SimpleNaturePack/SimpleNaturePack_2020.3_HDRP_v1.24.unitypackage using Guid(58f7e79a87c79824597746e8c1bfe400) Importer(2089858483,0ecaa5967403d082aa24f35e1b516d23) (ScriptedImporter) -> (artifact id: 'b345cb0ba756969c268995f2737d2e2a') in 0.0709648 seconds
Number of updated asset objects reloaded before import = 0Number of asset objects unloaded after import = 1

========================================================================
Received Import Request.
  Time since last request: 0.000219 seconds.
  path: Assets/Terrain/New Physic Material.physicMaterial
  artifactKey: Guid(0aa01da6c4f2cd642ab69b83d5745f17) Importer(2089858483,0ecaa5967403d082aa24f35e1b516d23)
Start importing Assets/Terrain/New Physic Material.physicMaterial using Guid(0aa01da6c4f2cd642ab69b83d5745f17) Importer(2089858483,0ecaa5967403d082aa24f35e1b516d23) (ScriptedImporter) -> (artifact id: 'bd4bd818abcfecf2df2ec550fefdd603') in 0.0803075 seconds
Number of updated asset objects reloaded before import = 0Number of asset objects unloaded after import = 1

========================================================================
Received Import Request.
  Time since last request: 0.000054 seconds.
  path: Assets/Material/New Material 3.mat
  artifactKey: Guid(68cae2f27ba13c7429dceeb28f3a4049) Importer(815301076,1909f56bfc062723c751e8b465ee728b)
Start importing Assets/Material/New Material 3.mat using Guid(68cae2f27ba13c7429dceeb28f3a4049) Importer(815301076,1909f56bfc062723c751e8b465ee728b) (PreviewImporter) -> (artifact id: 'eb658e8ffa44cc58711d9f4136255172') in 5.9108307 seconds
Number of updated asset objects reloaded before import = 0Number of asset objects unloaded after import = 1

========================================================================
Received Import Request.
  Time since last request: 0.000038 seconds.
  path: Assets/Import/UI Bars/background-circle.psd
  artifactKey: Guid(9d8acfbbe55c67d45a330bbbbe9ff8f3) Importer(2089858483,0ecaa5967403d082aa24f35e1b516d23)
Start importing Assets/Import/UI Bars/background-circle.psd using Guid(9d8acfbbe55c67d45a330bbbbe9ff8f3) Importer(2089858483,0ecaa5967403d082aa24f35e1b516d23) (ScriptedImporter) -> (artifact id: '5b2de9c138d66132cb926853455498a0') in 0.06666 seconds
Number of updated asset objects reloaded before import = 0Number of asset objects unloaded after import = 3

========================================================================
Received Import Request.
  Time since last request: 0.000108 seconds.
  path: Assets/Import/UI Bars/ui-cicrcle.psd
  artifactKey: Guid(17e46315057ac6142a4576870b3463cb) Importer(2089858483,0ecaa5967403d082aa24f35e1b516d23)
Start importing Assets/Import/UI Bars/ui-cicrcle.psd using Guid(17e46315057ac6142a4576870b3463cb) Importer(2089858483,0ecaa5967403d082aa24f35e1b516d23) (ScriptedImporter) -> (artifact id: '7cf594f0c3c6a8b25ac56fd9ef7691bb') in 0.0787644 seconds
Number of updated asset objects reloaded before import = 0Number of asset objects unloaded after import = 3

========================================================================
Received Import Request.
  Time since last request: 0.000032 seconds.
  path: Assets/Material/New Material 5.mat
  artifactKey: Guid(c07b4135257bc1f46afe91c9583331a8) Importer(815301076,1909f56bfc062723c751e8b465ee728b)
Start importing Assets/Material/New Material 5.mat using Guid(c07b4135257bc1f46afe91c9583331a8) Importer(815301076,1909f56bfc062723c751e8b465ee728b) (PreviewImporter) -> (artifact id: '2a4f054f1b53aea169bf6e146f9996de') in 0.0786696 seconds
Number of updated asset objects reloaded before import = 0Number of asset objects unloaded after import = 1

========================================================================
Received Import Request.
  Time since last request: 0.000069 seconds.
  path: Assets/Materials/PaintableMaterials/PaintableWall 1.mat
  artifactKey: Guid(0ccec3b070a22304a92bc73833640dba) Importer(2089858483,0ecaa5967403d082aa24f35e1b516d23)
Start importing Assets/Materials/PaintableMaterials/PaintableWall 1.mat using Guid(0ccec3b070a22304a92bc73833640dba) Importer(2089858483,0ecaa5967403d082aa24f35e1b516d23) (ScriptedImporter) -> (artifact id: 'a0beb9f3f21d070b9ca51c93af69fba2') in 0.0711793 seconds
Number of updated asset objects reloaded before import = 0Number of asset objects unloaded after import = 2

========================================================================
Received Import Request.
  Time since last request: 0.000039 seconds.
  path: Assets/Materials/PaintableMaterials/Cube (1).prefab
  artifactKey: Guid(1650fb2b61aadc84f8f08024c5459543) Importer(2089858483,0ecaa5967403d082aa24f35e1b516d23)
Start importing Assets/Materials/PaintableMaterials/Cube (1).prefab using Guid(1650fb2b61aadc84f8f08024c5459543) Importer(2089858483,0ecaa5967403d082aa24f35e1b516d23) (ScriptedImporter) -> (artifact id: '19f5e35a4b3eafac88f3df655ce6162a') in 0.0479124 seconds
Number of updated asset objects reloaded before import = 0Number of asset objects unloaded after import = 11

========================================================================
Received Import Request.
  Time since last request: 0.000039 seconds.
  path: Assets/Materials/New Material.mat
  artifactKey: Guid(cb6ebb88e7adf6e47994207532afa680) Importer(815301076,1909f56bfc062723c751e8b465ee728b)
Start importing Assets/Materials/New Material.mat using Guid(cb6ebb88e7adf6e47994207532afa680) Importer(815301076,1909f56bfc062723c751e8b465ee728b) (PreviewImporter) -> (artifact id: '67ef19f3443ed31a59dd5c05ca92b54e') in 0.1657992 seconds
Number of updated asset objects reloaded before import = 0Number of asset objects unloaded after import = 2

========================================================================
Received Import Request.
  Time since last request: 0.000034 seconds.
  path: Assets/Script/PaintingData.cs
  artifactKey: Guid(a9e1810f17217074a98d80180faf657f) Importer(2089858483,0ecaa5967403d082aa24f35e1b516d23)
Start importing Assets/Script/PaintingData.cs using Guid(a9e1810f17217074a98d80180faf657f) Importer(2089858483,0ecaa5967403d082aa24f35e1b516d23) (ScriptedImporter) -> (artifact id: 'aa1756efa316080d72bc80b17fdd8c48') in 0.0200952 seconds
Number of updated asset objects reloaded before import = 0Number of asset objects unloaded after import = 0

========================================================================
Received Import Request.
  Time since last request: 0.000055 seconds.
  path: Assets/Script/Inventory.cs
  artifactKey: Guid(ff405886be6864444bb5cfe4de5711ed) Importer(2089858483,0ecaa5967403d082aa24f35e1b516d23)
Start importing Assets/Script/Inventory.cs using Guid(ff405886be6864444bb5cfe4de5711ed) Importer(2089858483,0ecaa5967403d082aa24f35e1b516d23) (ScriptedImporter) -> (artifact id: '68ec5f20f7c4e515217f42db67bb11d1') in 0.0510761 seconds
Number of updated asset objects reloaded before import = 0Number of asset objects unloaded after import = 0

========================================================================
Received Import Request.
  Time since last request: 0.000026 seconds.
  path: Assets/Material/URPMaterial.mat
  artifactKey: Guid(e19d0633a5a20e64b913439379f7fb3a) Importer(815301076,1909f56bfc062723c751e8b465ee728b)
Start importing Assets/Material/URPMaterial.mat using Guid(e19d0633a5a20e64b913439379f7fb3a) Importer(815301076,1909f56bfc062723c751e8b465ee728b) (PreviewImporter) -> (artifact id: 'a699d2a205e6727a4f7e00b5e8a78358') in 0.0272531 seconds
Number of updated asset objects reloaded before import = 0Number of asset objects unloaded after import = 1

========================================================================
Received Import Request.
  Time since last request: 0.000029 seconds.
  path: Assets/Import/New Material.mat
  artifactKey: Guid(e184ebc396c1b224c9cd389da6447f46) Importer(2089858483,0ecaa5967403d082aa24f35e1b516d23)
Start importing Assets/Import/New Material.mat using Guid(e184ebc396c1b224c9cd389da6447f46) Importer(2089858483,0ecaa5967403d082aa24f35e1b516d23) (ScriptedImporter) -> (artifact id: '13e577fb403f2fb08c543faf4634b182') in 0.0283283 seconds
Number of updated asset objects reloaded before import = 0Number of asset objects unloaded after import = 3

========================================================================
Received Import Request.
  Time since last request: 0.000038 seconds.
  path: Assets/Animation/PlayerIdleNextTo.anim
  artifactKey: Guid(6bf70cf0432f48346a7706137defea33) Importer(2089858483,0ecaa5967403d082aa24f35e1b516d23)
Start importing Assets/Animation/PlayerIdleNextTo.anim using Guid(6bf70cf0432f48346a7706137defea33) Importer(2089858483,0ecaa5967403d082aa24f35e1b516d23) (ScriptedImporter) -> (artifact id: 'dd04a704e02be219e0161e388c04b6aa') in 0.0228688 seconds
Number of updated asset objects reloaded before import = 0Number of asset objects unloaded after import = 1

========================================================================
Received Import Request.
  Time since last request: 0.000036 seconds.
  path: Assets/Scenes/LevelTestScene.unity
  artifactKey: Guid(9fc0d4010bbf28b4594072e72b8655ab) Importer(2089858483,0ecaa5967403d082aa24f35e1b516d23)
Start importing Assets/Scenes/LevelTestScene.unity using Guid(9fc0d4010bbf28b4594072e72b8655ab) Importer(2089858483,0ecaa5967403d082aa24f35e1b516d23) (ScriptedImporter) -> (artifact id: 'eff88295d9fed32f7f14b05b7353daad') in 0.0219162 seconds
Number of updated asset objects reloaded before import = 0Number of asset objects unloaded after import = 1

========================================================================
Received Import Request.
  Time since last request: 0.000038 seconds.
  path: Assets/Import/téléchargement (1).jpeg
  artifactKey: Guid(6d570759975e6a24a88c108b6ff7a88f) Importer(2089858483,0ecaa5967403d082aa24f35e1b516d23)
Start importing Assets/Import/téléchargement (1).jpeg using Guid(6d570759975e6a24a88c108b6ff7a88f) Importer(2089858483,0ecaa5967403d082aa24f35e1b516d23) (ScriptedImporter) -> (artifact id: 'b7c48e05bddf34752e1cf0c366df3f0e') in 0.0623294 seconds
Number of updated asset objects reloaded before import = 0Number of asset objects unloaded after import = 3

========================================================================
Received Import Request.
  Time since last request: 0.000046 seconds.
  path: Assets/Material/New Material 6.mat
  artifactKey: Guid(5058156fbff908548adb5d94c03f299d) Importer(815301076,1909f56bfc062723c751e8b465ee728b)
Start importing Assets/Material/New Material 6.mat using Guid(5058156fbff908548adb5d94c03f299d) Importer(815301076,1909f56bfc062723c751e8b465ee728b) (PreviewImporter) -> (artifact id: 'c7d3630169b59f36604b543b627c2b77') in 0.0649101 seconds
Number of updated asset objects reloaded before import = 0Number of asset objects unloaded after import = 2

========================================================================
Received Import Request.
  Time since last request: 0.000036 seconds.
  path: Assets/Prefab/Enemy.prefab
  artifactKey: Guid(f21ca189780942241b7f8510fa91da06) Importer(2089858483,0ecaa5967403d082aa24f35e1b516d23)
Start importing Assets/Prefab/Enemy.prefab using Guid(f21ca189780942241b7f8510fa91da06) Importer(2089858483,0ecaa5967403d082aa24f35e1b516d23) (ScriptedImporter) -> (artifact id: '189bd5e6e0db2feaae2d9ce60f417408') in 0.0643263 seconds
Number of updated asset objects reloaded before import = 0Number of asset objects unloaded after import = 31

========================================================================
Received Import Request.
  Time since last request: 0.000073 seconds.
  path: Assets/Import/LowPolyMedievalPropsLite/LowPolyMedievalPropsLite_2020.3.0_URP_v1.0.unitypackage
  artifactKey: Guid(0aab1b18335e60849a9f0e022e548980) Importer(2089858483,0ecaa5967403d082aa24f35e1b516d23)
Start importing Assets/Import/LowPolyMedievalPropsLite/LowPolyMedievalPropsLite_2020.3.0_URP_v1.0.unitypackage using Guid(0aab1b18335e60849a9f0e022e548980) Importer(2089858483,0ecaa5967403d082aa24f35e1b516d23) (ScriptedImporter) -> (artifact id: 'b2976b580872538e2ffa137bbaf357df') in 0.0252005 seconds
Number of updated asset objects reloaded before import = 0Number of asset objects unloaded after import = 1

========================================================================
Received Import Request.
  Time since last request: 0.001014 seconds.
  path: Assets/Script/Bullet.cs
  artifactKey: Guid(aa3ce9af397878a4bb08d964b4067513) Importer(2089858483,0ecaa5967403d082aa24f35e1b516d23)
Start importing Assets/Script/Bullet.cs using Guid(aa3ce9af397878a4bb08d964b4067513) Importer(2089858483,0ecaa5967403d082aa24f35e1b516d23) (ScriptedImporter) -> (artifact id: 'e5a7be2392f962150a2cbd8de7a24cf2') in 0.0266831 seconds
Number of updated asset objects reloaded before import = 0Number of asset objects unloaded after import = 0

========================================================================
Received Import Request.
  Time since last request: 0.000034 seconds.
  path: Assets/Material/New Material 3.mat
  artifactKey: Guid(68cae2f27ba13c7429dceeb28f3a4049) Importer(2089858483,0ecaa5967403d082aa24f35e1b516d23)
Start importing Assets/Material/New Material 3.mat using Guid(68cae2f27ba13c7429dceeb28f3a4049) Importer(2089858483,0ecaa5967403d082aa24f35e1b516d23) (ScriptedImporter) -> (artifact id: '00000000000000000000000000000000') in 2.8921255 seconds
Import Error Code:(4)
Message: Build asset version error: assets/material/new material 3.mat in SourceAssetDB has modification time of '2025-10-19T19:26:51.3605254Z' while content on disk has modification time of '0001-01-01T00:00:00Z' with error code 2
Stacktrace:
0x00007ffd3a6bfe2e (Unity) StackWalker::ShowCallstack
0x00007ffd3a6cf819 (Unity) PlatformStacktrace::GetStacktrace
0x00007ffd3b9455fe (Unity) Stacktrace::GetStacktrace
0x00007ffd3bba33e0 (Unity) GetAssetHashAndValidate
0x00007ffd3bb9ed03 (Unity) AssetVersionBuilder::BuildHashOfSourceAssetArray
0x00007ffd3bb9cdf7 (Unity) AssetVersionBuilder::BuildAssetVersion
0x00007ffd3bb1fa6d (Unity) CreateAssetVersionBuilder
0x00007ffd3bb2529f (Unity) ImportToObjects
0x00007ffd3bb23f12 (Unity) ImportAsset
0x00007ffd3bb475e9 (Unity) AssetImportWorker::Import
0x00007ffd3bbb4d53 (Unity) <lambda_87ac509f952b3a21fceb5af0e15c55b4>::operator()
0x00007ffd3bbf400f (Unity) asio::detail::completion_handler<core::mutable_function<void __cdecl(void)>,asio::io_context::basic_executor_type<std::allocator<void>,0> >::do_complete
0x00007ffd3bbe17d1 (Unity) asio::detail::win_iocp_io_context::do_one
0x00007ffd3bbe2b14 (Unity) asio::detail::win_iocp_io_context::run
0x00007ffd3bbf2679 (Unity) IOService::Run
0x00007ffd3bbc4def (Unity) AssetImportWorkerClient::Run
0x00007ffd3bb88ee1 (Unity) RunAssetImportWorkerClientV2
0x00007ffd3bb88f5b (Unity) RunAssetImporterV2
0x00007ffd3b36f300 (Unity) Application::InitializeProject
0x00007ffd3b9518d5 (Unity) UnityMain
0x00007ff7c0a32f2a (Unity) __scrt_common_main_seh
0x00007ffdedeee8d7 (KERNEL32) BaseThreadInitThunk
0x00007ffdeeba8d9c (ntdll) RtlUserThreadStart

  ERROR: Build asset version error: assets/material/new material 3.mat in SourceAssetDB has modification time of '2025-10-19T19:26:51.3605254Z' while content on disk has modification time of '0001-01-01T00:00:00Z' with error code 2
Stacktrace:
0x00007ffd3a6bfe2e (Unity) StackWalker::ShowCallstack
0x00007ffd3a6cf819 (Unity) PlatformStacktrace::GetStacktrace
0x00007ffd3b9455fe (Unity) Stacktrace::GetStacktrace
0x00007ffd3bba33e0 (Unity) GetAssetHashAndValidate
0x00007ffd3bb9ed03 (Unity) AssetVersionBuilder::BuildHashOfSourceAssetArray
0x00007ffd3bb9cdf7 (Unity) AssetVersionBuilder::BuildAssetVersion
0x00007ffd3bb1fa6d (Unity) CreateAssetVersionBuilder
0x00007ffd3bb2529f (Unity) ImportToObjects
0x00007ffd3bb23f12 (Unity) ImportAsset
0x00007ffd3bb475e9 (Unity) AssetImportWorker::Import
0x00007ffd3bbb4d53 (Unity) <lambda_87ac509f952b3a21fceb5af0e15c55b4>::operator()
0x00007ffd3bbf400f (Unity) asio::detail::completion_handler<core::mutable_function<void __cdecl(void)>,asio::io_context::basic_executor_type<std::allocator<void>,0> >::do_complete
0x00007ffd3bbe17d1 (Unity) asio::detail::win_iocp_io_context::do_one
0x00007ffd3bbe2b14 (Unity) asio::detail::win_iocp_io_context::run
0x00007ffd3bbf2679 (Unity) IOService::Run
0x00007ffd3bbc4def (Unity) AssetImportWorkerClient::Run
0x00007ffd3bb88ee1 (Unity) RunAssetImportWorkerClientV2
0x00007ffd3bb88f5b (Unity) RunAssetImporterV2
0x00007ffd3b36f300 (Unity) Application::InitializeProject
0x00007ffd3b9518d5 (Unity) UnityMain
0x00007ff7c0a32f2a (Unity) __scrt_common_main_seh
0x00007ffdedeee8d7 (KERNEL32) BaseThreadInitThunk
0x00007ffdeeba8d9c (ntdll) RtlUserThreadStart

Number of updated asset objects reloaded before import = 0Number of asset objects unloaded after import = 0

========================================================================
Received Import Request.
  Time since last request: 0.000175 seconds.
  path: Assets/Prefab/Item/GreyDye.prefab
  artifactKey: Guid(a3f668fbae9b75b4c9cfe1038e59d45d) Importer(2089858483,0ecaa5967403d082aa24f35e1b516d23)
Start importing Assets/Prefab/Item/GreyDye.prefab using Guid(a3f668fbae9b75b4c9cfe1038e59d45d) Importer(2089858483,0ecaa5967403d082aa24f35e1b516d23) (ScriptedImporter) -> (artifact id: '1ed0913f48534d4c08d7fcbfdb64e607') in 0.0671815 seconds
Number of updated asset objects reloaded before import = 0Number of asset objects unloaded after import = 11

========================================================================
Received Import Request.
  Time since last request: 0.000105 seconds.
  path: Assets/Prefab/Item/DarkBlueDye.prefab
  artifactKey: Guid(a40b87e5ddd74164aa5c612f5d37e6dd) Importer(2089858483,0ecaa5967403d082aa24f35e1b516d23)
Start importing Assets/Prefab/Item/DarkBlueDye.prefab using Guid(a40b87e5ddd74164aa5c612f5d37e6dd) Importer(2089858483,0ecaa5967403d082aa24f35e1b516d23) (ScriptedImporter) -> (artifact id: '3efa3c33f0f280f06a234b583d9f0a6c') in 0.0881822 seconds
Number of updated asset objects reloaded before import = 0Number of asset objects unloaded after import = 11

========================================================================
Received Import Request.
  Time since last request: 0.000037 seconds.
  path: Assets/Prefab/Item/BlackDye.prefab
  artifactKey: Guid(4db1076bd957e8d4cbd0e7b1971c8847) Importer(2089858483,0ecaa5967403d082aa24f35e1b516d23)
Start importing Assets/Prefab/Item/BlackDye.prefab using Guid(4db1076bd957e8d4cbd0e7b1971c8847) Importer(2089858483,0ecaa5967403d082aa24f35e1b516d23) (ScriptedImporter) -> (artifact id: '917547bc2947c2eb8514cb9961ab12f0') in 0.0651609 seconds
Number of updated asset objects reloaded before import = 0Number of asset objects unloaded after import = 11

========================================================================
Received Import Request.
  Time since last request: 0.000056 seconds.
  path: Assets/Prefab/Item/GreenDye.prefab
  artifactKey: Guid(8688a519201b74e49be11fb1423737c3) Importer(2089858483,0ecaa5967403d082aa24f35e1b516d23)
Start importing Assets/Prefab/Item/GreenDye.prefab using Guid(8688a519201b74e49be11fb1423737c3) Importer(2089858483,0ecaa5967403d082aa24f35e1b516d23) (ScriptedImporter) -> (artifact id: '2b29cea3777b1fc9a586c9a7330e10fa') in 0.0668954 seconds
Number of updated asset objects reloaded before import = 0Number of asset objects unloaded after import = 11

========================================================================
Received Import Request.
  Time since last request: 0.000051 seconds.
  path: Assets/Import/Font/Deep Shadow SDF.asset
  artifactKey: Guid(1a269f0e5c4c75748a39bc5fa6d7f66e) Importer(2089858483,0ecaa5967403d082aa24f35e1b516d23)
Start importing Assets/Import/Font/Deep Shadow SDF.asset using Guid(1a269f0e5c4c75748a39bc5fa6d7f66e) Importer(2089858483,0ecaa5967403d082aa24f35e1b516d23) (ScriptedImporter) -> (artifact id: 'da0d56eca9eb08d57c554b84af1a27a3') in 0.0902052 seconds
Number of updated asset objects reloaded before import = 0Number of asset objects unloaded after import = 3

========================================================================
Received Import Request.
  Time since last request: 0.000117 seconds.
  path: Assets/Import/SimpleNaturePack/NewLayer.terrainlayer
  artifactKey: Guid(f768487e3fda59740b7bd972967712ea) Importer(2089858483,0ecaa5967403d082aa24f35e1b516d23)
Start importing Assets/Import/SimpleNaturePack/NewLayer.terrainlayer using Guid(f768487e3fda59740b7bd972967712ea) Importer(2089858483,0ecaa5967403d082aa24f35e1b516d23) (ScriptedImporter) -> (artifact id: '698ff26e3fadfbea67f060e82c068f82') in 0.0546339 seconds
Number of updated asset objects reloaded before import = 0Number of asset objects unloaded after import = 2

========================================================================
Received Import Request.
  Time since last request: 0.000247 seconds.
  path: Assets/Prefab/Item/PurpleDye.prefab
  artifactKey: Guid(3a3c0f6ee09bbd24dbd991204d006289) Importer(2089858483,0ecaa5967403d082aa24f35e1b516d23)
Start importing Assets/Prefab/Item/PurpleDye.prefab using Guid(3a3c0f6ee09bbd24dbd991204d006289) Importer(2089858483,0ecaa5967403d082aa24f35e1b516d23) (ScriptedImporter) -> (artifact id: 'b4174c75be9daf09da22f2f59df45073') in 0.0827403 seconds
Number of updated asset objects reloaded before import = 0Number of asset objects unloaded after import = 11

========================================================================
Received Import Request.
  Time since last request: 0.000212 seconds.
  path: Assets/Settings/URP-Balanced.asset
  artifactKey: Guid(e1260c1148f6143b28bae5ace5e9c5d1) Importer(815301076,1909f56bfc062723c751e8b465ee728b)
Start importing Assets/Settings/URP-Balanced.asset using Guid(e1260c1148f6143b28bae5ace5e9c5d1) Importer(815301076,1909f56bfc062723c751e8b465ee728b) (PreviewImporter) -> (artifact id: 'd8803284534ade96bbd3822922d5b40f') in 0.0400074 seconds
Number of updated asset objects reloaded before import = 0Number of asset objects unloaded after import = 3

========================================================================
Received Import Request.
  Time since last request: 0.000033 seconds.
  path: Assets/Prefab/Item/SpeedPotions.prefab
  artifactKey: Guid(03224af1aa01b964eb29f6db413e278f) Importer(2089858483,0ecaa5967403d082aa24f35e1b516d23)
Start importing Assets/Prefab/Item/SpeedPotions.prefab using Guid(03224af1aa01b964eb29f6db413e278f) Importer(2089858483,0ecaa5967403d082aa24f35e1b516d23) (ScriptedImporter) -> (artifact id: 'fd30f1ec8df73b30f1f5367d28fc62d6') in 0.1214723 seconds
Number of updated asset objects reloaded before import = 0Number of asset objects unloaded after import = 11

========================================================================
Received Import Request.
  Time since last request: 0.000074 seconds.
  path: Assets/Prefab/Item/StopWatch.prefab
  artifactKey: Guid(d053af911780d9942a88160e31796686) Importer(2089858483,0ecaa5967403d082aa24f35e1b516d23)
Start importing Assets/Prefab/Item/StopWatch.prefab using Guid(d053af911780d9942a88160e31796686) Importer(2089858483,0ecaa5967403d082aa24f35e1b516d23) (ScriptedImporter) -> (artifact id: '084428d75123dfeb49516a9531d13d5a') in 0.086513 seconds
Number of updated asset objects reloaded before import = 0Number of asset objects unloaded after import = 11

========================================================================
Received Import Request.
  Time since last request: 0.000032 seconds.
  path: Assets/Settings/URP-HighFidelity.asset
  artifactKey: Guid(7b7fd9122c28c4d15b667c7040e3b3fd) Importer(815301076,1909f56bfc062723c751e8b465ee728b)
Start importing Assets/Settings/URP-HighFidelity.asset using Guid(7b7fd9122c28c4d15b667c7040e3b3fd) Importer(815301076,1909f56bfc062723c751e8b465ee728b) (PreviewImporter) -> (artifact id: '295993b25bb33f65c9c68668f2ac50d1') in 0.0076987 seconds
Number of updated asset objects reloaded before import = 0Number of asset objects unloaded after import = 0

========================================================================
Received Import Request.
  Time since last request: 0.000067 seconds.
  path: Assets/Settings/SampleSceneProfile.asset
  artifactKey: Guid(a6560a915ef98420e9faacc1c7438823) Importer(815301076,1909f56bfc062723c751e8b465ee728b)
Start importing Assets/Settings/SampleSceneProfile.asset using Guid(a6560a915ef98420e9faacc1c7438823) Importer(815301076,1909f56bfc062723c751e8b465ee728b) (PreviewImporter) -> (artifact id: '424c7ef582ac964e043a762a5210dd09') in 0.0079054 seconds
Number of updated asset objects reloaded before import = 0Number of asset objects unloaded after import = 4

========================================================================
Received Import Request.
  Time since last request: 0.000073 seconds.
  path: Assets/Settings/URP-HighFidelity-Renderer.asset
  artifactKey: Guid(c40be3174f62c4acf8c1216858c64956) Importer(815301076,1909f56bfc062723c751e8b465ee728b)
Start importing Assets/Settings/URP-HighFidelity-Renderer.asset using Guid(c40be3174f62c4acf8c1216858c64956) Importer(815301076,1909f56bfc062723c751e8b465ee728b) (PreviewImporter) -> (artifact id: '62edcaf882dea9d8e62403b80f83f737') in 0.0089921 seconds
Number of updated asset objects reloaded before import = 0Number of asset objects unloaded after import = 0

========================================================================
Received Import Request.
  Time since last request: 0.000066 seconds.
  path: Assets/Import/LowPolyMedievalPropsLite/LowPolyMedievalPropsLite_2020.3.0_HDRP_v1.0.unitypackage
  artifactKey: Guid(518d1c1a2372e38479ca8a25bc9b0ee8) Importer(2089858483,0ecaa5967403d082aa24f35e1b516d23)
Start importing Assets/Import/LowPolyMedievalPropsLite/LowPolyMedievalPropsLite_2020.3.0_HDRP_v1.0.unitypackage using Guid(518d1c1a2372e38479ca8a25bc9b0ee8) Importer(2089858483,0ecaa5967403d082aa24f35e1b516d23) (ScriptedImporter) -> (artifact id: '4bef1fec134846418bf60fce19af25ae') in 0.0582308 seconds
Number of updated asset objects reloaded before import = 0Number of asset objects unloaded after import = 1

========================================================================
Received Import Request.
  Time since last request: 0.000040 seconds.
  path: Assets/Prefab/Item/UltimatePotion.prefab
  artifactKey: Guid(5da6816afd97d124f887e6a2138265c8) Importer(2089858483,0ecaa5967403d082aa24f35e1b516d23)
Start importing Assets/Prefab/Item/UltimatePotion.prefab using Guid(5da6816afd97d124f887e6a2138265c8) Importer(2089858483,0ecaa5967403d082aa24f35e1b516d23) (ScriptedImporter) -> (artifact id: 'e621d6fd90b56c369d19a50f8c6b6b28') in 0.0895135 seconds
Number of updated asset objects reloaded before import = 0Number of asset objects unloaded after import = 11

========================================================================
Received Import Request.
  Time since last request: 0.000065 seconds.
  path: Assets/Prefab/Item/YellowDye.prefab
  artifactKey: Guid(1377b922ed798b54095e534a49669e4f) Importer(2089858483,0ecaa5967403d082aa24f35e1b516d23)
Start importing Assets/Prefab/Item/YellowDye.prefab using Guid(1377b922ed798b54095e534a49669e4f) Importer(2089858483,0ecaa5967403d082aa24f35e1b516d23) (ScriptedImporter) -> (artifact id: '95871f73c0cab743aaf9b736c4eb5a2f') in 0.0698097 seconds
Number of updated asset objects reloaded before import = 0Number of asset objects unloaded after import = 11

========================================================================
Received Import Request.
  Time since last request: 0.000048 seconds.
  path: Assets/Settings/URP-Performant.asset
  artifactKey: Guid(d0e2fc18fe036412f8223b3b3d9ad574) Importer(815301076,1909f56bfc062723c751e8b465ee728b)
Start importing Assets/Settings/URP-Performant.asset using Guid(d0e2fc18fe036412f8223b3b3d9ad574) Importer(815301076,1909f56bfc062723c751e8b465ee728b) (PreviewImporter) -> (artifact id: '410275e4efc154e6f9924b7f6d54d411') in 0.0059617 seconds
Number of updated asset objects reloaded before import = 0Number of asset objects unloaded after import = 2

========================================================================
Received Import Request.
  Time since last request: 0.000075 seconds.
  path: Assets/Prefab/ColorVisual.prefab
  artifactKey: Guid(c1c0b8486e54c824dadc71d7ee9c39fd) Importer(2089858483,0ecaa5967403d082aa24f35e1b516d23)
Start importing Assets/Prefab/ColorVisual.prefab using Guid(c1c0b8486e54c824dadc71d7ee9c39fd) Importer(2089858483,0ecaa5967403d082aa24f35e1b516d23) (ScriptedImporter) -> (artifact id: 'f8aff2512dc7af9b1ebaad9f3c908e87') in 0.1896757 seconds
Number of updated asset objects reloaded before import = 0Number of asset objects unloaded after import = 12

========================================================================
Received Import Request.
  Time since last request: 0.000044 seconds.
  path: Assets/Prefab/MapPrefab/Canvas.prefab
  artifactKey: Guid(d57635cf0daac1142bf2e6cf15b541ac) Importer(2089858483,0ecaa5967403d082aa24f35e1b516d23)
Start importing Assets/Prefab/MapPrefab/Canvas.prefab using Guid(d57635cf0daac1142bf2e6cf15b541ac) Importer(2089858483,0ecaa5967403d082aa24f35e1b516d23) (ScriptedImporter)Refreshing native plugins compatible for Editor in 5.88 ms, found 3 plugins.
Preloading 0 native plugins for Editor in 0.00 ms.
 -> (artifact id: '2429589f47af826e65feb5bf6f1ebbbb') in 0.2762463 seconds
Number of updated asset objects reloaded before import = 0Number of asset objects unloaded after import = 504

========================================================================
Received Import Request.
  Time since last request: 0.000051 seconds.
  path: Assets/Scenes/SampleScene/Global Volume Profile 2.asset
  artifactKey: Guid(6d7d6413a9e56c24cae0d9466c36a782) Importer(2089858483,0ecaa5967403d082aa24f35e1b516d23)
Start importing Assets/Scenes/SampleScene/Global Volume Profile 2.asset using Guid(6d7d6413a9e56c24cae0d9466c36a782) Importer(2089858483,0ecaa5967403d082aa24f35e1b516d23) (ScriptedImporter) -> (artifact id: 'b0075daddaea2dcfe1cacaa1adb8346c') in 0.0499316 seconds
Number of updated asset objects reloaded before import = 0Number of asset objects unloaded after import = 6

========================================================================
Received Import Request.
  Time since last request: 0.000056 seconds.
  path: Assets/Scenes/Map0ne/NavMesh-Terrain 1.asset
  artifactKey: Guid(054d3815a1fbf444eb9d6ed162a26c1f) Importer(2089858483,0ecaa5967403d082aa24f35e1b516d23)
Start importing Assets/Scenes/Map0ne/NavMesh-Terrain 1.asset using Guid(054d3815a1fbf444eb9d6ed162a26c1f) Importer(2089858483,0ecaa5967403d082aa24f35e1b516d23) (ScriptedImporter) -> (artifact id: '439da510e73a63b0747180d3c815dc68') in 0.111729 seconds
Number of updated asset objects reloaded before import = 0Number of asset objects unloaded after import = 1

========================================================================
Received Import Request.
  Time since last request: 0.000044 seconds.
  path: Assets/Scenes/Map0ne/Global Volume Profile.asset
  artifactKey: Guid(7c2a6b79c5623854eadc3204d08d2e49) Importer(2089858483,0ecaa5967403d082aa24f35e1b516d23)
Start importing Assets/Scenes/Map0ne/Global Volume Profile.asset using Guid(7c2a6b79c5623854eadc3204d08d2e49) Importer(2089858483,0ecaa5967403d082aa24f35e1b516d23) (ScriptedImporter) -> (artifact id: 'edde3eb1f564b7a5b628d18a5cc914cb') in 0.0608391 seconds
Number of updated asset objects reloaded before import = 0Number of asset objects unloaded after import = 1

========================================================================
Received Import Request.
  Time since last request: 0.000049 seconds.
  path: Assets/Prefab/MapPrefab/Virtual Camera.prefab
  artifactKey: Guid(a75e6e7a002a47d43a4eed3081c109ae) Importer(2089858483,0ecaa5967403d082aa24f35e1b516d23)
Start importing Assets/Prefab/MapPrefab/Virtual Camera.prefab using Guid(a75e6e7a002a47d43a4eed3081c109ae) Importer(2089858483,0ecaa5967403d082aa24f35e1b516d23) (ScriptedImporter) -> (artifact id: 'd9350398f6ffd392968620ba9abb9254') in 0.1076872 seconds
Number of updated asset objects reloaded before import = 0Number of asset objects unloaded after import = 10

========================================================================
Received Import Request.
  Time since last request: 0.000164 seconds.
  path: Assets/Script/PlayerHealth.cs
  artifactKey: Guid(5694d18381a127548b9831e4dfe22a8e) Importer(2089858483,0ecaa5967403d082aa24f35e1b516d23)
Start importing Assets/Script/PlayerHealth.cs using Guid(5694d18381a127548b9831e4dfe22a8e) Importer(2089858483,0ecaa5967403d082aa24f35e1b516d23) (ScriptedImporter) -> (artifact id: '3dccf976f93e64b141b0c8b43319c5ae') in 0.065851 seconds
Number of updated asset objects reloaded before import = 0Number of asset objects unloaded after import = 0

========================================================================
Received Import Request.
  Time since last request: 0.000032 seconds.
  path: Assets/Scenes/SampleScene/NavMesh-Plateform 1.asset
  artifactKey: Guid(1ca07e6bf41e69a439fc1b153beb7afb) Importer(2089858483,0ecaa5967403d082aa24f35e1b516d23)
Start importing Assets/Scenes/SampleScene/NavMesh-Plateform 1.asset using Guid(1ca07e6bf41e69a439fc1b153beb7afb) Importer(2089858483,0ecaa5967403d082aa24f35e1b516d23) (ScriptedImporter) -> (artifact id: '3d0c9572dc2091b52cb64ae55604c35b') in 0.3342879 seconds
Number of updated asset objects reloaded before import = 0Number of asset objects unloaded after import = 1

========================================================================
Received Import Request.
  Time since last request: 0.000045 seconds.
  path: Assets/Scenes/Map0ne/NavMesh-Terrain.asset
  artifactKey: Guid(f2ebe75e12d70cc4abec08b1dc5849aa) Importer(2089858483,0ecaa5967403d082aa24f35e1b516d23)
Start importing Assets/Scenes/Map0ne/NavMesh-Terrain.asset using Guid(f2ebe75e12d70cc4abec08b1dc5849aa) Importer(2089858483,0ecaa5967403d082aa24f35e1b516d23) (ScriptedImporter) -> (artifact id: 'f5d35adc5d66cd186e07be6ac4a464ea') in 0.0495918 seconds
Number of updated asset objects reloaded before import = 0Number of asset objects unloaded after import = 1

========================================================================
Received Import Request.
  Time since last request: 0.000130 seconds.
  path: Assets/Script/Item/BrownDye.asset
  artifactKey: Guid(b52bb1ec1e917764fa043b3967f6685a) Importer(2089858483,0ecaa5967403d082aa24f35e1b516d23)
Start importing Assets/Script/Item/BrownDye.asset using Guid(b52bb1ec1e917764fa043b3967f6685a) Importer(2089858483,0ecaa5967403d082aa24f35e1b516d23) (ScriptedImporter) -> (artifact id: '44c3e8b54cc21532c57e8b30c78ddd97') in 0.0710783 seconds
Number of updated asset objects reloaded before import = 0Number of asset objects unloaded after import = 10

========================================================================
Received Import Request.
  Time since last request: 0.000075 seconds.
  path: Assets/Script/Item/BlackDye.asset
  artifactKey: Guid(e519889ea08a5794b916563e3ff2a2f4) Importer(2089858483,0ecaa5967403d082aa24f35e1b516d23)
Start importing Assets/Script/Item/BlackDye.asset using Guid(e519889ea08a5794b916563e3ff2a2f4) Importer(2089858483,0ecaa5967403d082aa24f35e1b516d23) (ScriptedImporter) -> (artifact id: 'd1e422f1edcb05ae9da6436208260fce') in 0.0690319 seconds
Number of updated asset objects reloaded before import = 0Number of asset objects unloaded after import = 10

========================================================================
Received Import Request.
  Time since last request: 0.000037 seconds.
  path: Assets/Script/Item/CritticBullet.asset
  artifactKey: Guid(12baa351da4dfb44f93add4e45d960f1) Importer(2089858483,0ecaa5967403d082aa24f35e1b516d23)
Start importing Assets/Script/Item/CritticBullet.asset using Guid(12baa351da4dfb44f93add4e45d960f1) Importer(2089858483,0ecaa5967403d082aa24f35e1b516d23) (ScriptedImporter) -> (artifact id: 'b4577d3e36e948ad8f2bba6081ebb9db') in 0.0689926 seconds
Number of updated asset objects reloaded before import = 0Number of asset objects unloaded after import = 10

========================================================================
Received Import Request.
  Time since last request: 0.000533 seconds.
  path: Assets/Script/Item/DarkBlueDye 1.asset
  artifactKey: Guid(397babe115ceba74ab63ad823b4ecd13) Importer(2089858483,0ecaa5967403d082aa24f35e1b516d23)
Start importing Assets/Script/Item/DarkBlueDye 1.asset using Guid(397babe115ceba74ab63ad823b4ecd13) Importer(2089858483,0ecaa5967403d082aa24f35e1b516d23) (ScriptedImporter) -> (artifact id: 'ddf50b1be30f12637a52e9ff8f9e2e2e') in 0.0621096 seconds
Number of updated asset objects reloaded before import = 0Number of asset objects unloaded after import = 10

========================================================================
Received Import Request.
  Time since last request: 0.000045 seconds.
  path: Assets/Script/PlayerCombat.cs
  artifactKey: Guid(8e5355fa29e183a4f89b44219c4cce15) Importer(2089858483,0ecaa5967403d082aa24f35e1b516d23)
Start importing Assets/Script/PlayerCombat.cs using Guid(8e5355fa29e183a4f89b44219c4cce15) Importer(2089858483,0ecaa5967403d082aa24f35e1b516d23) (ScriptedImporter) -> (artifact id: '0c89eaf5ec7c4f7028bfc3c6a8daaa7f') in 0.0553194 seconds
Number of updated asset objects reloaded before import = 0Number of asset objects unloaded after import = 0

========================================================================
Received Import Request.
  Time since last request: 0.000048 seconds.
  path: Assets/Settings/URP-HighFidelity.asset
  artifactKey: Guid(7b7fd9122c28c4d15b667c7040e3b3fd) Importer(2089858483,0ecaa5967403d082aa24f35e1b516d23)
Start importing Assets/Settings/URP-HighFidelity.asset using Guid(7b7fd9122c28c4d15b667c7040e3b3fd) Importer(2089858483,0ecaa5967403d082aa24f35e1b516d23) (ScriptedImporter) -> (artifact id: 'b0aba774431a5ff2520d4d607523569c') in 0.14434 seconds
Number of updated asset objects reloaded before import = 0Number of asset objects unloaded after import = 1

========================================================================
Received Import Request.
  Time since last request: 0.000046 seconds.
  path: Assets/Script/Item/HealPotion.asset
  artifactKey: Guid(fc1127b45f1067b45b645bf550e039ce) Importer(2089858483,0ecaa5967403d082aa24f35e1b516d23)
Start importing Assets/Script/Item/HealPotion.asset using Guid(fc1127b45f1067b45b645bf550e039ce) Importer(2089858483,0ecaa5967403d082aa24f35e1b516d23) (ScriptedImporter) -> (artifact id: '8d9b2cf0d4b0c5630ee219db51471797') in 0.0931976 seconds
Number of updated asset objects reloaded before import = 0Number of asset objects unloaded after import = 10

========================================================================
Received Import Request.
  Time since last request: 0.000189 seconds.
  path: Assets/Import/heartLost.png
  artifactKey: Guid(649c045302bb09746854858f0fe3fb71) Importer(2089858483,0ecaa5967403d082aa24f35e1b516d23)
Start importing Assets/Import/heartLost.png using Guid(649c045302bb09746854858f0fe3fb71) Importer(2089858483,0ecaa5967403d082aa24f35e1b516d23) (ScriptedImporter) -> (artifact id: '581e512635b884c1e64cd1772b8c811a') in 0.0760314 seconds
Number of updated asset objects reloaded before import = 0Number of asset objects unloaded after import = 3

========================================================================
Received Import Request.
  Time since last request: 0.000221 seconds.
  path: Assets/Script/Item/LightBlueDye.asset
  artifactKey: Guid(6264e526dfe2d58449e6fbd1b21f77ce) Importer(2089858483,0ecaa5967403d082aa24f35e1b516d23)
Start importing Assets/Script/Item/LightBlueDye.asset using Guid(6264e526dfe2d58449e6fbd1b21f77ce) Importer(2089858483,0ecaa5967403d082aa24f35e1b516d23) (ScriptedImporter) -> (artifact id: '30e43f0d32dd261dfe08588677cb1a21') in 0.0576974 seconds
Number of updated asset objects reloaded before import = 0Number of asset objects unloaded after import = 10

========================================================================
Received Import Request.
  Time since last request: 0.000078 seconds.
  path: Assets/Script/InitializePainting.cs
  artifactKey: Guid(9d4a2fb095ffe9c488e767f7e8e4f37c) Importer(2089858483,0ecaa5967403d082aa24f35e1b516d23)
Start importing Assets/Script/InitializePainting.cs using Guid(9d4a2fb095ffe9c488e767f7e8e4f37c) Importer(2089858483,0ecaa5967403d082aa24f35e1b516d23) (ScriptedImporter) -> (artifact id: 'c4fd835001879a03262e44e85156a1e9') in 0.0745367 seconds
Number of updated asset objects reloaded before import = 0Number of asset objects unloaded after import = 0

========================================================================
Received Import Request.
  Time since last request: 0.000066 seconds.
  path: Assets/Script/Item/PurpleDye.asset
  artifactKey: Guid(6d8dca8414a5e354f81a7da1dcc108fb) Importer(2089858483,0ecaa5967403d082aa24f35e1b516d23)
Start importing Assets/Script/Item/PurpleDye.asset using Guid(6d8dca8414a5e354f81a7da1dcc108fb) Importer(2089858483,0ecaa5967403d082aa24f35e1b516d23) (ScriptedImporter) -> (artifact id: 'c508416a859ab3624dba33f7211a98ae') in 0.0882563 seconds
Number of updated asset objects reloaded before import = 0Number of asset objects unloaded after import = 10

========================================================================
Received Import Request.
  Time since last request: 0.000333 seconds.
  path: Assets/Script/Item/PinkDye.asset
  artifactKey: Guid(b93783fd1bcbc254aa03cd50bf09fcb8) Importer(2089858483,0ecaa5967403d082aa24f35e1b516d23)
Start importing Assets/Script/Item/PinkDye.asset using Guid(b93783fd1bcbc254aa03cd50bf09fcb8) Importer(2089858483,0ecaa5967403d082aa24f35e1b516d23) (ScriptedImporter) -> (artifact id: 'fde8c6b0b3a960589e37a2807f6bc1ea') in 0.0578004 seconds
Number of updated asset objects reloaded before import = 0Number of asset objects unloaded after import = 10

========================================================================
Received Import Request.
  Time since last request: 0.000187 seconds.
  path: Assets/Script/Item/OrangeDye.asset
  artifactKey: Guid(7ab54c007dc4af64498ac2e2531d9f15) Importer(2089858483,0ecaa5967403d082aa24f35e1b516d23)
Start importing Assets/Script/Item/OrangeDye.asset using Guid(7ab54c007dc4af64498ac2e2531d9f15) Importer(2089858483,0ecaa5967403d082aa24f35e1b516d23) (ScriptedImporter) -> (artifact id: '5e70733b5d7c6a5f0ac0c218e0b5af91') in 0.0630522 seconds
Number of updated asset objects reloaded before import = 0Number of asset objects unloaded after import = 10

========================================================================
Received Import Request.
  Time since last request: 0.000041 seconds.
  path: Assets/Script/Item/StopWatch.asset
  artifactKey: Guid(f2eeab217a8012b4f88591f7f0cf7fd5) Importer(2089858483,0ecaa5967403d082aa24f35e1b516d23)
Start importing Assets/Script/Item/StopWatch.asset using Guid(f2eeab217a8012b4f88591f7f0cf7fd5) Importer(2089858483,0ecaa5967403d082aa24f35e1b516d23) (ScriptedImporter) -> (artifact id: '00000000000000000000000000000000') in 0.0277174 seconds
Import Error Code:(4)
Message: Build asset version error: assets/script/item/stopwatch.asset in SourceAssetDB has modification time of '2025-10-19T19:00:41.7501897Z' while content on disk has modification time of '0001-01-01T00:00:00Z' with error code 2
Stacktrace:
0x00007ffd3a6bfe2e (Unity) StackWalker::ShowCallstack
0x00007ffd3a6cf819 (Unity) PlatformStacktrace::GetStacktrace
0x00007ffd3b9455fe (Unity) Stacktrace::GetStacktrace
0x00007ffd3bba33e0 (Unity) GetAssetHashAndValidate
0x00007ffd3bb9ed03 (Unity) AssetVersionBuilder::BuildHashOfSourceAssetArray
0x00007ffd3bb9cdf7 (Unity) AssetVersionBuilder::BuildAssetVersion
0x00007ffd3bb1fa6d (Unity) CreateAssetVersionBuilder
0x00007ffd3bb2529f (Unity) ImportToObjects
0x00007ffd3bb23f12 (Unity) ImportAsset
0x00007ffd3bb475e9 (Unity) AssetImportWorker::Import
0x00007ffd3bbb4d53 (Unity) <lambda_87ac509f952b3a21fceb5af0e15c55b4>::operator()
0x00007ffd3bbf400f (Unity) asio::detail::completion_handler<core::mutable_function<void __cdecl(void)>,asio::io_context::basic_executor_type<std::allocator<void>,0> >::do_complete
0x00007ffd3bbe17d1 (Unity) asio::detail::win_iocp_io_context::do_one
0x00007ffd3bbe2b14 (Unity) asio::detail::win_iocp_io_context::run
0x00007ffd3bbf2679 (Unity) IOService::Run
0x00007ffd3bbc4def (Unity) AssetImportWorkerClient::Run
0x00007ffd3bb88ee1 (Unity) RunAssetImportWorkerClientV2
0x00007ffd3bb88f5b (Unity) RunAssetImporterV2
0x00007ffd3b36f300 (Unity) Application::InitializeProject
0x00007ffd3b9518d5 (Unity) UnityMain
0x00007ff7c0a32f2a (Unity) __scrt_common_main_seh
0x00007ffdedeee8d7 (KERNEL32) BaseThreadInitThunk
0x00007ffdeeba8d9c (ntdll) RtlUserThreadStart

  ERROR: Build asset version error: assets/script/item/stopwatch.asset in SourceAssetDB has modification time of '2025-10-19T19:00:41.7501897Z' while content on disk has modification time of '0001-01-01T00:00:00Z' with error code 2
Stacktrace:
0x00007ffd3a6bfe2e (Unity) StackWalker::ShowCallstack
0x00007ffd3a6cf819 (Unity) PlatformStacktrace::GetStacktrace
0x00007ffd3b9455fe (Unity) Stacktrace::GetStacktrace
0x00007ffd3bba33e0 (Unity) GetAssetHashAndValidate
0x00007ffd3bb9ed03 (Unity) AssetVersionBuilder::BuildHashOfSourceAssetArray
0x00007ffd3bb9cdf7 (Unity) AssetVersionBuilder::BuildAssetVersion
0x00007ffd3bb1fa6d (Unity) CreateAssetVersionBuilder
0x00007ffd3bb2529f (Unity) ImportToObjects
0x00007ffd3bb23f12 (Unity) ImportAsset
0x00007ffd3bb475e9 (Unity) AssetImportWorker::Import
0x00007ffd3bbb4d53 (Unity) <lambda_87ac509f952b3a21fceb5af0e15c55b4>::operator()
0x00007ffd3bbf400f (Unity) asio::detail::completion_handler<core::mutable_function<void __cdecl(void)>,asio::io_context::basic_executor_type<std::allocator<void>,0> >::do_complete
0x00007ffd3bbe17d1 (Unity) asio::detail::win_iocp_io_context::do_one
0x00007ffd3bbe2b14 (Unity) asio::detail::win_iocp_io_context::run
0x00007ffd3bbf2679 (Unity) IOService::Run
0x00007ffd3bbc4def (Unity) AssetImportWorkerClient::Run
0x00007ffd3bb88ee1 (Unity) RunAssetImportWorkerClientV2
0x00007ffd3bb88f5b (Unity) RunAssetImporterV2
0x00007ffd3b36f300 (Unity) Application::InitializeProject
0x00007ffd3b9518d5 (Unity) UnityMain
0x00007ff7c0a32f2a (Unity) __scrt_common_main_seh
0x00007ffdedeee8d7 (KERNEL32) BaseThreadInitThunk
0x00007ffdeeba8d9c (ntdll) RtlUserThreadStart

Number of updated asset objects reloaded before import = 0Number of asset objects unloaded after import = 0

========================================================================
Received Import Request.
  Time since last request: 0.000037 seconds.
  path: Assets/Import/hop.png
  artifactKey: Guid(d4bf12e9056ee8145a27d39c48396039) Importer(2089858483,0ecaa5967403d082aa24f35e1b516d23)
Start importing Assets/Import/hop.png using Guid(d4bf12e9056ee8145a27d39c48396039) Importer(2089858483,0ecaa5967403d082aa24f35e1b516d23) (ScriptedImporter) -> (artifact id: '6127b7fc5e8e412208ababbe867d42d4') in 0.0658929 seconds
Number of updated asset objects reloaded before import = 0Number of asset objects unloaded after import = 20

========================================================================
Received Prepare
Refreshing native plugins compatible for Editor in 6.06 ms, found 3 plugins.
Preloading 0 native plugins for Editor in 0.00 ms.
Unloading 17 Unused Serialized files (Serialized files now loaded: 0)
Unloading 6359 unused Assets / (7.2 MB). Loaded Objects now: 7294.
Memory consumption went from 144.6 MB to 137.4 MB.
Total: 145.787500 ms (FindLiveObjects: 5.470800 ms CreateObjectMapping: 2.839600 ms MarkObjects: 97.288000 ms  DeleteObjects: 40.186800 ms)

Prepare: number of updated asset objects reloaded= 0
========================================================================
Received Import Request.
  Time since last request: 2.760722 seconds.
  path: Assets/Scripts/Item/UltimatePotion.asset
  artifactKey: Guid(1da98819f464e2645aa9367cef037afc) Importer(2089858483,0ecaa5967403d082aa24f35e1b516d23)
Start importing Assets/Scripts/Item/UltimatePotion.asset using Guid(1da98819f464e2645aa9367cef037afc) Importer(2089858483,0ecaa5967403d082aa24f35e1b516d23) (ScriptedImporter) -> (artifact id: '9db31c92c06efbaecbdb91b851bb8734') in 0.1190195 seconds
Number of updated asset objects reloaded before import = 0Number of asset objects unloaded after import = 1

========================================================================
Received Import Request.
  Time since last request: 0.000051 seconds.
  path: Assets/Prefab/Main Visual Particle.prefab
  artifactKey: Guid(2a09108ad147f274a8de2005ec426213) Importer(2089858483,0ecaa5967403d082aa24f35e1b516d23)
Start importing Assets/Prefab/Main Visual Particle.prefab using Guid(2a09108ad147f274a8de2005ec426213) Importer(2089858483,0ecaa5967403d082aa24f35e1b516d23) (ScriptedImporter) -> (artifact id: 'f6db36368519ce0eea8aa1e991901bb0') in 0.6939312 seconds
Number of updated asset objects reloaded before import = 0Number of asset objects unloaded after import = 23

========================================================================
Received Import Request.
  Time since last request: 0.000069 seconds.
  path: Assets/Scripts/Item/WhiteDye.asset
  artifactKey: Guid(b23972d4d900c2742aed0637a219332f) Importer(2089858483,0ecaa5967403d082aa24f35e1b516d23)
Start importing Assets/Scripts/Item/WhiteDye.asset using Guid(b23972d4d900c2742aed0637a219332f) Importer(2089858483,0ecaa5967403d082aa24f35e1b516d23) (ScriptedImporter) -> (artifact id: '7e8fd4515f1dc4b3fc56d805496f149c') in 0.0580376 seconds
Number of updated asset objects reloaded before import = 0Number of asset objects unloaded after import = 1

========================================================================
Received Import Request.
  Time since last request: 0.000051 seconds.
  path: Assets/Scripts/Item/YellowDye.asset
  artifactKey: Guid(1a87fa322b6d4f04a849d5a5a8ad571a) Importer(2089858483,0ecaa5967403d082aa24f35e1b516d23)
Start importing Assets/Scripts/Item/YellowDye.asset using Guid(1a87fa322b6d4f04a849d5a5a8ad571a) Importer(2089858483,0ecaa5967403d082aa24f35e1b516d23) (ScriptedImporter) -> (artifact id: '58c0643d3bb0c53e2da3f6967722c773') in 0.0287081 seconds
Number of updated asset objects reloaded before import = 0Number of asset objects unloaded after import = 1

========================================================================
Received Import Request.
  Time since last request: 0.000038 seconds.
  path: Assets/Settings/URP-Performant.asset
  artifactKey: Guid(d0e2fc18fe036412f8223b3b3d9ad574) Importer(2089858483,0ecaa5967403d082aa24f35e1b516d23)
Start importing Assets/Settings/URP-Performant.asset using Guid(d0e2fc18fe036412f8223b3b3d9ad574) Importer(2089858483,0ecaa5967403d082aa24f35e1b516d23) (ScriptedImporter) -> (artifact id: '92ea054ae4585ee2291370b77763e25d') in 0.1297508 seconds
Number of updated asset objects reloaded before import = 0Number of asset objects unloaded after import = 2

========================================================================
Received Import Request.
  Time since last request: 0.000037 seconds.
  path: Assets/Prefab/MapPrefab/SkeletonGunOutline.prefab
  artifactKey: Guid(cc83463310c94e940aa07098977914b2) Importer(2089858483,0ecaa5967403d082aa24f35e1b516d23)
Start importing Assets/Prefab/MapPrefab/SkeletonGunOutline.prefab using Guid(cc83463310c94e940aa07098977914b2) Importer(2089858483,0ecaa5967403d082aa24f35e1b516d23) (ScriptedImporter) -> (artifact id: 'fc8c88d22fdb4ebb56d010809c59f28e') in 0.038589 seconds
Number of updated asset objects reloaded before import = 0Number of asset objects unloaded after import = 37

========================================================================
Received Import Request.
  Time since last request: 0.000056 seconds.
  path: Assets/Prefab/Item/WhiteDye.prefab
  artifactKey: Guid(a79aa36a6635049409c61f8ca009f038) Importer(2089858483,0ecaa5967403d082aa24f35e1b516d23)
Start importing Assets/Prefab/Item/WhiteDye.prefab using Guid(a79aa36a6635049409c61f8ca009f038) Importer(2089858483,0ecaa5967403d082aa24f35e1b516d23) (ScriptedImporter) -> (artifact id: 'a5a4a4cc8657523c135cc9e4c2fcf35d') in 0.0459675 seconds
Number of updated asset objects reloaded before import = 0Number of asset objects unloaded after import = 9

========================================================================
Received Import Request.
  Time since last request: 0.000034 seconds.
  path: Assets/Import/Inventory and Stats/Inventory Stats.png
  artifactKey: Guid(a5bc90656ce3cf24f9cb69d9cc6880fe) Importer(2089858483,0ecaa5967403d082aa24f35e1b516d23)
Start importing Assets/Import/Inventory and Stats/Inventory Stats.png using Guid(a5bc90656ce3cf24f9cb69d9cc6880fe) Importer(2089858483,0ecaa5967403d082aa24f35e1b516d23) (ScriptedImporter) -> (artifact id: 'e370ce5cb2728799a168ee4831c459af') in 0.0586336 seconds
Number of updated asset objects reloaded before import = 0Number of asset objects unloaded after import = 1

========================================================================
Received Import Request.
  Time since last request: 0.000038 seconds.
  path: Assets/Scenes/AtelierScene.unity
  artifactKey: Guid(66a0722780c5b494483be00c4ac0db26) Importer(2089858483,0ecaa5967403d082aa24f35e1b516d23)
Start importing Assets/Scenes/AtelierScene.unity using Guid(66a0722780c5b494483be00c4ac0db26) Importer(2089858483,0ecaa5967403d082aa24f35e1b516d23) (ScriptedImporter) -> (artifact id: '585e32b71dade397e2db9eb789faaa9e') in 0.0287765 seconds
Number of updated asset objects reloaded before import = 0Number of asset objects unloaded after import = 1

========================================================================
Received Import Request.
  Time since last request: 0.000047 seconds.
  path: Assets/Prefab/Hearth.prefab
  artifactKey: Guid(f69c3b8fb9c882d44b8408654d6ed946) Importer(2089858483,0ecaa5967403d082aa24f35e1b516d23)
Start importing Assets/Prefab/Hearth.prefab using Guid(f69c3b8fb9c882d44b8408654d6ed946) Importer(2089858483,0ecaa5967403d082aa24f35e1b516d23) (ScriptedImporter) -> (artifact id: '79c88eff51eb0e79ae84c936f3f3eb2c') in 0.1342705 seconds
Number of updated asset objects reloaded before import = 0Number of asset objects unloaded after import = 7

========================================================================
Received Import Request.
  Time since last request: 0.000039 seconds.
  path: Assets/Shaders/Paintable.shadergraph
  artifactKey: Guid(d720082e5b71004498653db605c207b2) Importer(2089858483,0ecaa5967403d082aa24f35e1b516d23)
Start importing Assets/Shaders/Paintable.shadergraph using Guid(d720082e5b71004498653db605c207b2) Importer(2089858483,0ecaa5967403d082aa24f35e1b516d23) (ScriptedImporter) -> (artifact id: '407b74145aa52239b795e1efdfb829ef') in 3.1047554 seconds
Number of updated asset objects reloaded before import = 0Number of asset objects unloaded after import = 7

========================================================================
Received Import Request.
  Time since last request: 0.000077 seconds.
  path: Assets/Scripts/Paints/Paint 16.asset
  artifactKey: Guid(270ec70f5967ceb4d9f6237481ba9198) Importer(2089858483,0ecaa5967403d082aa24f35e1b516d23)
Start importing Assets/Scripts/Paints/Paint 16.asset using Guid(270ec70f5967ceb4d9f6237481ba9198) Importer(2089858483,0ecaa5967403d082aa24f35e1b516d23) (ScriptedImporter) -> (artifact id: 'cf90d0e1036875c72b4f486812f0b994') in 0.0812881 seconds
Number of updated asset objects reloaded before import = 0Number of asset objects unloaded after import = 1

========================================================================
Received Import Request.
  Time since last request: 0.000031 seconds.
  path: Assets/Scripts/Paints/Paint 10.asset
  artifactKey: Guid(6047e8304f5993245bbcda02952b9440) Importer(2089858483,0ecaa5967403d082aa24f35e1b516d23)
Start importing Assets/Scripts/Paints/Paint 10.asset using Guid(6047e8304f5993245bbcda02952b9440) Importer(2089858483,0ecaa5967403d082aa24f35e1b516d23) (ScriptedImporter) -> (artifact id: '83dce42779bbf67b08fef26f09750c0b') in 0.1724606 seconds
Number of updated asset objects reloaded before import = 0Number of asset objects unloaded after import = 1

========================================================================
Received Import Request.
  Time since last request: 0.000227 seconds.
  path: Assets/Scripts/Paints/Paint 2.asset
  artifactKey: Guid(7c78516663c595d40b1917d3488fcc94) Importer(2089858483,0ecaa5967403d082aa24f35e1b516d23)
Start importing Assets/Scripts/Paints/Paint 2.asset using Guid(7c78516663c595d40b1917d3488fcc94) Importer(2089858483,0ecaa5967403d082aa24f35e1b516d23) (ScriptedImporter) -> (artifact id: '66b29e8408c91512d78354d7ed044b88') in 0.0733326 seconds
Number of updated asset objects reloaded before import = 0Number of asset objects unloaded after import = 1

========================================================================
Received Import Request.
  Time since last request: 0.000038 seconds.
  path: Assets/Scripts/Item/StopWatch.asset
  artifactKey: Guid(f2eeab217a8012b4f88591f7f0cf7fd5) Importer(2089858483,0ecaa5967403d082aa24f35e1b516d23)
Start importing Assets/Scripts/Item/StopWatch.asset using Guid(f2eeab217a8012b4f88591f7f0cf7fd5) Importer(2089858483,0ecaa5967403d082aa24f35e1b516d23) (ScriptedImporter) -> (artifact id: '2a18e0c4e4eceebdb4d8732ee14ffe98') in 0.0760157 seconds
Number of updated asset objects reloaded before import = 0Number of asset objects unloaded after import = 1

========================================================================
Received Import Request.
  Time since last request: 0.000062 seconds.
  path: Assets/Scripts/Paints/Paint 12.asset
  artifactKey: Guid(9061498f3d6322c419f1146b2dbaa04a) Importer(2089858483,0ecaa5967403d082aa24f35e1b516d23)
Start importing Assets/Scripts/Paints/Paint 12.asset using Guid(9061498f3d6322c419f1146b2dbaa04a) Importer(2089858483,0ecaa5967403d082aa24f35e1b516d23) (ScriptedImporter) -> (artifact id: '0527c74a9f2e4f7a4bd8c7863b11a93a') in 0.0722728 seconds
Number of updated asset objects reloaded before import = 0Number of asset objects unloaded after import = 1

========================================================================
Received Import Request.
  Time since last request: 0.000061 seconds.
  path: Assets/Scripts/Item/OrangeDye.asset
  artifactKey: Guid(7ab54c007dc4af64498ac2e2531d9f15) Importer(2089858483,0ecaa5967403d082aa24f35e1b516d23)
Start importing Assets/Scripts/Item/OrangeDye.asset using Guid(7ab54c007dc4af64498ac2e2531d9f15) Importer(2089858483,0ecaa5967403d082aa24f35e1b516d23) (ScriptedImporter) -> (artifact id: '0cf9d833ee6dc91002031d826282a287') in 0.0338659 seconds
Number of updated asset objects reloaded before import = 0Number of asset objects unloaded after import = 1

========================================================================
Received Import Request.
  Time since last request: 0.000049 seconds.
  path: Assets/Scripts/Paints/Paint 6.asset
  artifactKey: Guid(961bdfa9f77c79e42a735251bb0e8460) Importer(2089858483,0ecaa5967403d082aa24f35e1b516d23)
Start importing Assets/Scripts/Paints/Paint 6.asset using Guid(961bdfa9f77c79e42a735251bb0e8460) Importer(2089858483,0ecaa5967403d082aa24f35e1b516d23) (ScriptedImporter) -> (artifact id: 'b53353441150c443a35348b3fc5b585c') in 0.0751682 seconds
Number of updated asset objects reloaded before import = 0Number of asset objects unloaded after import = 1

========================================================================
Received Import Request.
  Time since last request: 0.000061 seconds.
  path: Assets/Scripts/Paints/Paint 7.asset
  artifactKey: Guid(cb2ad42f00e9e9f468894dc7397fc1e8) Importer(2089858483,0ecaa5967403d082aa24f35e1b516d23)
Start importing Assets/Scripts/Paints/Paint 7.asset using Guid(cb2ad42f00e9e9f468894dc7397fc1e8) Importer(2089858483,0ecaa5967403d082aa24f35e1b516d23) (ScriptedImporter) -> (artifact id: 'f5e589030d98d88feddf29baa7637510') in 0.1530265 seconds
Number of updated asset objects reloaded before import = 0Number of asset objects unloaded after import = 1

========================================================================
Received Import Request.
  Time since last request: 0.000101 seconds.
  path: Assets/Scripts/Paints/Paint 8.asset
  artifactKey: Guid(9455b3d451e6d4349b7f8c621a573ce0) Importer(2089858483,0ecaa5967403d082aa24f35e1b516d23)
Start importing Assets/Scripts/Paints/Paint 8.asset using Guid(9455b3d451e6d4349b7f8c621a573ce0) Importer(2089858483,0ecaa5967403d082aa24f35e1b516d23) (ScriptedImporter) -> (artifact id: 'a5d9480965ff83d3499af24ebf12b775') in 0.102579 seconds
Number of updated asset objects reloaded before import = 0Number of asset objects unloaded after import = 1

========================================================================
Received Import Request.
  Time since last request: 0.000049 seconds.
  path: Assets/Scripts/Paints/Paint 11.asset
  artifactKey: Guid(c2362c162eeb2f942a610c99f6b4210f) Importer(2089858483,0ecaa5967403d082aa24f35e1b516d23)
Start importing Assets/Scripts/Paints/Paint 11.asset using Guid(c2362c162eeb2f942a610c99f6b4210f) Importer(2089858483,0ecaa5967403d082aa24f35e1b516d23) (ScriptedImporter) -> (artifact id: '72e1b804e4036bd4f0b6c1dd5edc491c') in 0.100412 seconds
Number of updated asset objects reloaded before import = 0Number of asset objects unloaded after import = 1

========================================================================
Received Import Request.
  Time since last request: 0.000087 seconds.
  path: Assets/Scripts/Paints/Paint.asset
  artifactKey: Guid(d304e89a209f6d44c83267375d04e2e9) Importer(2089858483,0ecaa5967403d082aa24f35e1b516d23)
Start importing Assets/Scripts/Paints/Paint.asset using Guid(d304e89a209f6d44c83267375d04e2e9) Importer(2089858483,0ecaa5967403d082aa24f35e1b516d23) (ScriptedImporter) -> (artifact id: '9dc424e0e3175812eb9b70ea5670617d') in 0.0488793 seconds
Number of updated asset objects reloaded before import = 0Number of asset objects unloaded after import = 1

========================================================================
Received Import Request.
  Time since last request: 0.000066 seconds.
  path: Assets/Import/Flat Textures Pack/Materials/Winter_Spores.mat
  artifactKey: Guid(b212d6d3e65f24a41a49b9361880e85f) Importer(815301076,1909f56bfc062723c751e8b465ee728b)
Start importing Assets/Import/Flat Textures Pack/Materials/Winter_Spores.mat using Guid(b212d6d3e65f24a41a49b9361880e85f) Importer(815301076,1909f56bfc062723c751e8b465ee728b) (PreviewImporter) -> (artifact id: '44ae4e61745fe556840beff30388e077') in 3.8242812 seconds
Number of updated asset objects reloaded before import = 0Number of asset objects unloaded after import = 3

========================================================================
Received Import Request.
  Time since last request: 0.000049 seconds.
  path: Assets/Import/Flat Textures Pack/Materials/Winter_Roots.mat
  artifactKey: Guid(5c02dae6770af354d97ceaacb0dcfaa3) Importer(815301076,1909f56bfc062723c751e8b465ee728b)
Start importing Assets/Import/Flat Textures Pack/Materials/Winter_Roots.mat using Guid(5c02dae6770af354d97ceaacb0dcfaa3) Importer(815301076,1909f56bfc062723c751e8b465ee728b) (PreviewImporter) -> (artifact id: 'c286a54eaf37e6cc2c7c0730a4647859') in 0.0698891 seconds
Number of updated asset objects reloaded before import = 0Number of asset objects unloaded after import = 3

========================================================================
Received Import Request.
  Time since last request: 0.000054 seconds.
  path: Assets/TextMesh Pro/Examples & Extras/Resources/Fonts & Materials/Oswald Bold SDF.asset
  artifactKey: Guid(0161d805a3764c089bef00bfe00793f5) Importer(815301076,1909f56bfc062723c751e8b465ee728b)
Start importing Assets/TextMesh Pro/Examples & Extras/Resources/Fonts & Materials/Oswald Bold SDF.asset using Guid(0161d805a3764c089bef00bfe00793f5) Importer(815301076,1909f56bfc062723c751e8b465ee728b) (PreviewImporter) -> (artifact id: '9e8831ee02bb8059ce26ecb6e54dc5cc') in 0.2590262 seconds
Number of updated asset objects reloaded before import = 0Number of asset objects unloaded after import = 6

========================================================================
Received Import Request.
  Time since last request: 0.000060 seconds.
  path: Assets/TextMesh Pro/Fonts/LiberationSans - OFL.txt
  artifactKey: Guid(6e59c59b81ab47f9b6ec5781fa725d2c) Importer(2089858483,0ecaa5967403d082aa24f35e1b516d23)
Start importing Assets/TextMesh Pro/Fonts/LiberationSans - OFL.txt using Guid(6e59c59b81ab47f9b6ec5781fa725d2c) Importer(2089858483,0ecaa5967403d082aa24f35e1b516d23) (ScriptedImporter) -> (artifact id: '2a097b104657f7adeb2524f441fed030') in 0.0324364 seconds
Number of updated asset objects reloaded before import = 0Number of asset objects unloaded after import = 1

========================================================================
Received Import Request.
  Time since last request: 0.000029 seconds.
  path: Assets/Import/Flat Textures Pack/Materials/Winter_Moss.mat
  artifactKey: Guid(d02623c81a030044cacb865f4ee28bd7) Importer(815301076,1909f56bfc062723c751e8b465ee728b)
Start importing Assets/Import/Flat Textures Pack/Materials/Winter_Moss.mat using Guid(d02623c81a030044cacb865f4ee28bd7) Importer(815301076,1909f56bfc062723c751e8b465ee728b) (PreviewImporter) -> (artifact id: '7580478ff99e3cecc5c0efb7098c51fa') in 0.0563923 seconds
Number of updated asset objects reloaded before import = 0Number of asset objects unloaded after import = 3

========================================================================
Received Import Request.
  Time since last request: 0.000047 seconds.
  path: Assets/Import/Font/Melted Monster SDF.asset
  artifactKey: Guid(e77cd50e2f8837144aef229765f031bd) Importer(815301076,1909f56bfc062723c751e8b465ee728b)
Start importing Assets/Import/Font/Melted Monster SDF.asset using Guid(e77cd50e2f8837144aef229765f031bd) Importer(815301076,1909f56bfc062723c751e8b465ee728b) (PreviewImporter) -> (artifact id: 'af1f0d49189b85cdd181fc439ba6b170') in 0.0459014 seconds
Number of updated asset objects reloaded before import = 0Number of asset objects unloaded after import = 4

========================================================================
Received Import Request.
  Time since last request: 0.000058 seconds.
  path: Assets/Import/Flat Textures Pack/Materials/Summer_Wall.mat
  artifactKey: Guid(0acfe541cc046384d9e49c053de97ffb) Importer(815301076,1909f56bfc062723c751e8b465ee728b)
Start importing Assets/Import/Flat Textures Pack/Materials/Summer_Wall.mat using Guid(0acfe541cc046384d9e49c053de97ffb) Importer(815301076,1909f56bfc062723c751e8b465ee728b) (PreviewImporter) -> (artifact id: '94d24f4fdb44219807faa9cf9c5ea619') in 0.0787262 seconds
Number of updated asset objects reloaded before import = 0Number of asset objects unloaded after import = 3

========================================================================
Received Import Request.
  Time since last request: 0.000032 seconds.
  path: Assets/Import/Flat Textures Pack/Materials/WInter_Snow_Rocks.mat
  artifactKey: Guid(a080f7b6b977d1d478336b9f12f52fdd) Importer(815301076,1909f56bfc062723c751e8b465ee728b)
Start importing Assets/Import/Flat Textures Pack/Materials/WInter_Snow_Rocks.mat using Guid(a080f7b6b977d1d478336b9f12f52fdd) Importer(815301076,1909f56bfc062723c751e8b465ee728b) (PreviewImporter) -> (artifact id: '910b8621efaf1c23e690053cc0012f68') in 0.054928 seconds
Number of updated asset objects reloaded before import = 0Number of asset objects unloaded after import = 3

========================================================================
Received Import Request.
  Time since last request: 0.000044 seconds.
  path: Assets/Import/Flat Textures Pack/Materials/Winter_Snow_B.mat
  artifactKey: Guid(00494841d457c5e40beb347b6483f7c9) Importer(815301076,1909f56bfc062723c751e8b465ee728b)
Start importing Assets/Import/Flat Textures Pack/Materials/Winter_Snow_B.mat using Guid(00494841d457c5e40beb347b6483f7c9) Importer(815301076,1909f56bfc062723c751e8b465ee728b) (PreviewImporter) -> (artifact id: 'a0efc0418345e337254548b1516416e6') in 0.050665 seconds
Number of updated asset objects reloaded before import = 0Number of asset objects unloaded after import = 3

========================================================================
Received Import Request.
  Time since last request: 0.000053 seconds.
  path: Assets/Import/Flat Textures Pack/Materials/Winter_IceCave.mat
  artifactKey: Guid(9b56e06f8d3f8584597ec8a11bd1f200) Importer(815301076,1909f56bfc062723c751e8b465ee728b)
Start importing Assets/Import/Flat Textures Pack/Materials/Winter_IceCave.mat using Guid(9b56e06f8d3f8584597ec8a11bd1f200) Importer(815301076,1909f56bfc062723c751e8b465ee728b) (PreviewImporter) -> (artifact id: '2553b76463d112106780e7d067174ed2') in 0.0601083 seconds
Number of updated asset objects reloaded before import = 0Number of asset objects unloaded after import = 3

========================================================================
Received Import Request.
  Time since last request: 0.000037 seconds.
  path: Assets/Import/Flat Textures Pack/Materials/Summer_Roses.mat
  artifactKey: Guid(363270fb71ae7aa45ac7c91408bbe012) Importer(815301076,1909f56bfc062723c751e8b465ee728b)
Start importing Assets/Import/Flat Textures Pack/Materials/Summer_Roses.mat using Guid(363270fb71ae7aa45ac7c91408bbe012) Importer(815301076,1909f56bfc062723c751e8b465ee728b) (PreviewImporter) -> (artifact id: '06393376046d178427b8f9c1623a935d') in 0.0519082 seconds
Number of updated asset objects reloaded before import = 0Number of asset objects unloaded after import = 3

========================================================================
Received Import Request.
  Time since last request: 0.000044 seconds.
  path: Assets/TextMesh Pro/Documentation/TextMesh Pro User Guide 2016.pdf
  artifactKey: Guid(1b8d251f9af63b746bf2f7ffe00ebb9b) Importer(2089858483,0ecaa5967403d082aa24f35e1b516d23)
Start importing Assets/TextMesh Pro/Documentation/TextMesh Pro User Guide 2016.pdf using Guid(1b8d251f9af63b746bf2f7ffe00ebb9b) Importer(2089858483,0ecaa5967403d082aa24f35e1b516d23) (ScriptedImporter) -> (artifact id: '05ff2e7d15a7be628e29f6e2cc7e115d') in 0.0316361 seconds
Number of updated asset objects reloaded before import = 0Number of asset objects unloaded after import = 1

========================================================================
Received Import Request.
  Time since last request: 0.000104 seconds.
  path: Assets/Import/Flat Textures Pack/Materials/Summer_Roots.mat
  artifactKey: Guid(2a81fb5b4c7ffd34a86add061bd2f815) Importer(815301076,1909f56bfc062723c751e8b465ee728b)
Start importing Assets/Import/Flat Textures Pack/Materials/Summer_Roots.mat using Guid(2a81fb5b4c7ffd34a86add061bd2f815) Importer(815301076,1909f56bfc062723c751e8b465ee728b) (PreviewImporter) -> (artifact id: 'c0ae304807a0a9c7b76dc10148b91acc') in 0.0706192 seconds
Number of updated asset objects reloaded before import = 0Number of asset objects unloaded after import = 3

========================================================================
Received Import Request.
  Time since last request: 0.000041 seconds.
  path: Assets/TextMesh Pro/Examples & Extras/Resources/Fonts & Materials/Anton SDF - Drop Shadow.mat
  artifactKey: Guid(749b9069dc4742c5bfa5c74644049926) Importer(815301076,1909f56bfc062723c751e8b465ee728b)
Start importing Assets/TextMesh Pro/Examples & Extras/Resources/Fonts & Materials/Anton SDF - Drop Shadow.mat using Guid(749b9069dc4742c5bfa5c74644049926) Importer(815301076,1909f56bfc062723c751e8b465ee728b) (PreviewImporter) -> (artifact id: '7e00854c37e03379ef3cd7c75fec9278') in 0.4533426 seconds
Number of updated asset objects reloaded before import = 0Number of asset objects unloaded after import = 2

========================================================================
Received Prepare
Begin MonoManager ReloadAssembly
[Licensing::Client] Successfully resolved entitlement details
- Loaded All Assemblies, in  4.649 seconds
Refreshing native plugins compatible for Editor in 3.20 ms, found 3 plugins.
Native extension for WindowsStandalone target not found
[Package Manager] Failed to launch server process. Reason: Unity was launched with the -noUpm command-line argument
[Package Manager] Unable to send message (not connected to server process).
[Package Manager] Cannot connect to Unity Package Manager local server
The project currently uses the compatibility mode where the Render Graph API is disabled. Support for this mode will be removed in future Unity versions. Migrate existing ScriptableRenderPasses to the new RenderGraph API. After the migration, disable the compatibility mode in Edit > Projects Settings > Graphics > Render Graph.
UnityEngine.Debug:ExtractStackTraceNoAlloc (byte*,int,string)
UnityEngine.StackTraceUtility:ExtractStackTrace ()
UnityEngine.DebugLogHandler:Internal_Log (UnityEngine.LogType,UnityEngine.LogOption,string,UnityEngine.Object)
UnityEngine.DebugLogHandler:LogFormat (UnityEngine.LogType,UnityEngine.Object,string,object[])
UnityEngine.Logger:Log (UnityEngine.LogType,object)
UnityEngine.Debug:LogWarning (object)
UnityEngine.Rendering.Universal.WarnUsingNonRenderGraph:EmitConsoleWarning () (at ./Library/PackageCache/com.unity.render-pipelines.universal@ba467ec059b9/Runtime/Data/UniversalRenderPipelineAsset.cs:432)
System.Reflection.RuntimeMethodInfo:Invoke (object,System.Reflection.BindingFlags,System.Reflection.Binder,object[],System.Globalization.CultureInfo)
System.Reflection.MethodBase:Invoke (object,object[])
UnityEditor.EditorAssemblies:ProcessInitializeOnLoadMethodAttributes ()

(Filename: ./Library/PackageCache/com.unity.render-pipelines.universal@ba467ec059b9/Runtime/Data/UniversalRenderPipelineAsset.cs Line: 432)

[MODES] ModeService[none].Initialize
[MODES] ModeService[none].LoadModes
Mono: successfully reloaded assembly
- Finished resetting the current domain, in  3.430 seconds
Domain Reload Profiling: 8016ms
	BeginReloadAssembly (821ms)
		ExecutionOrderSort (0ms)
		DisableScriptedObjects (32ms)
		BackupInstance (0ms)
		ReleaseScriptingObjects (0ms)
		CreateAndSetChildDomain (243ms)
	RebuildCommonClasses (88ms)
	RebuildNativeTypeToScriptingClass (62ms)
	initialDomainReloadingComplete (129ms)
	LoadAllAssembliesAndSetupDomain (3480ms)
		LoadAssemblies (1922ms)
		RebuildTransferFunctionScriptingTraits (0ms)
		AnalyzeDomain (1814ms)
			TypeCache.Refresh (79ms)
				TypeCache.ScanAssembly (20ms)
			BuildScriptInfoCaches (1650ms)
			ResolveRequiredComponents (56ms)
	FinalizeReload (3435ms)
		ReleaseScriptCaches (0ms)
		RebuildScriptCaches (0ms)
		SetupLoadedEditorAssemblies (2696ms)
			LogAssemblyErrors (0ms)
			InitializePlatformSupportModulesInManaged (6ms)
			SetLoadedEditorAssemblies (24ms)
			BeforeProcessingInitializeOnLoad (792ms)
			ProcessInitializeOnLoadAttributes (1415ms)
			ProcessInitializeOnLoadMethodAttributes (423ms)
			AfterProcessingInitializeOnLoad (33ms)
			EditorAssembliesLoaded (3ms)
		ExecutionOrderSort2 (0ms)
		AwakeInstancesAfterBackupRestoration (76ms)
Refreshing native plugins compatible for Editor in 7.53 ms, found 3 plugins.
Preloading 0 native plugins for Editor in 0.00 ms.
Unloading 18 Unused Serialized files (Serialized files now loaded: 0)
Unloading 6356 unused Assets / (5.7 MB). Loaded Objects now: 7199.
Memory consumption went from 143.2 MB to 137.4 MB.
Total: 53.106900 ms (FindLiveObjects: 1.494500 ms CreateObjectMapping: 9.152100 ms MarkObjects: 23.328500 ms  DeleteObjects: 19.130300 ms)

Prepare: number of updated asset objects reloaded= 0
========================================================================
Received Import Request.
  Time since last request: 18.378257 seconds.
  path: Assets/Import/Font/Deep Shadow Under SDF.asset
  artifactKey: Guid(d16cfb334781312489e3f616e575c245) Importer(815301076,1909f56bfc062723c751e8b465ee728b)
Start importing Assets/Import/Font/Deep Shadow Under SDF.asset using Guid(d16cfb334781312489e3f616e575c245) Importer(815301076,1909f56bfc062723c751e8b465ee728b) (PreviewImporter) -> (artifact id: '3399497b3c24dcf1189587544e788777') in 1.3907024 seconds
Number of updated asset objects reloaded before import = 0Number of asset objects unloaded after import = 5

========================================================================
Received Import Request.
  Time since last request: 0.000271 seconds.
  path: Assets/TextMesh Pro/Shaders/TMP_SDF-URP Unlit.shadergraph
  artifactKey: Guid(124c112a6e8f1a54e8b0870e881b56d8) Importer(815301076,1909f56bfc062723c751e8b465ee728b)
Start importing Assets/TextMesh Pro/Shaders/TMP_SDF-URP Unlit.shadergraph using Guid(124c112a6e8f1a54e8b0870e881b56d8) Importer(815301076,1909f56bfc062723c751e8b465ee728b) (PreviewImporter) -> (artifact id: '5ebd4bb7c5e3b274086db6487cdd24ce') in 2.3725219 seconds
Number of updated asset objects reloaded before import = 0Number of asset objects unloaded after import = 3

========================================================================
Received Import Request.
  Time since last request: 0.000043 seconds.
  path: Assets/Import/Flat Textures Pack/Materials/Cave_Magma_B.mat
  artifactKey: Guid(f70d582ac8795e94fbba81f1bda57848) Importer(815301076,1909f56bfc062723c751e8b465ee728b)
Start importing Assets/Import/Flat Textures Pack/Materials/Cave_Magma_B.mat using Guid(f70d582ac8795e94fbba81f1bda57848) Importer(815301076,1909f56bfc062723c751e8b465ee728b) (PreviewImporter) -> (artifact id: 'cfd4819b9f29fe6e68abaa78fcd9890c') in 0.1240601 seconds
Number of updated asset objects reloaded before import = 0Number of asset objects unloaded after import = 3

========================================================================
Received Import Request.
  Time since last request: 0.000059 seconds.
  path: Assets/TextMesh Pro/Examples & Extras/Resources/Fonts & Materials/Bangers SDF Glow.mat
  artifactKey: Guid(d75b8f41e959450c84ac6e967084d3e1) Importer(815301076,1909f56bfc062723c751e8b465ee728b)
Start importing Assets/TextMesh Pro/Examples & Extras/Resources/Fonts & Materials/Bangers SDF Glow.mat using Guid(d75b8f41e959450c84ac6e967084d3e1) Importer(815301076,1909f56bfc062723c751e8b465ee728b) (PreviewImporter) -> (artifact id: '7c052603064a7e22c3fddf700450c997') in 0.4005981 seconds
Number of updated asset objects reloaded before import = 0Number of asset objects unloaded after import = 3

========================================================================
Received Import Request.
  Time since last request: 0.000057 seconds.
  path: Assets/Import/Flat Textures Pack/Materials/Winter_FrozenGround.mat
  artifactKey: Guid(5fb072cb6bfc5e343be27f17187cefae) Importer(815301076,1909f56bfc062723c751e8b465ee728b)
Start importing Assets/Import/Flat Textures Pack/Materials/Winter_FrozenGround.mat using Guid(5fb072cb6bfc5e343be27f17187cefae) Importer(815301076,1909f56bfc062723c751e8b465ee728b) (PreviewImporter) -> (artifact id: '8c887d3778cd682fae42c067832d0715') in 0.1122549 seconds
Number of updated asset objects reloaded before import = 0Number of asset objects unloaded after import = 3

========================================================================
Received Import Request.
  Time since last request: 0.000106 seconds.
  path: Assets/Import/Font/Deep Shadow.ttf
  artifactKey: Guid(7a759f93b65842d4a8bd58a3588ada81) Importer(815301076,1909f56bfc062723c751e8b465ee728b)
Start importing Assets/Import/Font/Deep Shadow.ttf using Guid(7a759f93b65842d4a8bd58a3588ada81) Importer(815301076,1909f56bfc062723c751e8b465ee728b) (PreviewImporter) -> (artifact id: '444742876fbd058b3b8acfc454bdef4c') in 0.0917238 seconds
Number of updated asset objects reloaded before import = 0Number of asset objects unloaded after import = 4

========================================================================
Received Import Request.
  Time since last request: 0.000041 seconds.
  path: Assets/Import/Flat Textures Pack/Materials/Cave_Crystal_A.mat
  artifactKey: Guid(fb8cc1d727af6e14ab2449668683f343) Importer(815301076,1909f56bfc062723c751e8b465ee728b)
Start importing Assets/Import/Flat Textures Pack/Materials/Cave_Crystal_A.mat using Guid(fb8cc1d727af6e14ab2449668683f343) Importer(815301076,1909f56bfc062723c751e8b465ee728b) (PreviewImporter) -> (artifact id: '892c452ef96978b34a302522e5101dc7') in 0.1111792 seconds
Number of updated asset objects reloaded before import = 0Number of asset objects unloaded after import = 3

========================================================================
Received Import Request.
  Time since last request: 0.000065 seconds.
  path: Assets/Import/Flat Textures Pack/Materials/Cave_Spores.mat
  artifactKey: Guid(364df4398afe01c4cbbe3bc100bcfcde) Importer(815301076,1909f56bfc062723c751e8b465ee728b)
Start importing Assets/Import/Flat Textures Pack/Materials/Cave_Spores.mat using Guid(364df4398afe01c4cbbe3bc100bcfcde) Importer(815301076,1909f56bfc062723c751e8b465ee728b) (PreviewImporter) -> (artifact id: 'a7052c6d1ff8692f1f830d5167edc120') in 0.1090698 seconds
Number of updated asset objects reloaded before import = 0Number of asset objects unloaded after import = 3

========================================================================
Received Import Request.
  Time since last request: 0.000057 seconds.
  path: Assets/Import/Font/Deep Shadow Over SDF.asset
  artifactKey: Guid(18dfd805d23d28b42957f4af2f3bbf3b) Importer(815301076,1909f56bfc062723c751e8b465ee728b)
Start importing Assets/Import/Font/Deep Shadow Over SDF.asset using Guid(18dfd805d23d28b42957f4af2f3bbf3b) Importer(815301076,1909f56bfc062723c751e8b465ee728b) (PreviewImporter) -> (artifact id: 'e8e033d9e23d6d223010a79536681223') in 0.1595443 seconds
Number of updated asset objects reloaded before import = 0Number of asset objects unloaded after import = 4

========================================================================
Received Import Request.
  Time since last request: 0.000050 seconds.
  path: Assets/TextMesh Pro/Examples & Extras/Resources/Fonts & Materials/Bangers SDF.asset
  artifactKey: Guid(125cb55b44b24c4393181402bc6200e6) Importer(815301076,1909f56bfc062723c751e8b465ee728b)
Start importing Assets/TextMesh Pro/Examples & Extras/Resources/Fonts & Materials/Bangers SDF.asset using Guid(125cb55b44b24c4393181402bc6200e6) Importer(815301076,1909f56bfc062723c751e8b465ee728b) (PreviewImporter) -> (artifact id: '064675b27dae690a01da736f9d6443b9') in 0.1426175 seconds
Number of updated asset objects reloaded before import = 0Number of asset objects unloaded after import = 6

========================================================================
Received Import Request.
  Time since last request: 0.000055 seconds.
  path: Assets/TextMesh Pro/Examples & Extras/Fonts/Oswald-Bold.ttf
  artifactKey: Guid(c9f6d0e7bc8541498c9a4799ba184ede) Importer(815301076,1909f56bfc062723c751e8b465ee728b)
Start importing Assets/TextMesh Pro/Examples & Extras/Fonts/Oswald-Bold.ttf using Guid(c9f6d0e7bc8541498c9a4799ba184ede) Importer(815301076,1909f56bfc062723c751e8b465ee728b) (PreviewImporter) -> (artifact id: 'cfd8c8950ad1bd8c911319c57033af3e') in 0.0562194 seconds
Number of updated asset objects reloaded before import = 0Number of asset objects unloaded after import = 4

========================================================================
Received Import Request.
  Time since last request: 0.000056 seconds.
  path: Assets/TextMesh Pro/Examples & Extras/Resources/Fonts & Materials/LiberationSans SDF - Soft Mask.mat
  artifactKey: Guid(42df1c7856584b6b8db9a509b6b10074) Importer(815301076,1909f56bfc062723c751e8b465ee728b)
Start importing Assets/TextMesh Pro/Examples & Extras/Resources/Fonts & Materials/LiberationSans SDF - Soft Mask.mat using Guid(42df1c7856584b6b8db9a509b6b10074) Importer(815301076,1909f56bfc062723c751e8b465ee728b) (PreviewImporter) -> (artifact id: '4bda33c02facbf69ef00740c2f00db31') in 0.2784002 seconds
Number of updated asset objects reloaded before import = 0Number of asset objects unloaded after import = 3

========================================================================
Received Import Request.
  Time since last request: 0.000060 seconds.
  path: Assets/TextMesh Pro/Examples & Extras/Fonts/Roboto-Bold.ttf
  artifactKey: Guid(4beb055f07aaff244873dec698d0363e) Importer(815301076,1909f56bfc062723c751e8b465ee728b)
Start importing Assets/TextMesh Pro/Examples & Extras/Fonts/Roboto-Bold.ttf using Guid(4beb055f07aaff244873dec698d0363e) Importer(815301076,1909f56bfc062723c751e8b465ee728b) (PreviewImporter) -> (artifact id: '19b80ec8a2b79e12e47e19e601833961') in 0.0603492 seconds
Number of updated asset objects reloaded before import = 0Number of asset objects unloaded after import = 4

========================================================================
Received Import Request.
  Time since last request: 0.000047 seconds.
  path: Assets/TextMesh Pro/Resources/Fonts & Materials/LiberationSans SDF - Fallback.asset
  artifactKey: Guid(2e498d1c8094910479dc3e1b768306a4) Importer(815301076,1909f56bfc062723c751e8b465ee728b)
Start importing Assets/TextMesh Pro/Resources/Fonts & Materials/LiberationSans SDF - Fallback.asset using Guid(2e498d1c8094910479dc3e1b768306a4) Importer(815301076,1909f56bfc062723c751e8b465ee728b) (PreviewImporter) -> (artifact id: '792047ae9c65f39dab1fb0c8cffcea5c') in 0.2047143 seconds
Number of updated asset objects reloaded before import = 0Number of asset objects unloaded after import = 6

========================================================================
Received Import Request.
  Time since last request: 0.000037 seconds.
  path: Assets/Import/Font/pixelmix.ttf
  artifactKey: Guid(38194a15dcc5ad446a7b8cd0162c978e) Importer(815301076,1909f56bfc062723c751e8b465ee728b)
Start importing Assets/Import/Font/pixelmix.ttf using Guid(38194a15dcc5ad446a7b8cd0162c978e) Importer(815301076,1909f56bfc062723c751e8b465ee728b) (PreviewImporter) -> (artifact id: 'bac416156394fbe1eac40bf7ee333eb7') in 0.0482237 seconds
Number of updated asset objects reloaded before import = 0Number of asset objects unloaded after import = 4

========================================================================
Received Import Request.
  Time since last request: 0.000103 seconds.
  path: Assets/TextMesh Pro/Resources/Fonts & Materials/LiberationSans SDF.asset
  artifactKey: Guid(8f586378b4e144a9851e7b34d9b748ee) Importer(815301076,1909f56bfc062723c751e8b465ee728b)
Start importing Assets/TextMesh Pro/Resources/Fonts & Materials/LiberationSans SDF.asset using Guid(8f586378b4e144a9851e7b34d9b748ee) Importer(815301076,1909f56bfc062723c751e8b465ee728b) (PreviewImporter) -> (artifact id: 'fe3f88759951275f2500680d4eccc8ef') in 0.1190522 seconds
Number of updated asset objects reloaded before import = 0Number of asset objects unloaded after import = 9

========================================================================
Received Import Request.
  Time since last request: 0.000035 seconds.
  path: Assets/Import/Flat Textures Pack/Materials/Cave_Bush.mat
  artifactKey: Guid(e9626647ac5db254d9e870edcdfd343b) Importer(815301076,1909f56bfc062723c751e8b465ee728b)
Start importing Assets/Import/Flat Textures Pack/Materials/Cave_Bush.mat using Guid(e9626647ac5db254d9e870edcdfd343b) Importer(815301076,1909f56bfc062723c751e8b465ee728b) (PreviewImporter) -> (artifact id: 'fff8059c565460189f6b73e324f26afd') in 0.0835982 seconds
Number of updated asset objects reloaded before import = 0Number of asset objects unloaded after import = 3

========================================================================
Received Import Request.
  Time since last request: 0.000124 seconds.
  path: Assets/TextMesh Pro/Examples & Extras/Resources/Fonts & Materials/Electronic Highway Sign SDF.asset
  artifactKey: Guid(dc36b3fdc14f47ebb36fd484a67e268a) Importer(815301076,1909f56bfc062723c751e8b465ee728b)
Start importing Assets/TextMesh Pro/Examples & Extras/Resources/Fonts & Materials/Electronic Highway Sign SDF.asset using Guid(dc36b3fdc14f47ebb36fd484a67e268a) Importer(815301076,1909f56bfc062723c751e8b465ee728b) (PreviewImporter) -> (artifact id: '3a3752d63a45367ae4b09bc5cc6be27d') in 0.1125857 seconds
Number of updated asset objects reloaded before import = 0Number of asset objects unloaded after import = 6

========================================================================
Received Import Request.
  Time since last request: 0.000045 seconds.
  path: Assets/Import/LowPolyMedievalPropsLite/Materials/LP_MedievalProps_BG.mat
  artifactKey: Guid(f890024eee83e014fbb7b54a3772c8fb) Importer(815301076,1909f56bfc062723c751e8b465ee728b)
Start importing Assets/Import/LowPolyMedievalPropsLite/Materials/LP_MedievalProps_BG.mat using Guid(f890024eee83e014fbb7b54a3772c8fb) Importer(815301076,1909f56bfc062723c751e8b465ee728b) (PreviewImporter) -> (artifact id: '6050e3c3cce904d859bd76af304daf1a') in 5.5597662 seconds
Number of updated asset objects reloaded before import = 0Number of asset objects unloaded after import = 1

========================================================================
Received Import Request.
  Time since last request: 0.000065 seconds.
  path: Assets/TextMesh Pro/Examples & Extras/Fonts/Unity.ttf
  artifactKey: Guid(f4eec857a4fdf2f43be0e9f3d1a984e7) Importer(815301076,1909f56bfc062723c751e8b465ee728b)
Start importing Assets/TextMesh Pro/Examples & Extras/Fonts/Unity.ttf using Guid(f4eec857a4fdf2f43be0e9f3d1a984e7) Importer(815301076,1909f56bfc062723c751e8b465ee728b) (PreviewImporter) -> (artifact id: 'bea47252cb9c58841aecbd58621c70e6') in 0.025058 seconds
Number of updated asset objects reloaded before import = 0Number of asset objects unloaded after import = 4

========================================================================
Received Import Request.
  Time since last request: 0.000041 seconds.
  path: Assets/Import/Flat Textures Pack/Materials/Winter_ChunkyIce.mat
  artifactKey: Guid(5f0995ce430fd1745a585b6cfe9c2ca9) Importer(815301076,1909f56bfc062723c751e8b465ee728b)
Start importing Assets/Import/Flat Textures Pack/Materials/Winter_ChunkyIce.mat using Guid(5f0995ce430fd1745a585b6cfe9c2ca9) Importer(815301076,1909f56bfc062723c751e8b465ee728b) (PreviewImporter) -> (artifact id: 'a648d5835e6902f46879fb2723baac3e') in 0.0556357 seconds
Number of updated asset objects reloaded before import = 0Number of asset objects unloaded after import = 3

========================================================================
Received Import Request.
  Time since last request: 0.000041 seconds.
  path: Assets/TextMesh Pro/Examples & Extras/Resources/Fonts & Materials/Roboto-Bold SDF - Drop Shadow.mat
  artifactKey: Guid(b246c4190f4e46ec9352fe15a7b09ce0) Importer(815301076,1909f56bfc062723c751e8b465ee728b)
Start importing Assets/TextMesh Pro/Examples & Extras/Resources/Fonts & Materials/Roboto-Bold SDF - Drop Shadow.mat using Guid(b246c4190f4e46ec9352fe15a7b09ce0) Importer(815301076,1909f56bfc062723c751e8b465ee728b) (PreviewImporter) -> (artifact id: 'eb0255405f90198f6c1d1f8bb0170403') in 0.0193992 seconds
Number of updated asset objects reloaded before import = 0Number of asset objects unloaded after import = 2

========================================================================
Received Import Request.
  Time since last request: 0.000040 seconds.
  path: Assets/TextMesh Pro/Examples & Extras/Resources/Fonts & Materials/Bangers SDF - Outline.mat
  artifactKey: Guid(f629c6e43dba4bf38cb74d8860150664) Importer(815301076,1909f56bfc062723c751e8b465ee728b)
Start importing Assets/TextMesh Pro/Examples & Extras/Resources/Fonts & Materials/Bangers SDF - Outline.mat using Guid(f629c6e43dba4bf38cb74d8860150664) Importer(815301076,1909f56bfc062723c751e8b465ee728b) (PreviewImporter) -> (artifact id: '12550c6d405d9fe910974c39ce558824') in 0.0799986 seconds
Number of updated asset objects reloaded before import = 0Number of asset objects unloaded after import = 2

========================================================================
Received Import Request.
  Time since last request: 0.000029 seconds.
  path: Assets/TextMesh Pro/Examples & Extras/Resources/Fonts & Materials/Bangers SDF - Drop Shadow - 2 Pass.mat
  artifactKey: Guid(947a44964e53bf0448ff698b2a2219c0) Importer(815301076,1909f56bfc062723c751e8b465ee728b)
Start importing Assets/TextMesh Pro/Examples & Extras/Resources/Fonts & Materials/Bangers SDF - Drop Shadow - 2 Pass.mat using Guid(947a44964e53bf0448ff698b2a2219c0) Importer(815301076,1909f56bfc062723c751e8b465ee728b) (PreviewImporter) -> (artifact id: '6e852f59cc45ac3a83e15981f9f8295c') in 0.1278978 seconds
Number of updated asset objects reloaded before import = 0Number of asset objects unloaded after import = 3

========================================================================
Received Import Request.
  Time since last request: 0.000035 seconds.
  path: Assets/Import/Flat Textures Pack/Materials/Desert_Bushes.mat
  artifactKey: Guid(a08dad81b78f42e489c9703efc2c1fb0) Importer(815301076,1909f56bfc062723c751e8b465ee728b)
Start importing Assets/Import/Flat Textures Pack/Materials/Desert_Bushes.mat using Guid(a08dad81b78f42e489c9703efc2c1fb0) Importer(815301076,1909f56bfc062723c751e8b465ee728b) (PreviewImporter) -> (artifact id: '7ce754ef0d3030ee3290d355b3e124df') in 0.0569045 seconds
Number of updated asset objects reloaded before import = 0Number of asset objects unloaded after import = 3

========================================================================
Received Import Request.
  Time since last request: 0.000080 seconds.
  path: Assets/Import/Flat Textures Pack/Materials/Desert_Tiles.mat
  artifactKey: Guid(0420eef65a9103241abca4e53c4d74bb) Importer(815301076,1909f56bfc062723c751e8b465ee728b)
Start importing Assets/Import/Flat Textures Pack/Materials/Desert_Tiles.mat using Guid(0420eef65a9103241abca4e53c4d74bb) Importer(815301076,1909f56bfc062723c751e8b465ee728b) (PreviewImporter) -> (artifact id: '317edd510adb74a5db871afbcd493d9b') in 0.0532778 seconds
Number of updated asset objects reloaded before import = 0Number of asset objects unloaded after import = 3

========================================================================
Received Import Request.
  Time since last request: 0.000033 seconds.
  path: Assets/TextMesh Pro/Examples & Extras/Materials/Crate - Surface Shader Scene.mat
  artifactKey: Guid(e6b9b44320f4448d9d5e0ee634259966) Importer(815301076,1909f56bfc062723c751e8b465ee728b)
Start importing Assets/TextMesh Pro/Examples & Extras/Materials/Crate - Surface Shader Scene.mat using Guid(e6b9b44320f4448d9d5e0ee634259966) Importer(815301076,1909f56bfc062723c751e8b465ee728b) (PreviewImporter) -> (artifact id: '6493c7b4baf6f1d780d7ac6a27cc598f') in 0.068864 seconds
Number of updated asset objects reloaded before import = 0Number of asset objects unloaded after import = 3

========================================================================
Received Import Request.
  Time since last request: 0.000127 seconds.
  path: Assets/TextMesh Pro/Examples & Extras/Fonts/Electronic Highway Sign.TTF
  artifactKey: Guid(8a2b9e2a607dd2143b58c44bc32410b4) Importer(815301076,1909f56bfc062723c751e8b465ee728b)
Start importing Assets/TextMesh Pro/Examples & Extras/Fonts/Electronic Highway Sign.TTF using Guid(8a2b9e2a607dd2143b58c44bc32410b4) Importer(815301076,1909f56bfc062723c751e8b465ee728b) (PreviewImporter) -> (artifact id: '11425e5370707d6317b98665dc01f7b2') in 0.0272625 seconds
Number of updated asset objects reloaded before import = 0Number of asset objects unloaded after import = 4

========================================================================
Received Import Request.
  Time since last request: 0.000071 seconds.
  path: Assets/TextMesh Pro/Fonts/LiberationSans.ttf
  artifactKey: Guid(e3265ab4bf004d28a9537516768c1c75) Importer(815301076,1909f56bfc062723c751e8b465ee728b)
Start importing Assets/TextMesh Pro/Fonts/LiberationSans.ttf using Guid(e3265ab4bf004d28a9537516768c1c75) Importer(815301076,1909f56bfc062723c751e8b465ee728b) (PreviewImporter) -> (artifact id: 'd393b21cd68c85091a5c570ad96024e7') in 0.0330016 seconds
Number of updated asset objects reloaded before import = 0Number of asset objects unloaded after import = 4

========================================================================
Received Import Request.
  Time since last request: 0.000039 seconds.
  path: Assets/Import/Flat Textures Pack/Materials/Cave_Poison.mat
  artifactKey: Guid(8c2a02727fd639347bf1e97df0a962b1) Importer(815301076,1909f56bfc062723c751e8b465ee728b)
Start importing Assets/Import/Flat Textures Pack/Materials/Cave_Poison.mat using Guid(8c2a02727fd639347bf1e97df0a962b1) Importer(815301076,1909f56bfc062723c751e8b465ee728b) (PreviewImporter) -> (artifact id: '61401625a44754be9a7a38465f2695e3') in 0.0691088 seconds
Number of updated asset objects reloaded before import = 0Number of asset objects unloaded after import = 3

========================================================================
Received Import Request.
  Time since last request: 0.000046 seconds.
  path: Assets/TextMesh Pro/Examples & Extras/Materials/Ground - Surface Shader Scene.mat
  artifactKey: Guid(aadd5a709a48466c887296bb5b1b8110) Importer(815301076,1909f56bfc062723c751e8b465ee728b)
Start importing Assets/TextMesh Pro/Examples & Extras/Materials/Ground - Surface Shader Scene.mat using Guid(aadd5a709a48466c887296bb5b1b8110) Importer(815301076,1909f56bfc062723c751e8b465ee728b) (PreviewImporter) -> (artifact id: 'e082be0097cb342b805c72c0499d9c48') in 0.0348535 seconds
Number of updated asset objects reloaded before import = 0Number of asset objects unloaded after import = 2

========================================================================
Received Import Request.
  Time since last request: 0.000385 seconds.
  path: Assets/Import/Font/KiwiSoda.ttf
  artifactKey: Guid(b5bd5a607ba78074b9801c9947ba551e) Importer(815301076,1909f56bfc062723c751e8b465ee728b)
Start importing Assets/Import/Font/KiwiSoda.ttf using Guid(b5bd5a607ba78074b9801c9947ba551e) Importer(815301076,1909f56bfc062723c751e8b465ee728b) (PreviewImporter) -> (artifact id: 'ae6cb87b86fbbde387acab9e173ebaf6') in 0.0448894 seconds
Number of updated asset objects reloaded before import = 0Number of asset objects unloaded after import = 4

========================================================================
Received Import Request.
  Time since last request: 0.000051 seconds.
  path: Assets/Import/Flat Textures Pack/Materials/Summer_Mud_A.mat
  artifactKey: Guid(a272687875e64684daa5f944e711872d) Importer(815301076,1909f56bfc062723c751e8b465ee728b)
Start importing Assets/Import/Flat Textures Pack/Materials/Summer_Mud_A.mat using Guid(a272687875e64684daa5f944e711872d) Importer(815301076,1909f56bfc062723c751e8b465ee728b) (PreviewImporter) -> (artifact id: '2e78542081f32c40ec523ceb9dd333f6') in 0.1258933 seconds
Number of updated asset objects reloaded before import = 0Number of asset objects unloaded after import = 3

========================================================================
Received Import Request.
  Time since last request: 0.000068 seconds.
  path: Assets/Import/Font/Melted Monster.ttf
  artifactKey: Guid(1114824bd671027478e6a834f90bb19d) Importer(815301076,1909f56bfc062723c751e8b465ee728b)
Start importing Assets/Import/Font/Melted Monster.ttf using Guid(1114824bd671027478e6a834f90bb19d) Importer(815301076,1909f56bfc062723c751e8b465ee728b) (PreviewImporter) -> (artifact id: 'ef07121ecebd4fb52ed08f51532f1bfe') in 0.0539125 seconds
Number of updated asset objects reloaded before import = 0Number of asset objects unloaded after import = 4

========================================================================
Received Import Request.
  Time since last request: 0.000036 seconds.
  path: Assets/TextMesh Pro/Examples & Extras/Fonts/Bangers.ttf
  artifactKey: Guid(5dd49b3eacc540408c98eee0de38e0f1) Importer(815301076,1909f56bfc062723c751e8b465ee728b)
Start importing Assets/TextMesh Pro/Examples & Extras/Fonts/Bangers.ttf using Guid(5dd49b3eacc540408c98eee0de38e0f1) Importer(815301076,1909f56bfc062723c751e8b465ee728b) (PreviewImporter) -> (artifact id: '2bb2e8f79bd055d0ebe26914fec69b60') in 0.0467947 seconds
Number of updated asset objects reloaded before import = 0Number of asset objects unloaded after import = 4

========================================================================
Received Import Request.
  Time since last request: 0.000069 seconds.
  path: Assets/Import/Font/Deep Shadow SDF.asset
  artifactKey: Guid(1a269f0e5c4c75748a39bc5fa6d7f66e) Importer(815301076,1909f56bfc062723c751e8b465ee728b)
Start importing Assets/Import/Font/Deep Shadow SDF.asset using Guid(1a269f0e5c4c75748a39bc5fa6d7f66e) Importer(815301076,1909f56bfc062723c751e8b465ee728b) (PreviewImporter) -> (artifact id: '796dad6f91d07e2cc310ef8830b30100') in 0.0826482 seconds
Number of updated asset objects reloaded before import = 0Number of asset objects unloaded after import = 4

========================================================================
Received Import Request.
  Time since last request: 0.000048 seconds.
  path: Assets/Import/Flat Textures Pack/Materials/Summer_Moss.mat
  artifactKey: Guid(ee8af93f6543af1418cb59d1c38e78be) Importer(815301076,1909f56bfc062723c751e8b465ee728b)
Start importing Assets/Import/Flat Textures Pack/Materials/Summer_Moss.mat using Guid(ee8af93f6543af1418cb59d1c38e78be) Importer(815301076,1909f56bfc062723c751e8b465ee728b) (PreviewImporter) -> (artifact id: '0bfa7e5592729e18c68a1d67d7ba5df8') in 0.0983755 seconds
Number of updated asset objects reloaded before import = 0Number of asset objects unloaded after import = 3

========================================================================
Received Import Request.
  Time since last request: 0.000116 seconds.
  path: Assets/Import/Flat Textures Pack/Materials/Desert_Sand.mat
  artifactKey: Guid(3b85b3f360cf9ec43bec0706d0a03147) Importer(815301076,1909f56bfc062723c751e8b465ee728b)
Start importing Assets/Import/Flat Textures Pack/Materials/Desert_Sand.mat using Guid(3b85b3f360cf9ec43bec0706d0a03147) Importer(815301076,1909f56bfc062723c751e8b465ee728b) (PreviewImporter) -> (artifact id: 'eb2d33bdfcd20c585178c1df7079e1ec') in 0.1859408 seconds
Number of updated asset objects reloaded before import = 0Number of asset objects unloaded after import = 3

========================================================================
Received Import Request.
  Time since last request: 0.000073 seconds.
  path: Assets/TextMesh Pro/Examples & Extras/Resources/Fonts & Materials/Bangers SDF Logo.mat
  artifactKey: Guid(f4e195ac1e204eff960149d1cb34e18c) Importer(815301076,1909f56bfc062723c751e8b465ee728b)
Start importing Assets/TextMesh Pro/Examples & Extras/Resources/Fonts & Materials/Bangers SDF Logo.mat using Guid(f4e195ac1e204eff960149d1cb34e18c) Importer(815301076,1909f56bfc062723c751e8b465ee728b) (PreviewImporter) -> (artifact id: 'b1b39163020a8e68261ae248e20c65f3') in 0.2032302 seconds
Number of updated asset objects reloaded before import = 0Number of asset objects unloaded after import = 4

========================================================================
Received Import Request.
  Time since last request: 0.000264 seconds.
  path: Assets/TextMesh Pro/Examples & Extras/Materials/Ground - URP.mat
  artifactKey: Guid(71529b88994c1a341b22bc57c038674a) Importer(815301076,1909f56bfc062723c751e8b465ee728b)
Start importing Assets/TextMesh Pro/Examples & Extras/Materials/Ground - URP.mat using Guid(71529b88994c1a341b22bc57c038674a) Importer(815301076,1909f56bfc062723c751e8b465ee728b) (PreviewImporter) -> (artifact id: '4ea18b9a9e68b847a413a9ea545df794') in 9.9338921 seconds
Number of updated asset objects reloaded before import = 0Number of asset objects unloaded after import = 2

========================================================================
Received Import Request.
  Time since last request: 0.000180 seconds.
  path: Assets/Import/SimpleNaturePack/Materials/SimpleNaturePack_Texture_01.mat
  artifactKey: Guid(93caadf4359ae8143aad35b3145d31af) Importer(815301076,1909f56bfc062723c751e8b465ee728b)
Start importing Assets/Import/SimpleNaturePack/Materials/SimpleNaturePack_Texture_01.mat using Guid(93caadf4359ae8143aad35b3145d31af) Importer(815301076,1909f56bfc062723c751e8b465ee728b) (PreviewImporter) -> (artifact id: '1af75bf3b1c66e9aff799b4eaa51063e') in 0.1473295 seconds
Number of updated asset objects reloaded before import = 0Number of asset objects unloaded after import = 2

========================================================================
Received Import Request.
  Time since last request: 0.000078 seconds.
  path: Assets/Import/Flat Textures Pack/Materials/Summer_ForestRoad.mat
  artifactKey: Guid(55d9b8c647ad2ba4899329faec1273da) Importer(815301076,1909f56bfc062723c751e8b465ee728b)
Start importing Assets/Import/Flat Textures Pack/Materials/Summer_ForestRoad.mat using Guid(55d9b8c647ad2ba4899329faec1273da) Importer(815301076,1909f56bfc062723c751e8b465ee728b) (PreviewImporter) -> (artifact id: 'a219f31b9325d47b7e8112767b666587') in 0.1087708 seconds
Number of updated asset objects reloaded before import = 0Number of asset objects unloaded after import = 3

========================================================================
Received Import Request.
  Time since last request: 0.000056 seconds.
  path: Assets/Import/Flat Textures Pack/Materials/Summer_Dirt_A.mat
  artifactKey: Guid(865b305109e555749a4c8609b545998d) Importer(815301076,1909f56bfc062723c751e8b465ee728b)
Start importing Assets/Import/Flat Textures Pack/Materials/Summer_Dirt_A.mat using Guid(865b305109e555749a4c8609b545998d) Importer(815301076,1909f56bfc062723c751e8b465ee728b) (PreviewImporter) -> (artifact id: 'da4865e410177ccb67c9163d10170a74') in 0.0583528 seconds
Number of updated asset objects reloaded before import = 0Number of asset objects unloaded after import = 3

========================================================================
Received Import Request.
  Time since last request: 0.000051 seconds.
  path: Assets/TextMesh Pro/Examples & Extras/Materials/Ground - Logo Scene.mat
  artifactKey: Guid(c719e38f25a9480abd2480ab621a2949) Importer(815301076,1909f56bfc062723c751e8b465ee728b)
Start importing Assets/TextMesh Pro/Examples & Extras/Materials/Ground - Logo Scene.mat using Guid(c719e38f25a9480abd2480ab621a2949) Importer(815301076,1909f56bfc062723c751e8b465ee728b) (PreviewImporter) -> (artifact id: 'bfcb7433977d3b210c8c1e8c01cca392') in 0.0180421 seconds
Number of updated asset objects reloaded before import = 0Number of asset objects unloaded after import = 2

========================================================================
Received Import Request.
  Time since last request: 0.000045 seconds.
  path: Assets/TextMesh Pro/Examples & Extras/Resources/Fonts & Materials/Unity SDF - HDRP LIT - Bloom.mat
  artifactKey: Guid(8d176c01131de8f46ad61094e29d79b2) Importer(815301076,1909f56bfc062723c751e8b465ee728b)
Start importing Assets/TextMesh Pro/Examples & Extras/Resources/Fonts & Materials/Unity SDF - HDRP LIT - Bloom.mat using Guid(8d176c01131de8f46ad61094e29d79b2) Importer(815301076,1909f56bfc062723c751e8b465ee728b) (PreviewImporter) -> (artifact id: 'f36bae3937e6918b40a070e8aa02dc90') in 0.1199631 seconds
Number of updated asset objects reloaded before import = 0Number of asset objects unloaded after import = 3

========================================================================
Received Import Request.
  Time since last request: 0.000087 seconds.
  path: Assets/Import/Flat Textures Pack/Materials/Desert_CracedMud.mat
  artifactKey: Guid(9c499f1f265a28748a3f4ccecb05c8c8) Importer(815301076,1909f56bfc062723c751e8b465ee728b)
Start importing Assets/Import/Flat Textures Pack/Materials/Desert_CracedMud.mat using Guid(9c499f1f265a28748a3f4ccecb05c8c8) Importer(815301076,1909f56bfc062723c751e8b465ee728b) (PreviewImporter) -> (artifact id: '65fe989ce08b2df305b9e173a78f1079') in 0.1352337 seconds
Number of updated asset objects reloaded before import = 0Number of asset objects unloaded after import = 3

========================================================================
Received Import Request.
  Time since last request: 0.000053 seconds.
  path: Assets/Import/Flat Textures Pack/Materials/Winter_Bush.mat
  artifactKey: Guid(1f8f706c4245d5b49a36d8e449469de6) Importer(815301076,1909f56bfc062723c751e8b465ee728b)
Start importing Assets/Import/Flat Textures Pack/Materials/Winter_Bush.mat using Guid(1f8f706c4245d5b49a36d8e449469de6) Importer(815301076,1909f56bfc062723c751e8b465ee728b) (PreviewImporter) -> (artifact id: '21b4fa8258f9abf4851e83681168cc2d') in 0.156539 seconds
Number of updated asset objects reloaded before import = 0Number of asset objects unloaded after import = 3

========================================================================
Received Import Request.
  Time since last request: 0.000154 seconds.
  path: Assets/Import/Flat Textures Pack/Materials/Winter_Ice_Cracked_A.mat
  artifactKey: Guid(261ce03210dba03488d4c264cc8d0528) Importer(815301076,1909f56bfc062723c751e8b465ee728b)
Start importing Assets/Import/Flat Textures Pack/Materials/Winter_Ice_Cracked_A.mat using Guid(261ce03210dba03488d4c264cc8d0528) Importer(815301076,1909f56bfc062723c751e8b465ee728b) (PreviewImporter) -> (artifact id: 'f478eaf07977e544accc7c63db20e2fd') in 0.1659317 seconds
Number of updated asset objects reloaded before import = 0Number of asset objects unloaded after import = 3

========================================================================
Received Import Request.
  Time since last request: 0.000040 seconds.
  path: Assets/TextMesh Pro/Shaders/TMP_SDF-HDRP UNLIT.shadergraph
  artifactKey: Guid(f63d574838ccfb44f84acc05fed0af48) Importer(815301076,1909f56bfc062723c751e8b465ee728b)
Start importing Assets/TextMesh Pro/Shaders/TMP_SDF-HDRP UNLIT.shadergraph using Guid(f63d574838ccfb44f84acc05fed0af48) Importer(815301076,1909f56bfc062723c751e8b465ee728b) (PreviewImporter) -> (artifact id: '623bb74698dedd0a56ae827843cb3733') in 0.0662915 seconds
Number of updated asset objects reloaded before import = 0Number of asset objects unloaded after import = 2

========================================================================
Received Import Request.
  Time since last request: 0.000160 seconds.
  path: Assets/TextMesh Pro/Examples & Extras/Materials/Small Crate_diffuse.mat
  artifactKey: Guid(22262639920f43d6be32430e4e58350d) Importer(815301076,1909f56bfc062723c751e8b465ee728b)
Start importing Assets/TextMesh Pro/Examples & Extras/Materials/Small Crate_diffuse.mat using Guid(22262639920f43d6be32430e4e58350d) Importer(815301076,1909f56bfc062723c751e8b465ee728b) (PreviewImporter) -> (artifact id: 'e17e3f588c1975cc64e62ce58b4498cc') in 0.0608956 seconds
Number of updated asset objects reloaded before import = 0Number of asset objects unloaded after import = 3

========================================================================
Received Import Request.
  Time since last request: 0.000059 seconds.
  path: Assets/TextMesh Pro/Shaders/TMP_SDF-HDRP LIT.shadergraph
  artifactKey: Guid(ca2ed216f98028c4dae6c5224a952b3c) Importer(815301076,1909f56bfc062723c751e8b465ee728b)
Start importing Assets/TextMesh Pro/Shaders/TMP_SDF-HDRP LIT.shadergraph using Guid(ca2ed216f98028c4dae6c5224a952b3c) Importer(815301076,1909f56bfc062723c751e8b465ee728b) (PreviewImporter) -> (artifact id: 'f4320271237920cd735bc3bffb32c072') in 0.0358484 seconds
Number of updated asset objects reloaded before import = 0Number of asset objects unloaded after import = 2

========================================================================
Received Import Request.
  Time since last request: 0.000196 seconds.
  path: Assets/Import/Flat Textures Pack/Materials/Desert_Sand_A.mat
  artifactKey: Guid(f112b988042d5844d86a06f124d4ea41) Importer(815301076,1909f56bfc062723c751e8b465ee728b)
Start importing Assets/Import/Flat Textures Pack/Materials/Desert_Sand_A.mat using Guid(f112b988042d5844d86a06f124d4ea41) Importer(815301076,1909f56bfc062723c751e8b465ee728b) (PreviewImporter) -> (artifact id: 'e2b0cb07b9ff84d3fc0f668a9f500f16') in 0.1051718 seconds
Number of updated asset objects reloaded before import = 0Number of asset objects unloaded after import = 3

========================================================================
Received Import Request.
  Time since last request: 0.000049 seconds.
  path: Assets/TextMesh Pro/Resources/Fonts & Materials/LiberationSans SDF - Outline.mat
  artifactKey: Guid(79459efec17a4d00a321bdcc27bbc385) Importer(815301076,1909f56bfc062723c751e8b465ee728b)
Start importing Assets/TextMesh Pro/Resources/Fonts & Materials/LiberationSans SDF - Outline.mat using Guid(79459efec17a4d00a321bdcc27bbc385) Importer(815301076,1909f56bfc062723c751e8b465ee728b) (PreviewImporter) -> (artifact id: '77e931c57f4877555393b6571ce42f50') in 0.0877006 seconds
Number of updated asset objects reloaded before import = 0Number of asset objects unloaded after import = 2

========================================================================
Received Import Request.
  Time since last request: 0.000116 seconds.
  path: Assets/Import/LowPolyMedievalPropsLite/Materials/LP_MedievalProps_BG2.mat
  artifactKey: Guid(37b2df931519e8c4f91d8633a8b45261) Importer(815301076,1909f56bfc062723c751e8b465ee728b)
Start importing Assets/Import/LowPolyMedievalPropsLite/Materials/LP_MedievalProps_BG2.mat using Guid(37b2df931519e8c4f91d8633a8b45261) Importer(815301076,1909f56bfc062723c751e8b465ee728b) (PreviewImporter) -> (artifact id: '61b44d677db3007d2ffeadc16d4e4165') in 0.0651227 seconds
Number of updated asset objects reloaded before import = 0Number of asset objects unloaded after import = 1

========================================================================
Received Import Request.
  Time since last request: 0.000042 seconds.
  path: Assets/TextMesh Pro/Examples & Extras/Resources/Fonts & Materials/LiberationSans SDF - Overlay.mat
  artifactKey: Guid(9ad269c99dcf42b7aedefd83dd5a7b9d) Importer(815301076,1909f56bfc062723c751e8b465ee728b)
Start importing Assets/TextMesh Pro/Examples & Extras/Resources/Fonts & Materials/LiberationSans SDF - Overlay.mat using Guid(9ad269c99dcf42b7aedefd83dd5a7b9d) Importer(815301076,1909f56bfc062723c751e8b465ee728b) (PreviewImporter) -> (artifact id: 'd990e4d6af278e7e488c7b83abfe9d80') in 0.2151007 seconds
Number of updated asset objects reloaded before import = 0Number of asset objects unloaded after import = 2

========================================================================
Received Import Request.
  Time since last request: 0.000047 seconds.
  path: Assets/TextMesh Pro/Examples & Extras/Resources/Fonts & Materials/Roboto-Bold SDF - URP.mat
  artifactKey: Guid(90722b8bd74d9aa49958562aff7bdf76) Importer(815301076,1909f56bfc062723c751e8b465ee728b)
Start importing Assets/TextMesh Pro/Examples & Extras/Resources/Fonts & Materials/Roboto-Bold SDF - URP.mat using Guid(90722b8bd74d9aa49958562aff7bdf76) Importer(815301076,1909f56bfc062723c751e8b465ee728b) (PreviewImporter) -> (artifact id: '7bdaa1a85b91517c9e12688afad88131') in 8.5235749 seconds
Number of updated asset objects reloaded before import = 0Number of asset objects unloaded after import = 3

========================================================================
Received Import Request.
  Time since last request: 0.000146 seconds.
  path: Assets/Import/Flat Textures Pack/Materials/Summer_Grass_A.mat
  artifactKey: Guid(fe40329174e9720479ab77410cc459ab) Importer(815301076,1909f56bfc062723c751e8b465ee728b)
Start importing Assets/Import/Flat Textures Pack/Materials/Summer_Grass_A.mat using Guid(fe40329174e9720479ab77410cc459ab) Importer(815301076,1909f56bfc062723c751e8b465ee728b) (PreviewImporter) -> (artifact id: 'ecc3a6dab40443a56ab4d77fb895d979') in 0.0854722 seconds
Number of updated asset objects reloaded before import = 0Number of asset objects unloaded after import = 3

========================================================================
Received Import Request.
  Time since last request: 0.000061 seconds.
  path: Assets/Shaders/Paintable.shadergraph
  artifactKey: Guid(d720082e5b71004498653db605c207b2) Importer(815301076,1909f56bfc062723c751e8b465ee728b)
Start importing Assets/Shaders/Paintable.shadergraph using Guid(d720082e5b71004498653db605c207b2) Importer(815301076,1909f56bfc062723c751e8b465ee728b) (PreviewImporter) -> (artifact id: 'e97fc68501a684a214ab7e9ad27f9a19') in 8.6861442 seconds
Number of updated asset objects reloaded before import = 0Number of asset objects unloaded after import = 6

========================================================================
Received Import Request.
  Time since last request: 0.000118 seconds.
  path: Assets/Import/Flat Textures Pack/Materials/Water_A.mat
  artifactKey: Guid(09b830498de6c894ead635fafa7d6b81) Importer(815301076,1909f56bfc062723c751e8b465ee728b)
Start importing Assets/Import/Flat Textures Pack/Materials/Water_A.mat using Guid(09b830498de6c894ead635fafa7d6b81) Importer(815301076,1909f56bfc062723c751e8b465ee728b) (PreviewImporter) -> (artifact id: '0e763b952b79813881b69a6f7e7262e8') in 0.1106266 seconds
Number of updated asset objects reloaded before import = 0Number of asset objects unloaded after import = 3

========================================================================
Received Import Request.
  Time since last request: 0.000052 seconds.
  path: Assets/Import/Flat Textures Pack/Materials/Winter_Cracked_Ice_C.mat
  artifactKey: Guid(78377f0d38e131048b6ba2db0b0d5690) Importer(815301076,1909f56bfc062723c751e8b465ee728b)
Start importing Assets/Import/Flat Textures Pack/Materials/Winter_Cracked_Ice_C.mat using Guid(78377f0d38e131048b6ba2db0b0d5690) Importer(815301076,1909f56bfc062723c751e8b465ee728b) (PreviewImporter) -> (artifact id: '80f7873e63c08e796c7eac93a9ffb451') in 0.0992903 seconds
Number of updated asset objects reloaded before import = 0Number of asset objects unloaded after import = 3

========================================================================
Received Import Request.
  Time since last request: 0.000039 seconds.
  path: Assets/Import/Flat Textures Pack/Materials/Summer_CrackedRock.mat
  artifactKey: Guid(ed77080e081fcf6498c2325430f2191f) Importer(815301076,1909f56bfc062723c751e8b465ee728b)
Start importing Assets/Import/Flat Textures Pack/Materials/Summer_CrackedRock.mat using Guid(ed77080e081fcf6498c2325430f2191f) Importer(815301076,1909f56bfc062723c751e8b465ee728b) (PreviewImporter) -> (artifact id: '068c3c4e3eead8d7d9d639ac8001aec3') in 0.0526589 seconds
Number of updated asset objects reloaded before import = 0Number of asset objects unloaded after import = 3

========================================================================
Received Import Request.
  Time since last request: 0.000044 seconds.
  path: Assets/TextMesh Pro/Examples & Extras/Resources/Fonts & Materials/Unity SDF.asset
  artifactKey: Guid(c9adb1f542a93ae489bacfeae21e8394) Importer(815301076,1909f56bfc062723c751e8b465ee728b)
Start importing Assets/TextMesh Pro/Examples & Extras/Resources/Fonts & Materials/Unity SDF.asset using Guid(c9adb1f542a93ae489bacfeae21e8394) Importer(815301076,1909f56bfc062723c751e8b465ee728b) (PreviewImporter) -> (artifact id: 'cbc6acede5fd732299b09cb828ab6a6b') in 0.0881545 seconds
Number of updated asset objects reloaded before import = 0Number of asset objects unloaded after import = 5

========================================================================
Received Import Request.
  Time since last request: 0.000105 seconds.
  path: Assets/Import/Model/Materials/VRayMtl1.mat
  artifactKey: Guid(0a494b179f2fabd40aab81d87229729d) Importer(815301076,1909f56bfc062723c751e8b465ee728b)
Start importing Assets/Import/Model/Materials/VRayMtl1.mat using Guid(0a494b179f2fabd40aab81d87229729d) Importer(815301076,1909f56bfc062723c751e8b465ee728b) (PreviewImporter) -> (artifact id: 'a63c61a7cc621d2fc9a90a63e56ecd2e') in 0.0532804 seconds
Number of updated asset objects reloaded before import = 0Number of asset objects unloaded after import = 1

========================================================================
Received Import Request.
  Time since last request: 0.000076 seconds.
  path: Assets/Import/Font/Deep Shadow Under.ttf
  artifactKey: Guid(b103b278d3157f64d8474ef7e3e8f148) Importer(815301076,1909f56bfc062723c751e8b465ee728b)
Start importing Assets/Import/Font/Deep Shadow Under.ttf using Guid(b103b278d3157f64d8474ef7e3e8f148) Importer(815301076,1909f56bfc062723c751e8b465ee728b) (PreviewImporter) -> (artifact id: '9203fb4292488fac75fbd21148afd454') in 0.0443998 seconds
Number of updated asset objects reloaded before import = 0Number of asset objects unloaded after import = 4

========================================================================
Received Import Request.
  Time since last request: 0.000075 seconds.
  path: Assets/Import/Flat Textures Pack/Materials/Water_B.mat
  artifactKey: Guid(077530e0b0a9273408ae4d17c1a1af03) Importer(815301076,1909f56bfc062723c751e8b465ee728b)
Start importing Assets/Import/Flat Textures Pack/Materials/Water_B.mat using Guid(077530e0b0a9273408ae4d17c1a1af03) Importer(815301076,1909f56bfc062723c751e8b465ee728b) (PreviewImporter) -> (artifact id: '8bf2354a3fdd00da6a805857ad06b21e') in 0.0983759 seconds
Number of updated asset objects reloaded before import = 0Number of asset objects unloaded after import = 3

========================================================================
Received Import Request.
  Time since last request: 0.000074 seconds.
  path: Assets/TextMesh Pro/Examples & Extras/Resources/Fonts & Materials/Roboto-Bold SDF - HDRP Unlit.mat
  artifactKey: Guid(2ddca8f46aa0838419d568affb0ca6b4) Importer(815301076,1909f56bfc062723c751e8b465ee728b)
Start importing Assets/TextMesh Pro/Examples & Extras/Resources/Fonts & Materials/Roboto-Bold SDF - HDRP Unlit.mat using Guid(2ddca8f46aa0838419d568affb0ca6b4) Importer(815301076,1909f56bfc062723c751e8b465ee728b) (PreviewImporter) -> (artifact id: 'b38257f4d200db8e973515010e27e803') in 0.0671956 seconds
Number of updated asset objects reloaded before import = 0Number of asset objects unloaded after import = 4

========================================================================
Received Import Request.
  Time since last request: 0.000200 seconds.
  path: Assets/Import/Font/Deep Shadow Over.ttf
  artifactKey: Guid(966dee5467598ad47a5e7fbc48463faf) Importer(815301076,1909f56bfc062723c751e8b465ee728b)
Start importing Assets/Import/Font/Deep Shadow Over.ttf using Guid(966dee5467598ad47a5e7fbc48463faf) Importer(815301076,1909f56bfc062723c751e8b465ee728b) (PreviewImporter) -> (artifact id: '827a6474c7ffd9de0f73a1588f586e6f') in 0.0441214 seconds
Number of updated asset objects reloaded before import = 0Number of asset objects unloaded after import = 4

========================================================================
Received Import Request.
  Time since last request: 0.000074 seconds.
  path: Assets/TextMesh Pro/Resources/Fonts & Materials/LiberationSans SDF - Drop Shadow.mat
  artifactKey: Guid(e73a58f6e2794ae7b1b7e50b7fb811b0) Importer(815301076,1909f56bfc062723c751e8b465ee728b)
Start importing Assets/TextMesh Pro/Resources/Fonts & Materials/LiberationSans SDF - Drop Shadow.mat using Guid(e73a58f6e2794ae7b1b7e50b7fb811b0) Importer(815301076,1909f56bfc062723c751e8b465ee728b) (PreviewImporter) -> (artifact id: 'c590f25e6cb8e4439285bdaac6db7d7b') in 0.0814378 seconds
Number of updated asset objects reloaded before import = 0Number of asset objects unloaded after import = 2

========================================================================
Received Import Request.
  Time since last request: 0.000062 seconds.
  path: Assets/Import/Flat Textures Pack/Materials/Forest_RiverPebbles.mat
  artifactKey: Guid(33edbb19ee29c624ab5c9184c95c5f2b) Importer(815301076,1909f56bfc062723c751e8b465ee728b)
Start importing Assets/Import/Flat Textures Pack/Materials/Forest_RiverPebbles.mat using Guid(33edbb19ee29c624ab5c9184c95c5f2b) Importer(815301076,1909f56bfc062723c751e8b465ee728b) (PreviewImporter) -> (artifact id: 'a7e09a52435849632c74c8bc575fc42f') in 0.0590911 seconds
Number of updated asset objects reloaded before import = 0Number of asset objects unloaded after import = 3

========================================================================
Received Import Request.
  Time since last request: 0.000052 seconds.
  path: Assets/Import/Flat Textures Pack/Materials/Winter_Flower.mat
  artifactKey: Guid(539f75970f8b10e43ace7f872679d0b2) Importer(815301076,1909f56bfc062723c751e8b465ee728b)
Start importing Assets/Import/Flat Textures Pack/Materials/Winter_Flower.mat using Guid(539f75970f8b10e43ace7f872679d0b2) Importer(815301076,1909f56bfc062723c751e8b465ee728b) (PreviewImporter) -> (artifact id: '47a515a4efefdc7489ecea07df9c1699') in 0.1550759 seconds
Number of updated asset objects reloaded before import = 0Number of asset objects unloaded after import = 3

========================================================================
Received Import Request.
  Time since last request: 0.000034 seconds.
  path: Assets/Import/Flat Textures Pack/Materials/Cave_GoldenPebbles.mat
  artifactKey: Guid(a63a8692330ab5f4dbb2761bf7924361) Importer(815301076,1909f56bfc062723c751e8b465ee728b)
Start importing Assets/Import/Flat Textures Pack/Materials/Cave_GoldenPebbles.mat using Guid(a63a8692330ab5f4dbb2761bf7924361) Importer(815301076,1909f56bfc062723c751e8b465ee728b) (PreviewImporter) -> (artifact id: 'd9ccdcfa527caf588b19715d6ed26391') in 0.0819064 seconds
Number of updated asset objects reloaded before import = 0Number of asset objects unloaded after import = 3

========================================================================
Received Import Request.
  Time since last request: 0.000256 seconds.
  path: Assets/TextMesh Pro/Examples & Extras/Resources/Fonts & Materials/Anton SDF - Outline.mat
  artifactKey: Guid(a00013af81304728b2be1f4309ee2433) Importer(815301076,1909f56bfc062723c751e8b465ee728b)
Start importing Assets/TextMesh Pro/Examples & Extras/Resources/Fonts & Materials/Anton SDF - Outline.mat using Guid(a00013af81304728b2be1f4309ee2433) Importer(815301076,1909f56bfc062723c751e8b465ee728b) (PreviewImporter) -> (artifact id: '70a86b9bd1e39ceb2f5d849afcf9842f') in 0.0450948 seconds
Number of updated asset objects reloaded before import = 0Number of asset objects unloaded after import = 2

========================================================================
Received Import Request.
  Time since last request: 0.000040 seconds.
  path: Assets/TextMesh Pro/Examples & Extras/Resources/Fonts & Materials/Roboto-Bold SDF.asset
  artifactKey: Guid(5302535af1044152a457ed104f1f4b91) Importer(815301076,1909f56bfc062723c751e8b465ee728b)
Start importing Assets/TextMesh Pro/Examples & Extras/Resources/Fonts & Materials/Roboto-Bold SDF.asset using Guid(5302535af1044152a457ed104f1f4b91) Importer(815301076,1909f56bfc062723c751e8b465ee728b) (PreviewImporter) -> (artifact id: '7ef5c45816343246c9a3ea6c8f8422a4') in 0.0672051 seconds
Number of updated asset objects reloaded before import = 0Number of asset objects unloaded after import = 6

========================================================================
Received Import Request.
  Time since last request: 0.000229 seconds.
  path: Assets/Import/Flat Textures Pack/Materials/Summer_Flowers.mat
  artifactKey: Guid(82b3a75aca7ed6f4abe443d8019d9ddb) Importer(815301076,1909f56bfc062723c751e8b465ee728b)
Start importing Assets/Import/Flat Textures Pack/Materials/Summer_Flowers.mat using Guid(82b3a75aca7ed6f4abe443d8019d9ddb) Importer(815301076,1909f56bfc062723c751e8b465ee728b) (PreviewImporter) -> (artifact id: '1bfc636c366d3fa58a52e7acf89cfa6d') in 0.1033683 seconds
Number of updated asset objects reloaded before import = 0Number of asset objects unloaded after import = 3

========================================================================
Received Import Request.
  Time since last request: 0.000050 seconds.
  path: Assets/TextMesh Pro/Shaders/TMP_SDF-URP Lit.shadergraph
  artifactKey: Guid(a3d800b099a06e0478fb790c5e79057a) Importer(815301076,1909f56bfc062723c751e8b465ee728b)
Start importing Assets/TextMesh Pro/Shaders/TMP_SDF-URP Lit.shadergraph using Guid(a3d800b099a06e0478fb790c5e79057a) Importer(815301076,1909f56bfc062723c751e8b465ee728b) (PreviewImporter) -> (artifact id: 'd182b782ec064597b0fecf429ca957d5') in 0.0864862 seconds
Number of updated asset objects reloaded before import = 0Number of asset objects unloaded after import = 3

========================================================================
Received Import Request.
  Time since last request: 0.000088 seconds.
  path: Assets/Import/Flat Textures Pack/Materials/Desert_Cliff.mat
  artifactKey: Guid(759f0740a4cb77047931846c47ae6924) Importer(815301076,1909f56bfc062723c751e8b465ee728b)
Start importing Assets/Import/Flat Textures Pack/Materials/Desert_Cliff.mat using Guid(759f0740a4cb77047931846c47ae6924) Importer(815301076,1909f56bfc062723c751e8b465ee728b) (PreviewImporter) -> (artifact id: '5a201249dd9309b1bd22e2bb60f20c9d') in 0.1300333 seconds
Number of updated asset objects reloaded before import = 0Number of asset objects unloaded after import = 3

========================================================================
Received Import Request.
  Time since last request: 0.000051 seconds.
  path: Assets/TextMesh Pro/Examples & Extras/Materials/Crate - URP.mat
  artifactKey: Guid(3b5cc91c3bf8cf74391252247f52fb59) Importer(815301076,1909f56bfc062723c751e8b465ee728b)
Start importing Assets/TextMesh Pro/Examples & Extras/Materials/Crate - URP.mat using Guid(3b5cc91c3bf8cf74391252247f52fb59) Importer(815301076,1909f56bfc062723c751e8b465ee728b) (PreviewImporter) -> (artifact id: '729cc56f8bf78ce6b6fe6974848e7915') in 6.3371455 seconds
Number of updated asset objects reloaded before import = 0Number of asset objects unloaded after import = 3

========================================================================
Received Import Request.
  Time since last request: 0.000077 seconds.
  path: Assets/TextMesh Pro/Examples & Extras/Resources/Fonts & Materials/Roboto-Bold SDF - Surface.mat
  artifactKey: Guid(e6b276ec991f467aa14ef1f3cc665993) Importer(815301076,1909f56bfc062723c751e8b465ee728b)
Start importing Assets/TextMesh Pro/Examples & Extras/Resources/Fonts & Materials/Roboto-Bold SDF - Surface.mat using Guid(e6b276ec991f467aa14ef1f3cc665993) Importer(815301076,1909f56bfc062723c751e8b465ee728b) (PreviewImporter) -> (artifact id: '6103e9664c99e6121d23169b0f3bffc1') in 0.1324478 seconds
Number of updated asset objects reloaded before import = 0Number of asset objects unloaded after import = 2

========================================================================
Received Import Request.
  Time since last request: 0.000032 seconds.
  path: Assets/TextMesh Pro/Examples & Extras/Fonts/Anton.ttf
  artifactKey: Guid(997a43b767814dd0a7642ec9b78cba41) Importer(815301076,1909f56bfc062723c751e8b465ee728b)
Start importing Assets/TextMesh Pro/Examples & Extras/Fonts/Anton.ttf using Guid(997a43b767814dd0a7642ec9b78cba41) Importer(815301076,1909f56bfc062723c751e8b465ee728b) (PreviewImporter) -> (artifact id: 'adad6f435ebf93b40d34cd465cff91a7') in 0.0457381 seconds
Number of updated asset objects reloaded before import = 0Number of asset objects unloaded after import = 4

========================================================================
Received Import Request.
  Time since last request: 0.000134 seconds.
  path: Assets/Import/Flat Textures Pack/Materials/Summer_Rocks.mat
  artifactKey: Guid(b448f0b66ddeb424097cf4c3aede85fd) Importer(815301076,1909f56bfc062723c751e8b465ee728b)
Start importing Assets/Import/Flat Textures Pack/Materials/Summer_Rocks.mat using Guid(b448f0b66ddeb424097cf4c3aede85fd) Importer(815301076,1909f56bfc062723c751e8b465ee728b) (PreviewImporter) -> (artifact id: '9a281a64c8d0733187cd0f5aa615be1e') in 0.1043853 seconds
Number of updated asset objects reloaded before import = 0Number of asset objects unloaded after import = 3

========================================================================
Received Import Request.
  Time since last request: 0.000052 seconds.
  path: Assets/Import/Font/pixelmix_bold SDF.asset
  artifactKey: Guid(af29d73e51905db479510ecb4b6b30b9) Importer(815301076,1909f56bfc062723c751e8b465ee728b)
Start importing Assets/Import/Font/pixelmix_bold SDF.asset using Guid(af29d73e51905db479510ecb4b6b30b9) Importer(815301076,1909f56bfc062723c751e8b465ee728b) (PreviewImporter) -> (artifact id: 'a8724a712acf44b33997f3bf47be7bc2') in 0.0771096 seconds
Number of updated asset objects reloaded before import = 0Number of asset objects unloaded after import = 4

========================================================================
Received Import Request.
  Time since last request: 0.000060 seconds.
  path: Assets/Import/Flat Textures Pack/Materials/Cave_Magma.mat
  artifactKey: Guid(520938bf13624b04fb159c3db7351aca) Importer(815301076,1909f56bfc062723c751e8b465ee728b)
Start importing Assets/Import/Flat Textures Pack/Materials/Cave_Magma.mat using Guid(520938bf13624b04fb159c3db7351aca) Importer(815301076,1909f56bfc062723c751e8b465ee728b) (PreviewImporter) -> (artifact id: 'e71e29dc9572239a50b34d6d7fd4ec6e') in 0.0584834 seconds
Number of updated asset objects reloaded before import = 0Number of asset objects unloaded after import = 3

========================================================================
Received Import Request.
  Time since last request: 0.000076 seconds.
  path: Assets/TextMesh Pro/Examples & Extras/Resources/Fonts & Materials/Anton SDF.asset
  artifactKey: Guid(8a89fa14b10d46a99122fd4f73fca9a2) Importer(815301076,1909f56bfc062723c751e8b465ee728b)
Start importing Assets/TextMesh Pro/Examples & Extras/Resources/Fonts & Materials/Anton SDF.asset using Guid(8a89fa14b10d46a99122fd4f73fca9a2) Importer(815301076,1909f56bfc062723c751e8b465ee728b) (PreviewImporter) -> (artifact id: '1bbde5c12561923b675aed80a957e937') in 0.0793427 seconds
Number of updated asset objects reloaded before import = 0Number of asset objects unloaded after import = 6

========================================================================
Received Import Request.
  Time since last request: 0.000093 seconds.
  path: Assets/Import/Flat Textures Pack/Materials/Winter_Hardsnow.mat
  artifactKey: Guid(447272d5916c0734a876cfbe785794c3) Importer(815301076,1909f56bfc062723c751e8b465ee728b)
Start importing Assets/Import/Flat Textures Pack/Materials/Winter_Hardsnow.mat using Guid(447272d5916c0734a876cfbe785794c3) Importer(815301076,1909f56bfc062723c751e8b465ee728b) (PreviewImporter) -> (artifact id: 'e13aad09d9b70cf26c60cf31f055022e') in 0.1159542 seconds
Number of updated asset objects reloaded before import = 0Number of asset objects unloaded after import = 3

========================================================================
Received Import Request.
  Time since last request: 0.000033 seconds.
  path: Assets/Import/Flat Textures Pack/Materials/Winter_Wall.mat
  artifactKey: Guid(225f4cc257a1e38498996437dc0c3f50) Importer(815301076,1909f56bfc062723c751e8b465ee728b)
Start importing Assets/Import/Flat Textures Pack/Materials/Winter_Wall.mat using Guid(225f4cc257a1e38498996437dc0c3f50) Importer(815301076,1909f56bfc062723c751e8b465ee728b) (PreviewImporter) -> (artifact id: 'ac44650710c4f91f4f708b0a24f9d83e') in 0.1319668 seconds
Number of updated asset objects reloaded before import = 0Number of asset objects unloaded after import = 3

========================================================================
Received Import Request.
  Time since last request: 0.000079 seconds.
  path: Assets/TextMesh Pro/Examples & Extras/Resources/Fonts & Materials/Bangers SDF Logo - URP.mat
  artifactKey: Guid(6751ce1a4611b3940812c13a6847d94f) Importer(815301076,1909f56bfc062723c751e8b465ee728b)
Start importing Assets/TextMesh Pro/Examples & Extras/Resources/Fonts & Materials/Bangers SDF Logo - URP.mat using Guid(6751ce1a4611b3940812c13a6847d94f) Importer(815301076,1909f56bfc062723c751e8b465ee728b) (PreviewImporter) -> (artifact id: '805095983d27501dd488ddc00023a660') in 0.086281 seconds
Number of updated asset objects reloaded before import = 0Number of asset objects unloaded after import = 5

========================================================================
Received Import Request.
  Time since last request: 0.000101 seconds.
  path: Assets/Import/Flat Textures Pack/Materials/Winter_ce_Cracked_B.mat
  artifactKey: Guid(082b415688deccc41961d7655a19de0c) Importer(815301076,1909f56bfc062723c751e8b465ee728b)
Start importing Assets/Import/Flat Textures Pack/Materials/Winter_ce_Cracked_B.mat using Guid(082b415688deccc41961d7655a19de0c) Importer(815301076,1909f56bfc062723c751e8b465ee728b) (PreviewImporter) -> (artifact id: '2b18def05dffd904a47b15be7a9e6ecf') in 0.1244257 seconds
Number of updated asset objects reloaded before import = 0Number of asset objects unloaded after import = 3

========================================================================
Received Import Request.
  Time since last request: 0.000052 seconds.
  path: Assets/TextMesh Pro/Examples & Extras/Resources/Fonts & Materials/Unity SDF - HDRP LIT - Outline.mat
  artifactKey: Guid(967f61bb1e3e28645a39e0cb647cc79e) Importer(815301076,1909f56bfc062723c751e8b465ee728b)
Start importing Assets/TextMesh Pro/Examples & Extras/Resources/Fonts & Materials/Unity SDF - HDRP LIT - Outline.mat using Guid(967f61bb1e3e28645a39e0cb647cc79e) Importer(815301076,1909f56bfc062723c751e8b465ee728b) (PreviewImporter) -> (artifact id: 'b279e2cf1fb546f4fcf0766dc18a2511') in 0.077806 seconds
Number of updated asset objects reloaded before import = 0Number of asset objects unloaded after import = 3

========================================================================
Received Import Request.
  Time since last request: 0.000172 seconds.
  path: Assets/Import/SimpleNaturePack/Models/SimpleNaturePack_BG.mat
  artifactKey: Guid(886ecf0ee44718246aa083d8aad49b79) Importer(815301076,1909f56bfc062723c751e8b465ee728b)
Start importing Assets/Import/SimpleNaturePack/Models/SimpleNaturePack_BG.mat using Guid(886ecf0ee44718246aa083d8aad49b79) Importer(815301076,1909f56bfc062723c751e8b465ee728b) (PreviewImporter) -> (artifact id: '03f4adb4bd0c1a75dd0128de16595234') in 0.0753503 seconds
Number of updated asset objects reloaded before import = 0Number of asset objects unloaded after import = 1

========================================================================
Received Import Request.
  Time since last request: 0.000189 seconds.
  path: Assets/Import/Flat Textures Pack/Materials/Cave_LavaRocks_A.mat
  artifactKey: Guid(f4dcba098a2788048a77363897d1a6b6) Importer(815301076,1909f56bfc062723c751e8b465ee728b)
Start importing Assets/Import/Flat Textures Pack/Materials/Cave_LavaRocks_A.mat using Guid(f4dcba098a2788048a77363897d1a6b6) Importer(815301076,1909f56bfc062723c751e8b465ee728b) (PreviewImporter) -> (artifact id: 'e84610d583a6638497907b15800e332e') in 0.0925416 seconds
Number of updated asset objects reloaded before import = 0Number of asset objects unloaded after import = 3

========================================================================
Received Import Request.
  Time since last request: 0.000041 seconds.
  path: Assets/Import/Flat Textures Pack/Materials/Water_D.mat
  artifactKey: Guid(3584c50ec7d45f348a5aa57d24bb5737) Importer(815301076,1909f56bfc062723c751e8b465ee728b)
Start importing Assets/Import/Flat Textures Pack/Materials/Water_D.mat using Guid(3584c50ec7d45f348a5aa57d24bb5737) Importer(815301076,1909f56bfc062723c751e8b465ee728b) (PreviewImporter) -> (artifact id: '4398b964fdebc1dba0e337a23b2e9dca') in 0.0690742 seconds
Number of updated asset objects reloaded before import = 0Number of asset objects unloaded after import = 3

========================================================================
Received Import Request.
  Time since last request: 0.000070 seconds.
  path: Assets/Import/Flat Textures Pack/Materials/Desert_Sand_B.mat
  artifactKey: Guid(e00ca62ae67139f41b7cf3c04f00fb88) Importer(815301076,1909f56bfc062723c751e8b465ee728b)
Start importing Assets/Import/Flat Textures Pack/Materials/Desert_Sand_B.mat using Guid(e00ca62ae67139f41b7cf3c04f00fb88) Importer(815301076,1909f56bfc062723c751e8b465ee728b) (PreviewImporter) -> (artifact id: '2e5c29728e4ee6f727c1f49bfd01da9e') in 0.0892874 seconds
Number of updated asset objects reloaded before import = 0Number of asset objects unloaded after import = 3

========================================================================
Received Import Request.
  Time since last request: 0.000053 seconds.
  path: Assets/Import/Font/KiwiSoda SDF.asset
  artifactKey: Guid(66a46ae7ed56a624db7e202b43f5c970) Importer(815301076,1909f56bfc062723c751e8b465ee728b)
Start importing Assets/Import/Font/KiwiSoda SDF.asset using Guid(66a46ae7ed56a624db7e202b43f5c970) Importer(815301076,1909f56bfc062723c751e8b465ee728b) (PreviewImporter) -> (artifact id: '2d549959f081d7451016ffaab393cca7') in 0.0924767 seconds
Number of updated asset objects reloaded before import = 0Number of asset objects unloaded after import = 4

========================================================================
Received Import Request.
  Time since last request: 0.000076 seconds.
  path: Assets/Import/Font/pixelmix SDF.asset
  artifactKey: Guid(dfd8585a6ef57e349b37be84a930fcf3) Importer(815301076,1909f56bfc062723c751e8b465ee728b)
Start importing Assets/Import/Font/pixelmix SDF.asset using Guid(dfd8585a6ef57e349b37be84a930fcf3) Importer(815301076,1909f56bfc062723c751e8b465ee728b) (PreviewImporter) -> (artifact id: '7f178acae6f09cdfef98970a96f42361') in 0.0906901 seconds
Number of updated asset objects reloaded before import = 0Number of asset objects unloaded after import = 4

========================================================================
Received Import Request.
  Time since last request: 0.000056 seconds.
  path: Assets/TextMesh Pro/Examples & Extras/Resources/Fonts & Materials/Anton SDF - Sunny Days.mat
  artifactKey: Guid(6522f30e342599e4e9dd4cc2cc03c830) Importer(815301076,1909f56bfc062723c751e8b465ee728b)
Start importing Assets/TextMesh Pro/Examples & Extras/Resources/Fonts & Materials/Anton SDF - Sunny Days.mat using Guid(6522f30e342599e4e9dd4cc2cc03c830) Importer(815301076,1909f56bfc062723c751e8b465ee728b) (PreviewImporter) -> (artifact id: '0d01d5c33322272270d7991cbaa78bf1') in 0.3784821 seconds
Number of updated asset objects reloaded before import = 0Number of asset objects unloaded after import = 4

========================================================================
Received Import Request.
  Time since last request: 0.000066 seconds.
  path: Assets/Import/LowPolyMedievalPropsLite/Materials/LP_MedievalProps_MAIN.mat
  artifactKey: Guid(300ee636ab1b3b7429c61eaa1f29b0b8) Importer(815301076,1909f56bfc062723c751e8b465ee728b)
Start importing Assets/Import/LowPolyMedievalPropsLite/Materials/LP_MedievalProps_MAIN.mat using Guid(300ee636ab1b3b7429c61eaa1f29b0b8) Importer(815301076,1909f56bfc062723c751e8b465ee728b) (PreviewImporter) -> (artifact id: 'cbae2a2fece955d364dd513a383ac7e0') in 0.0903652 seconds
Number of updated asset objects reloaded before import = 0Number of asset objects unloaded after import = 2

========================================================================
Received Import Request.
  Time since last request: 0.000040 seconds.
  path: Assets/Import/Font/pixelmix_bold.ttf
  artifactKey: Guid(8f64581f93579d24b92b6432848c7aff) Importer(815301076,1909f56bfc062723c751e8b465ee728b)
Start importing Assets/Import/Font/pixelmix_bold.ttf using Guid(8f64581f93579d24b92b6432848c7aff) Importer(815301076,1909f56bfc062723c751e8b465ee728b) (PreviewImporter) -> (artifact id: 'a392575a12ed75ad48f8331353ed32c1') in 0.0240584 seconds
Number of updated asset objects reloaded before import = 0Number of asset objects unloaded after import = 4

========================================================================
Received Import Request.
  Time since last request: 0.000043 seconds.
  path: Assets/TextMesh Pro/Examples & Extras/Resources/Fonts & Materials/Bangers SDF - Drop Shadow.mat
  artifactKey: Guid(f2dcf029949142e28b974630369c8b4e) Importer(815301076,1909f56bfc062723c751e8b465ee728b)
Start importing Assets/TextMesh Pro/Examples & Extras/Resources/Fonts & Materials/Bangers SDF - Drop Shadow.mat using Guid(f2dcf029949142e28b974630369c8b4e) Importer(815301076,1909f56bfc062723c751e8b465ee728b) (PreviewImporter) -> (artifact id: '0a0694a60d831f2da489aa76ed1e3957') in 0.0174377 seconds
Number of updated asset objects reloaded before import = 0Number of asset objects unloaded after import = 2

========================================================================
Received Import Request.
  Time since last request: 0.000033 seconds.
  path: Assets/Import/Flat Textures Pack/Materials/Water_C.mat
  artifactKey: Guid(aca82f8a42433894199632974fbd0681) Importer(815301076,1909f56bfc062723c751e8b465ee728b)
Start importing Assets/Import/Flat Textures Pack/Materials/Water_C.mat using Guid(aca82f8a42433894199632974fbd0681) Importer(815301076,1909f56bfc062723c751e8b465ee728b) (PreviewImporter) -> (artifact id: 'e9e5435adb10b648195bd2ff7cfb51fc') in 0.0635999 seconds
Number of updated asset objects reloaded before import = 0Number of asset objects unloaded after import = 3

========================================================================
Received Import Request.
  Time since last request: 0.000038 seconds.
  path: Assets/Import/Flat Textures Pack/Materials/Winter_IceCliff.mat
  artifactKey: Guid(41b973d990ff1c748a4f9a7c29998342) Importer(815301076,1909f56bfc062723c751e8b465ee728b)
Start importing Assets/Import/Flat Textures Pack/Materials/Winter_IceCliff.mat using Guid(41b973d990ff1c748a4f9a7c29998342) Importer(815301076,1909f56bfc062723c751e8b465ee728b) (PreviewImporter) -> (artifact id: 'c9a60e2e4397104eb3082000172b9bda') in 0.0602651 seconds
Number of updated asset objects reloaded before import = 0Number of asset objects unloaded after import = 3

========================================================================
Received Import Request.
  Time since last request: 0.000054 seconds.
  path: Assets/Import/Flat Textures Pack/Materials/Cave_FireGround.mat
  artifactKey: Guid(058595cb07ad23946a0a151be620489b) Importer(815301076,1909f56bfc062723c751e8b465ee728b)
Start importing Assets/Import/Flat Textures Pack/Materials/Cave_FireGround.mat using Guid(058595cb07ad23946a0a151be620489b) Importer(815301076,1909f56bfc062723c751e8b465ee728b) (PreviewImporter) -> (artifact id: 'e876bfe44db6352c27bf33e7419cd155') in 0.1024776 seconds
Number of updated asset objects reloaded before import = 0Number of asset objects unloaded after import = 3

========================================================================
Received Import Request.
  Time since last request: 0.000166 seconds.
  path: Assets/TextMesh Pro/Examples & Extras/Resources/Fonts & Materials/LiberationSans SDF - Metalic Green.mat
  artifactKey: Guid(8b29aaa3eec7468097ff07adfcf29ac9) Importer(815301076,1909f56bfc062723c751e8b465ee728b)
Start importing Assets/TextMesh Pro/Examples & Extras/Resources/Fonts & Materials/LiberationSans SDF - Metalic Green.mat using Guid(8b29aaa3eec7468097ff07adfcf29ac9) Importer(815301076,1909f56bfc062723c751e8b465ee728b) (PreviewImporter) -> (artifact id: '0c19e009ec44434d85c2205d528de01d') in 0.7029861 seconds
Number of updated asset objects reloaded before import = 0Number of asset objects unloaded after import = 4

========================================================================
Received Import Request.
  Time since last request: 0.000073 seconds.
  path: Assets/Import/Flat Textures Pack/Materials/Summer_Mud_B.mat
  artifactKey: Guid(b4ce1486c4e3c83408feacc4d7497b0c) Importer(815301076,1909f56bfc062723c751e8b465ee728b)
Start importing Assets/Import/Flat Textures Pack/Materials/Summer_Mud_B.mat using Guid(b4ce1486c4e3c83408feacc4d7497b0c) Importer(815301076,1909f56bfc062723c751e8b465ee728b) (PreviewImporter) -> (artifact id: '519d33eeb4a2d67a60f175dd72086806') in 0.0924215 seconds
Number of updated asset objects reloaded before import = 0Number of asset objects unloaded after import = 3

========================================================================
Received Import Request.
  Time since last request: 0.000038 seconds.
  path: Assets/Import/Flat Textures Pack/Materials/Cave_Cracks.mat
  artifactKey: Guid(7f61e96487dd8084480def67ee56f766) Importer(815301076,1909f56bfc062723c751e8b465ee728b)
Start importing Assets/Import/Flat Textures Pack/Materials/Cave_Cracks.mat using Guid(7f61e96487dd8084480def67ee56f766) Importer(815301076,1909f56bfc062723c751e8b465ee728b) (PreviewImporter) -> (artifact id: '20a36991c7737e9acfb5b6aec1143a1e') in 0.1000386 seconds
Number of updated asset objects reloaded before import = 0Number of asset objects unloaded after import = 3

========================================================================
Received Import Request.
  Time since last request: 148.296478 seconds.
  path: Assets/Scenes/Map0ne.unity
  artifactKey: Guid(0eb304d65b0eff641a474da5a58ff080) Importer(815301076,1909f56bfc062723c751e8b465ee728b)
Start importing Assets/Scenes/Map0ne.unity using Guid(0eb304d65b0eff641a474da5a58ff080) Importer(815301076,1909f56bfc062723c751e8b465ee728b) (PreviewImporter) -> (artifact id: 'f60bc1c5f73c40a3c0b85cc8dd64c97a') in 0.0028188 seconds
Number of updated asset objects reloaded before import = 0Number of asset objects unloaded after import = 0

========================================================================
Received Import Request.
  Time since last request: 4.199027 seconds.
  path: Assets/Scenes/AtelierScene.unity
  artifactKey: Guid(66a0722780c5b494483be00c4ac0db26) Importer(815301076,1909f56bfc062723c751e8b465ee728b)
Start importing Assets/Scenes/AtelierScene.unity using Guid(66a0722780c5b494483be00c4ac0db26) Importer(815301076,1909f56bfc062723c751e8b465ee728b) (PreviewImporter) -> (artifact id: '17fd5ccbc7ba47c9c8244b274109bb3b') in 0.004194 seconds
Number of updated asset objects reloaded before import = 0Number of asset objects unloaded after import = 0

========================================================================
Received Import Request.
  Time since last request: 2.542858 seconds.
  path: Assets/Scenes/SampleScene
  artifactKey: Guid(e69776878c563604e9b4a7007f2583eb) Importer(815301076,1909f56bfc062723c751e8b465ee728b)
Start importing Assets/Scenes/SampleScene using Guid(e69776878c563604e9b4a7007f2583eb) Importer(815301076,1909f56bfc062723c751e8b465ee728b) (PreviewImporter) -> (artifact id: 'b7e5f4adfb9e06e85fd460a95e318b36') in 0.0077824 seconds
Number of updated asset objects reloaded before import = 0Number of asset objects unloaded after import = 0

========================================================================
Received Import Request.
  Time since last request: 0.000038 seconds.
  path: Assets/Scenes/SampleScene/Box Volume Profile.asset
  artifactKey: Guid(8d8207560c12eea4494a9a629dab6646) Importer(815301076,1909f56bfc062723c751e8b465ee728b)
Start importing Assets/Scenes/SampleScene/Box Volume Profile.asset using Guid(8d8207560c12eea4494a9a629dab6646) Importer(815301076,1909f56bfc062723c751e8b465ee728b) (PreviewImporter) -> (artifact id: '4658261990a705e228cf1e8ff5c97662') in 0.0044725 seconds
Number of updated asset objects reloaded before import = 0Number of asset objects unloaded after import = 2

========================================================================
Received Import Request.
  Time since last request: 0.000980 seconds.
  path: Assets/Scenes/SampleScene/NavMesh-Plateform.asset
  artifactKey: Guid(917fcc2a252fe3948b78a83e9f11a2ba) Importer(815301076,1909f56bfc062723c751e8b465ee728b)
Start importing Assets/Scenes/SampleScene/NavMesh-Plateform.asset using Guid(917fcc2a252fe3948b78a83e9f11a2ba) Importer(815301076,1909f56bfc062723c751e8b465ee728b) (PreviewImporter) -> (artifact id: 'e4a5710d30921ed8a70d1a924724061f') in 0.004789 seconds
Number of updated asset objects reloaded before import = 0Number of asset objects unloaded after import = 1

========================================================================
Received Import Request.
  Time since last request: 0.000059 seconds.
  path: Assets/Scenes/SampleScene/NavMesh-Plateform 1.asset
  artifactKey: Guid(1ca07e6bf41e69a439fc1b153beb7afb) Importer(815301076,1909f56bfc062723c751e8b465ee728b)
Start importing Assets/Scenes/SampleScene/NavMesh-Plateform 1.asset using Guid(1ca07e6bf41e69a439fc1b153beb7afb) Importer(815301076,1909f56bfc062723c751e8b465ee728b) (PreviewImporter) -> (artifact id: '9d293c670e2bbdf03993e33204e58fe8') in 0.0068898 seconds
Number of updated asset objects reloaded before import = 0Number of asset objects unloaded after import = 1

========================================================================
Received Import Request.
  Time since last request: 0.000046 seconds.
  path: Assets/Scenes/SampleScene/NavMesh-Cube (4).asset
  artifactKey: Guid(55c44f03c87921e4186c1b8a986531bf) Importer(815301076,1909f56bfc062723c751e8b465ee728b)
Start importing Assets/Scenes/SampleScene/NavMesh-Cube (4).asset using Guid(55c44f03c87921e4186c1b8a986531bf) Importer(815301076,1909f56bfc062723c751e8b465ee728b) (PreviewImporter) -> (artifact id: '2c69ca4ab5a46433f1b5b77f2f4c30e8') in 0.0060954 seconds
Number of updated asset objects reloaded before import = 0Number of asset objects unloaded after import = 1

========================================================================
Received Import Request.
  Time since last request: 0.000061 seconds.
  path: Assets/Scenes/SampleScene/Global Volume Profile 2.asset
  artifactKey: Guid(6d7d6413a9e56c24cae0d9466c36a782) Importer(815301076,1909f56bfc062723c751e8b465ee728b)
Start importing Assets/Scenes/SampleScene/Global Volume Profile 2.asset using Guid(6d7d6413a9e56c24cae0d9466c36a782) Importer(815301076,1909f56bfc062723c751e8b465ee728b) (PreviewImporter) -> (artifact id: 'bf217d15be6bc429a78256ce8a77433f') in 0.0080083 seconds
Number of updated asset objects reloaded before import = 0Number of asset objects unloaded after import = 6

========================================================================
Received Import Request.
  Time since last request: 0.000047 seconds.
  path: Assets/Scenes/SampleScene/Global Volume Profile 1.asset
  artifactKey: Guid(3ec5ce73eff4bf44e8702cd19c222e2c) Importer(815301076,1909f56bfc062723c751e8b465ee728b)
Start importing Assets/Scenes/SampleScene/Global Volume Profile 1.asset using Guid(3ec5ce73eff4bf44e8702cd19c222e2c) Importer(815301076,1909f56bfc062723c751e8b465ee728b) (PreviewImporter) -> (artifact id: 'ca072d5eee972b2a0077535d12f03887') in 0.0044843 seconds
Number of updated asset objects reloaded before import = 0Number of asset objects unloaded after import = 1

========================================================================
Received Import Request.
  Time since last request: 0.000109 seconds.
  path: Assets/Scenes/SampleScene/NavMesh-Plateform 3.asset
  artifactKey: Guid(d4bdb11263aa2354fa27a615f711c2e3) Importer(815301076,1909f56bfc062723c751e8b465ee728b)
Start importing Assets/Scenes/SampleScene/NavMesh-Plateform 3.asset using Guid(d4bdb11263aa2354fa27a615f711c2e3) Importer(815301076,1909f56bfc062723c751e8b465ee728b) (PreviewImporter) -> (artifact id: 'd39d6a73f94e886e3a308cb411f31612') in 0.0036287 seconds
Number of updated asset objects reloaded before import = 0Number of asset objects unloaded after import = 1

========================================================================
Received Import Request.
  Time since last request: 0.000036 seconds.
  path: Assets/Scenes/SampleScene/NavMesh-Plateform 2.asset
  artifactKey: Guid(d48adc00a87985a4aab3705c1d197262) Importer(815301076,1909f56bfc062723c751e8b465ee728b)
Start importing Assets/Scenes/SampleScene/NavMesh-Plateform 2.asset using Guid(d48adc00a87985a4aab3705c1d197262) Importer(815301076,1909f56bfc062723c751e8b465ee728b) (PreviewImporter) -> (artifact id: '236fac1ace2369d6c6037c2d0a6b6a2d') in 0.0029286 seconds
Number of updated asset objects reloaded before import = 0Number of asset objects unloaded after import = 1

========================================================================
Received Import Request.
  Time since last request: 0.000050 seconds.
  path: Assets/Scenes/SampleScene/Global Volume Profile.asset
  artifactKey: Guid(46dc9a6a2d1db6145b6d0ddf1892b0ec) Importer(815301076,1909f56bfc062723c751e8b465ee728b)
Start importing Assets/Scenes/SampleScene/Global Volume Profile.asset using Guid(46dc9a6a2d1db6145b6d0ddf1892b0ec) Importer(815301076,1909f56bfc062723c751e8b465ee728b) (PreviewImporter) -> (artifact id: '3be74a30e0a9ace1fbf19f9fa39d14f2') in 0.0112966 seconds
Number of updated asset objects reloaded before import = 0Number of asset objects unloaded after import = 1

========================================================================
Received Import Request.
  Time since last request: 0.141994 seconds.
  path: Assets/Scenes/Map0ne/Global Volume Profile.asset
  artifactKey: Guid(7c2a6b79c5623854eadc3204d08d2e49) Importer(815301076,1909f56bfc062723c751e8b465ee728b)
Start importing Assets/Scenes/Map0ne/Global Volume Profile.asset using Guid(7c2a6b79c5623854eadc3204d08d2e49) Importer(815301076,1909f56bfc062723c751e8b465ee728b) (PreviewImporter) -> (artifact id: 'd20bf91c2739b8a4885c5f9e88f5a687') in 0.0084713 seconds
Number of updated asset objects reloaded before import = 0Number of asset objects unloaded after import = 1

========================================================================
Received Import Request.
  Time since last request: 0.000057 seconds.
  path: Assets/Scenes/Map0ne/Global Volume Profile 1.asset
  artifactKey: Guid(b117ca07fd53f564bb1b1e871b2694de) Importer(815301076,1909f56bfc062723c751e8b465ee728b)
Start importing Assets/Scenes/Map0ne/Global Volume Profile 1.asset using Guid(b117ca07fd53f564bb1b1e871b2694de) Importer(815301076,1909f56bfc062723c751e8b465ee728b) (PreviewImporter) -> (artifact id: '87987ea366ba47ba983c99a90b25f178') in 0.0064553 seconds
Number of updated asset objects reloaded before import = 0Number of asset objects unloaded after import = 3

========================================================================
Received Import Request.
  Time since last request: 0.000057 seconds.
  path: Assets/Scenes/Map0ne/NavMesh-Terrain.asset
  artifactKey: Guid(f2ebe75e12d70cc4abec08b1dc5849aa) Importer(815301076,1909f56bfc062723c751e8b465ee728b)
Start importing Assets/Scenes/Map0ne/NavMesh-Terrain.asset using Guid(f2ebe75e12d70cc4abec08b1dc5849aa) Importer(815301076,1909f56bfc062723c751e8b465ee728b) (PreviewImporter) -> (artifact id: 'aa1422589efa550b9221853113212782') in 0.0108462 seconds
Number of updated asset objects reloaded before import = 0Number of asset objects unloaded after import = 1

========================================================================
Received Import Request.
  Time since last request: 0.000113 seconds.
  path: Assets/Scenes/Map0ne/NavMesh-Terrain 1.asset
  artifactKey: Guid(054d3815a1fbf444eb9d6ed162a26c1f) Importer(815301076,1909f56bfc062723c751e8b465ee728b)
Start importing Assets/Scenes/Map0ne/NavMesh-Terrain 1.asset using Guid(054d3815a1fbf444eb9d6ed162a26c1f) Importer(815301076,1909f56bfc062723c751e8b465ee728b) (PreviewImporter) -> (artifact id: '0687002e09ba25f72d4eb4ef099ec198') in 0.0091434 seconds
Number of updated asset objects reloaded before import = 0Number of asset objects unloaded after import = 1

========================================================================
Received Import Request.
  Time since last request: 127.253647 seconds.
  path: Assets/Import/asset_bordered.png
  artifactKey: Guid(ef37503f8b5f32f4d8bcd1dc09f38661) Importer(815301076,1909f56bfc062723c751e8b465ee728b)
Start importing Assets/Import/asset_bordered.png using Guid(ef37503f8b5f32f4d8bcd1dc09f38661) Importer(815301076,1909f56bfc062723c751e8b465ee728b) (PreviewImporter) -> (artifact id: 'bfd27b9982f9b76fd33477c0e9fe3524') in 0.3131567 seconds
Number of updated asset objects reloaded before import = 0Number of asset objects unloaded after import = 20

========================================================================
Received Import Request.
  Time since last request: 0.000053 seconds.
  path: Assets/Import/CLOSEBUTTON.png
  artifactKey: Guid(9dedb0f62637d7e4f8b44ca64cf37f94) Importer(815301076,1909f56bfc062723c751e8b465ee728b)
Start importing Assets/Import/CLOSEBUTTON.png using Guid(9dedb0f62637d7e4f8b44ca64cf37f94) Importer(815301076,1909f56bfc062723c751e8b465ee728b) (PreviewImporter) -> (artifact id: '3a87604fcc40ea1b83206c73e0459838') in 0.0518729 seconds
Number of updated asset objects reloaded before import = 0Number of asset objects unloaded after import = 3

========================================================================
Received Import Request.
  Time since last request: 0.000093 seconds.
  path: Assets/Import/hop.png
  artifactKey: Guid(d4bf12e9056ee8145a27d39c48396039) Importer(815301076,1909f56bfc062723c751e8b465ee728b)
Start importing Assets/Import/hop.png using Guid(d4bf12e9056ee8145a27d39c48396039) Importer(815301076,1909f56bfc062723c751e8b465ee728b) (PreviewImporter) -> (artifact id: '17442a88bb47ca33d8e86815fd2c87fd') in 0.3843791 seconds
Number of updated asset objects reloaded before import = 0Number of asset objects unloaded after import = 20

========================================================================
Received Import Request.
  Time since last request: 0.000046 seconds.
  path: Assets/Import/splash.png
  artifactKey: Guid(66b26bcd085b58a43952b44237c961a8) Importer(815301076,1909f56bfc062723c751e8b465ee728b)
Start importing Assets/Import/splash.png using Guid(66b26bcd085b58a43952b44237c961a8) Importer(815301076,1909f56bfc062723c751e8b465ee728b) (PreviewImporter) -> (artifact id: 'd07f81cdca4c950901711d7086eef920') in 0.0529256 seconds
Number of updated asset objects reloaded before import = 0Number of asset objects unloaded after import = 3

========================================================================
Received Import Request.
  Time since last request: 0.000049 seconds.
  path: Assets/Import/InvisiblePixel.png
  artifactKey: Guid(856b8d2551caaec4aa19cfb45ebfc6c0) Importer(815301076,1909f56bfc062723c751e8b465ee728b)
Start importing Assets/Import/InvisiblePixel.png using Guid(856b8d2551caaec4aa19cfb45ebfc6c0) Importer(815301076,1909f56bfc062723c751e8b465ee728b) (PreviewImporter) -> (artifact id: 'b9a83d842294ae107344c0296695fe41') in 0.0567608 seconds
Number of updated asset objects reloaded before import = 0Number of asset objects unloaded after import = 3

========================================================================
Received Import Request.
  Time since last request: 0.000040 seconds.
  path: Assets/Import/colorant.png
  artifactKey: Guid(d201d8715d38ec04bbfbdf9149c7d3c1) Importer(815301076,1909f56bfc062723c751e8b465ee728b)
Start importing Assets/Import/colorant.png using Guid(d201d8715d38ec04bbfbdf9149c7d3c1) Importer(815301076,1909f56bfc062723c751e8b465ee728b) (PreviewImporter) -> (artifact id: '500b8f057f9d30101222b653b6e3f604') in 0.114819 seconds
Number of updated asset objects reloaded before import = 0Number of asset objects unloaded after import = 14

========================================================================
Received Import Request.
  Time since last request: 0.000673 seconds.
  path: Assets/Import/BackGroundMainMneu.jpg
  artifactKey: Guid(822d7bb437d573345b02641a2f558864) Importer(815301076,1909f56bfc062723c751e8b465ee728b)
Start importing Assets/Import/BackGroundMainMneu.jpg using Guid(822d7bb437d573345b02641a2f558864) Importer(815301076,1909f56bfc062723c751e8b465ee728b) (PreviewImporter) -> (artifact id: 'd77d88102e34ef287d0d9ee567f05b71') in 0.0420338 seconds
Number of updated asset objects reloaded before import = 0Number of asset objects unloaded after import = 3

========================================================================
Received Import Request.
  Time since last request: 0.000036 seconds.
  path: Assets/Import/Prototype_Character.png
  artifactKey: Guid(5210b0833c036c345b8b26600c72baa8) Importer(815301076,1909f56bfc062723c751e8b465ee728b)
Start importing Assets/Import/Prototype_Character.png using Guid(5210b0833c036c345b8b26600c72baa8) Importer(815301076,1909f56bfc062723c751e8b465ee728b) (PreviewImporter) -> (artifact id: '6a8aaa6ff87154383c43fd79ed60f287') in 0.2347337 seconds
Number of updated asset objects reloaded before import = 0Number of asset objects unloaded after import = 35

========================================================================
Received Import Request.
  Time since last request: 0.000099 seconds.
  path: Assets/Import/téléchargement (2).jpeg
  artifactKey: Guid(52914cc7e7a05d6429db8998c5c80f8b) Importer(815301076,1909f56bfc062723c751e8b465ee728b)
Start importing Assets/Import/téléchargement (2).jpeg using Guid(52914cc7e7a05d6429db8998c5c80f8b) Importer(815301076,1909f56bfc062723c751e8b465ee728b) (PreviewImporter) -> (artifact id: '7f2e910be0dda40e371010df6b0de7f6') in 0.082298 seconds
Number of updated asset objects reloaded before import = 0Number of asset objects unloaded after import = 3

========================================================================
Received Import Request.
  Time since last request: 0.000048 seconds.
  path: Assets/Import/Untitled_09-10-2022_11-01-46-20.png
  artifactKey: Guid(0031e100870b91a49a7a2c3370c51a56) Importer(815301076,1909f56bfc062723c751e8b465ee728b)
Start importing Assets/Import/Untitled_09-10-2022_11-01-46-20.png using Guid(0031e100870b91a49a7a2c3370c51a56) Importer(815301076,1909f56bfc062723c751e8b465ee728b) (PreviewImporter) -> (artifact id: '3fe4fd05d8d231258cb2b18b552a27d7') in 1.5200248 seconds
Number of updated asset objects reloaded before import = 0Number of asset objects unloaded after import = 197

========================================================================
Received Import Request.
  Time since last request: 0.000192 seconds.
  path: Assets/Import/heartLost.png
  artifactKey: Guid(649c045302bb09746854858f0fe3fb71) Importer(815301076,1909f56bfc062723c751e8b465ee728b)
Start importing Assets/Import/heartLost.png using Guid(649c045302bb09746854858f0fe3fb71) Importer(815301076,1909f56bfc062723c751e8b465ee728b) (PreviewImporter) -> (artifact id: '6fc4fadc12032249774ae0abc8035036') in 0.0642223 seconds
Number of updated asset objects reloaded before import = 0Number of asset objects unloaded after import = 3

========================================================================
Received Import Request.
  Time since last request: 0.000043 seconds.
  path: Assets/Import/Items.png
  artifactKey: Guid(9edc010b3a8bb63429fea1b76ec09a87) Importer(815301076,1909f56bfc062723c751e8b465ee728b)
Start importing Assets/Import/Items.png using Guid(9edc010b3a8bb63429fea1b76ec09a87) Importer(815301076,1909f56bfc062723c751e8b465ee728b) (PreviewImporter) -> (artifact id: '616c7abfdf0498c785638d29bae4d4bd') in 0.1017263 seconds
Number of updated asset objects reloaded before import = 0Number of asset objects unloaded after import = 7

========================================================================
Received Import Request.
  Time since last request: 0.000046 seconds.
  path: Assets/Import/heart.png
  artifactKey: Guid(1d49c54addf73bb43839bcf396b3ba70) Importer(815301076,1909f56bfc062723c751e8b465ee728b)
Start importing Assets/Import/heart.png using Guid(1d49c54addf73bb43839bcf396b3ba70) Importer(815301076,1909f56bfc062723c751e8b465ee728b) (PreviewImporter) -> (artifact id: 'f6c34d92ae90403ba8af6c9ddcd47644') in 0.0607418 seconds
Number of updated asset objects reloaded before import = 0Number of asset objects unloaded after import = 3

========================================================================
Received Import Request.
  Time since last request: 0.000048 seconds.
  path: Assets/Import/Circle.png
  artifactKey: Guid(325abb7913683594c833f0dc3b7cdc42) Importer(815301076,1909f56bfc062723c751e8b465ee728b)
Start importing Assets/Import/Circle.png using Guid(325abb7913683594c833f0dc3b7cdc42) Importer(815301076,1909f56bfc062723c751e8b465ee728b) (PreviewImporter) -> (artifact id: '9286c2dc77b43c8498db3a5e1cca3b58') in 0.0808022 seconds
Number of updated asset objects reloaded before import = 0Number of asset objects unloaded after import = 3

========================================================================
Received Import Request.
  Time since last request: 0.000044 seconds.
  path: Assets/Import/Prototype_PlayerhURT.png
  artifactKey: Guid(48ea4fcffcbbe05439f44b7bcd19e284) Importer(815301076,1909f56bfc062723c751e8b465ee728b)
Start importing Assets/Import/Prototype_PlayerhURT.png using Guid(48ea4fcffcbbe05439f44b7bcd19e284) Importer(815301076,1909f56bfc062723c751e8b465ee728b) (PreviewImporter) -> (artifact id: '6af25b2d626f00f3ee65ea5a10362402') in 0.2156468 seconds
Number of updated asset objects reloaded before import = 0Number of asset objects unloaded after import = 22

========================================================================
Received Import Request.
  Time since last request: 63.581495 seconds.
  path: Assets/Import/UI Bars
  artifactKey: Guid(79aa560cd56d0eb478b1eb5ac66bc745) Importer(815301076,1909f56bfc062723c751e8b465ee728b)
Start importing Assets/Import/UI Bars using Guid(79aa560cd56d0eb478b1eb5ac66bc745) Importer(815301076,1909f56bfc062723c751e8b465ee728b) (PreviewImporter) -> (artifact id: 'a0c2d0ed486f25cf3230c308c88a9c66') in 0.002709 seconds
Number of updated asset objects reloaded before import = 0Number of asset objects unloaded after import = 0

========================================================================
Received Import Request.
  Time since last request: 0.000090 seconds.
  path: Assets/Import/UI Bars/background-circle.psd
  artifactKey: Guid(9d8acfbbe55c67d45a330bbbbe9ff8f3) Importer(815301076,1909f56bfc062723c751e8b465ee728b)
Start importing Assets/Import/UI Bars/background-circle.psd using Guid(9d8acfbbe55c67d45a330bbbbe9ff8f3) Importer(815301076,1909f56bfc062723c751e8b465ee728b) (PreviewImporter) -> (artifact id: '055959478fd616658ba0d5f993efe34c') in 0.0658313 seconds
Number of updated asset objects reloaded before import = 0Number of asset objects unloaded after import = 3

========================================================================
Received Import Request.
  Time since last request: 0.000239 seconds.
  path: Assets/Import/UI Bars/ui-cicrcle.psd
  artifactKey: Guid(17e46315057ac6142a4576870b3463cb) Importer(815301076,1909f56bfc062723c751e8b465ee728b)
Start importing Assets/Import/UI Bars/ui-cicrcle.psd using Guid(17e46315057ac6142a4576870b3463cb) Importer(815301076,1909f56bfc062723c751e8b465ee728b) (PreviewImporter) -> (artifact id: '157c5a560041b5b6f360b9b2a95d4d52') in 0.0656756 seconds
Number of updated asset objects reloaded before import = 0Number of asset objects unloaded after import = 3

========================================================================
Received Import Request.
  Time since last request: 0.000115 seconds.
  path: Assets/Import/UI Bars/heart-icon.png
  artifactKey: Guid(03cab3eaa64047c44843231c27198bd8) Importer(815301076,1909f56bfc062723c751e8b465ee728b)
Start importing Assets/Import/UI Bars/heart-icon.png using Guid(03cab3eaa64047c44843231c27198bd8) Importer(815301076,1909f56bfc062723c751e8b465ee728b) (PreviewImporter) -> (artifact id: 'a6f6e0556a9bd5833b249b6248aefa30') in 0.0633601 seconds
Number of updated asset objects reloaded before import = 0Number of asset objects unloaded after import = 3

========================================================================
Received Import Request.
  Time since last request: 2.028013 seconds.
  path: Assets/Import/SimpleNaturePack/GrassLayer.terrainlayer
  artifactKey: Guid(aea673cfd5e34fc42a9ae1aa3a83f990) Importer(815301076,1909f56bfc062723c751e8b465ee728b)
Start importing Assets/Import/SimpleNaturePack/GrassLayer.terrainlayer using Guid(aea673cfd5e34fc42a9ae1aa3a83f990) Importer(815301076,1909f56bfc062723c751e8b465ee728b) (PreviewImporter) -> (artifact id: '0d1044d816a229c32c6800e25baa4334') in 0.1114038 seconds
Number of updated asset objects reloaded before import = 0Number of asset objects unloaded after import = 2

========================================================================
Received Import Request.
  Time since last request: 0.000066 seconds.
  path: Assets/Import/SimpleNaturePack/NewLayer.terrainlayer
  artifactKey: Guid(f768487e3fda59740b7bd972967712ea) Importer(815301076,1909f56bfc062723c751e8b465ee728b)
Start importing Assets/Import/SimpleNaturePack/NewLayer.terrainlayer using Guid(f768487e3fda59740b7bd972967712ea) Importer(815301076,1909f56bfc062723c751e8b465ee728b) (PreviewImporter) -> (artifact id: 'd401f0932688543983bb81ee6aae6f7a') in 0.0503681 seconds
Number of updated asset objects reloaded before import = 0Number of asset objects unloaded after import = 2

========================================================================
Received Import Request.
  Time since last request: 0.000105 seconds.
  path: Assets/Import/SimpleNaturePack/NewLayer 1.terrainlayer
  artifactKey: Guid(cd41c9ff4cce52e4f89b0fafe055c701) Importer(815301076,1909f56bfc062723c751e8b465ee728b)
Start importing Assets/Import/SimpleNaturePack/NewLayer 1.terrainlayer using Guid(cd41c9ff4cce52e4f89b0fafe055c701) Importer(815301076,1909f56bfc062723c751e8b465ee728b) (PreviewImporter) -> (artifact id: '0710a2f1290133b5602b404a7d7016c7') in 0.0481375 seconds
Number of updated asset objects reloaded before import = 0Number of asset objects unloaded after import = 2

========================================================================
Received Import Request.
  Time since last request: 0.000038 seconds.
  path: Assets/Import/SimpleNaturePack/NewLayer 2.terrainlayer
  artifactKey: Guid(66e0b2470fa9f8c4088d248776480088) Importer(815301076,1909f56bfc062723c751e8b465ee728b)
Start importing Assets/Import/SimpleNaturePack/NewLayer 2.terrainlayer using Guid(66e0b2470fa9f8c4088d248776480088) Importer(815301076,1909f56bfc062723c751e8b465ee728b) (PreviewImporter) -> (artifact id: 'd2f0e2f631a8a9700988b4074f09d46c') in 0.0521905 seconds
Number of updated asset objects reloaded before import = 0Number of asset objects unloaded after import = 2

========================================================================
Received Import Request.
  Time since last request: 0.692521 seconds.
  path: Assets/Import/Model/CAKE.png
  artifactKey: Guid(21034a2ab72d3024cada0a2b02370ca2) Importer(815301076,1909f56bfc062723c751e8b465ee728b)
Start importing Assets/Import/Model/CAKE.png using Guid(21034a2ab72d3024cada0a2b02370ca2) Importer(815301076,1909f56bfc062723c751e8b465ee728b) (PreviewImporter) -> (artifact id: 'eb20fc20afa0819679fc0dcbddcb936b') in 0.0523105 seconds
Number of updated asset objects reloaded before import = 0Number of asset objects unloaded after import = 2

========================================================================
Received Import Request.
  Time since last request: 0.000097 seconds.
  path: Assets/Import/Model/SkeletonGunOutline.fbx
  artifactKey: Guid(5a65c9e27527b784dab7810d10db8295) Importer(815301076,1909f56bfc062723c751e8b465ee728b)
Start importing Assets/Import/Model/SkeletonGunOutline.fbx using Guid(5a65c9e27527b784dab7810d10db8295) Importer(815301076,1909f56bfc062723c751e8b465ee728b) (PreviewImporter) -> (artifact id: '1787a3692fe7b69cb4441059380b4074') in 1.4203656 seconds
Number of updated asset objects reloaded before import = 0Number of asset objects unloaded after import = 15

========================================================================
Received Import Request.
  Time since last request: 0.000129 seconds.
  path: Assets/Import/Model/Painter Tools_FBX.fbx
  artifactKey: Guid(1a5ca5bf459228c4a88c96f9c2333d02) Importer(815301076,1909f56bfc062723c751e8b465ee728b)
Start importing Assets/Import/Model/Painter Tools_FBX.fbx using Guid(1a5ca5bf459228c4a88c96f9c2333d02) Importer(815301076,1909f56bfc062723c751e8b465ee728b) (PreviewImporter) -> (artifact id: 'df25c959ec953c7d89a4db9a10660606') in 2.8311357 seconds
Number of updated asset objects reloaded before import = 0Number of asset objects unloaded after import = 594

========================================================================
Received Import Request.
  Time since last request: 0.000054 seconds.
  path: Assets/Import/Inventory and Stats/HP Icon.png
  artifactKey: Guid(a58dd0fc2c32ea04bb15df6f510653d7) Importer(815301076,1909f56bfc062723c751e8b465ee728b)
Start importing Assets/Import/Inventory and Stats/HP Icon.png using Guid(a58dd0fc2c32ea04bb15df6f510653d7) Importer(815301076,1909f56bfc062723c751e8b465ee728b) (PreviewImporter) -> (artifact id: 'd65c0bbc42979e03a79719efd77e9441') in 0.0464804 seconds
Number of updated asset objects reloaded before import = 0Number of asset objects unloaded after import = 2

========================================================================
Received Import Request.
  Time since last request: 0.000053 seconds.
  path: Assets/Import/Inventory and Stats/Inventory Stats.png
  artifactKey: Guid(a5bc90656ce3cf24f9cb69d9cc6880fe) Importer(815301076,1909f56bfc062723c751e8b465ee728b)
Start importing Assets/Import/Inventory and Stats/Inventory Stats.png using Guid(a5bc90656ce3cf24f9cb69d9cc6880fe) Importer(815301076,1909f56bfc062723c751e8b465ee728b) (PreviewImporter) -> (artifact id: '1da6622829329d6b21a3e4caf205d6b7') in 0.0480797 seconds
Number of updated asset objects reloaded before import = 0Number of asset objects unloaded after import = 2

========================================================================
Received Import Request.
  Time since last request: 0.000066 seconds.
  path: Assets/Import/Inventory and Stats/Armor Icon.png
  artifactKey: Guid(05115a52690c81046874a9b326e8d3d1) Importer(815301076,1909f56bfc062723c751e8b465ee728b)
Start importing Assets/Import/Inventory and Stats/Armor Icon.png using Guid(05115a52690c81046874a9b326e8d3d1) Importer(815301076,1909f56bfc062723c751e8b465ee728b) (PreviewImporter) -> (artifact id: '90b37caac019783e977db1d60ead1884') in 0.0588769 seconds
Number of updated asset objects reloaded before import = 0Number of asset objects unloaded after import = 2

========================================================================
Received Import Request.
  Time since last request: 0.000080 seconds.
  path: Assets/Import/Inventory and Stats/Weight Icon.png
  artifactKey: Guid(51f311f863de18849853125d000061a5) Importer(815301076,1909f56bfc062723c751e8b465ee728b)
Start importing Assets/Import/Inventory and Stats/Weight Icon.png using Guid(51f311f863de18849853125d000061a5) Importer(815301076,1909f56bfc062723c751e8b465ee728b) (PreviewImporter) -> (artifact id: '720a8fa0f8d6e7c6e08b030f9b3cfeb9') in 0.0598051 seconds
Number of updated asset objects reloaded before import = 0Number of asset objects unloaded after import = 2

========================================================================
Received Import Request.
  Time since last request: 0.000128 seconds.
  path: Assets/Import/Inventory and Stats/Inventory Cell.png
  artifactKey: Guid(907e13df908685947848e5f635cc228a) Importer(815301076,1909f56bfc062723c751e8b465ee728b)
Start importing Assets/Import/Inventory and Stats/Inventory Cell.png using Guid(907e13df908685947848e5f635cc228a) Importer(815301076,1909f56bfc062723c751e8b465ee728b) (PreviewImporter) -> (artifact id: '9958a8ab9e3693ba86fc7f810a703685') in 0.0852749 seconds
Number of updated asset objects reloaded before import = 0Number of asset objects unloaded after import = 3

========================================================================
Received Import Request.
  Time since last request: 0.000045 seconds.
  path: Assets/Import/Inventory and Stats/Inventory Stats Empty.png
  artifactKey: Guid(e2af3d83844ea694981bb13f31219b1f) Importer(815301076,1909f56bfc062723c751e8b465ee728b)
Start importing Assets/Import/Inventory and Stats/Inventory Stats Empty.png using Guid(e2af3d83844ea694981bb13f31219b1f) Importer(815301076,1909f56bfc062723c751e8b465ee728b) (PreviewImporter) -> (artifact id: '0741c0284ff61203139327edcbd29cd2') in 0.0449159 seconds
Number of updated asset objects reloaded before import = 0Number of asset objects unloaded after import = 3

========================================================================
Received Import Request.
  Time since last request: 20.196082 seconds.
  path: Assets/Assets/Font
  artifactKey: Guid(3262c8de1eef85a4380f7ddd95f317cb) Importer(815301076,1909f56bfc062723c751e8b465ee728b)
Start importing Assets/Assets/Font using Guid(3262c8de1eef85a4380f7ddd95f317cb) Importer(815301076,1909f56bfc062723c751e8b465ee728b) (PreviewImporter) -> (artifact id: '5e836a4fffd18688293f4ccb5d7e5a48') in 0.0017369 seconds
Number of updated asset objects reloaded before import = 0Number of asset objects unloaded after import = 0

========================================================================
Received Import Request.
  Time since last request: 2.294687 seconds.
  path: Assets/PlayerSpawn.cs
  artifactKey: Guid(d736320b7cc5e954699fa6b8b6431389) Importer(2089858483,0ecaa5967403d082aa24f35e1b516d23)
Start importing Assets/PlayerSpawn.cs using Guid(d736320b7cc5e954699fa6b8b6431389) Importer(2089858483,0ecaa5967403d082aa24f35e1b516d23) (ScriptedImporter) -> (artifact id: 'b8fe88a56e7bbd65ccd74c38e15888c6') in 0.7709901 seconds
Number of updated asset objects reloaded before import = 0Number of asset objects unloaded after import = 0

========================================================================
Received Import Request.
  Time since last request: 0.000048 seconds.
  path: Assets/Scripts/GameOverManager.cs
  artifactKey: Guid(a2992af5e4428ac49be9fb2ba5a31081) Importer(2089858483,0ecaa5967403d082aa24f35e1b516d23)
Start importing Assets/Scripts/GameOverManager.cs using Guid(a2992af5e4428ac49be9fb2ba5a31081) Importer(2089858483,0ecaa5967403d082aa24f35e1b516d23) (ScriptedImporter) -> (artifact id: '351f93af51a581fc1c22763b038d0e24') in 0.0423549 seconds
Number of updated asset objects reloaded before import = 0Number of asset objects unloaded after import = 0

========================================================================
Received Import Request.
  Time since last request: 0.000050 seconds.
  path: Assets/Scripts/ItemActionPanel.cs
  artifactKey: Guid(f240e34cd7c495840a8fd086adf52fd7) Importer(2089858483,0ecaa5967403d082aa24f35e1b516d23)
Start importing Assets/Scripts/ItemActionPanel.cs using Guid(f240e34cd7c495840a8fd086adf52fd7) Importer(2089858483,0ecaa5967403d082aa24f35e1b516d23) (ScriptedImporter) -> (artifact id: 'b2a499474ed33c1f4b86b75c5a5bc891') in 0.0447912 seconds
Number of updated asset objects reloaded before import = 0Number of asset objects unloaded after import = 0

========================================================================
Received Import Request.
  Time since last request: 0.000132 seconds.
  path: Assets/Scripts/ScoreManager.cs
  artifactKey: Guid(f2268ec63ce835844bffe377b9c4c9f4) Importer(2089858483,0ecaa5967403d082aa24f35e1b516d23)
Start importing Assets/Scripts/ScoreManager.cs using Guid(f2268ec63ce835844bffe377b9c4c9f4) Importer(2089858483,0ecaa5967403d082aa24f35e1b516d23) (ScriptedImporter) -> (artifact id: '0513f0f0a1c45c7bc0539f15b3d1cff5') in 0.1418877 seconds
Number of updated asset objects reloaded before import = 0Number of asset objects unloaded after import = 0

========================================================================
Received Import Request.
  Time since last request: 0.000214 seconds.
  path: Assets/Scenes/LevelTestScene/Global Volume Profile.asset
  artifactKey: Guid(d022594f56165e34093a4f686448992f) Importer(2089858483,0ecaa5967403d082aa24f35e1b516d23)
Start importing Assets/Scenes/LevelTestScene/Global Volume Profile.asset using Guid(d022594f56165e34093a4f686448992f) Importer(2089858483,0ecaa5967403d082aa24f35e1b516d23) (ScriptedImporter) -> (artifact id: '9d358f06a2cb04188450380a66c78475') in 0.1107627 seconds
Number of updated asset objects reloaded before import = 0Number of asset objects unloaded after import = 3

========================================================================
Received Import Request.
  Time since last request: 0.000079 seconds.
  path: Assets/Scripts/GiantCanvas.cs
  artifactKey: Guid(86c1111756233c04098ac78ca9af8848) Importer(2089858483,0ecaa5967403d082aa24f35e1b516d23)
Start importing Assets/Scripts/GiantCanvas.cs using Guid(86c1111756233c04098ac78ca9af8848) Importer(2089858483,0ecaa5967403d082aa24f35e1b516d23) (ScriptedImporter) -> (artifact id: 'c4b0282f21a21cd29c1ae9394e05e637') in 0.0515583 seconds
Number of updated asset objects reloaded before import = 0Number of asset objects unloaded after import = 0

========================================================================
Received Import Request.
  Time since last request: 0.000047 seconds.
  path: Assets/Scripts/PaintManager.cs
  artifactKey: Guid(ba1470271a1cba2479b91189f434c122) Importer(2089858483,0ecaa5967403d082aa24f35e1b516d23)
Start importing Assets/Scripts/PaintManager.cs using Guid(ba1470271a1cba2479b91189f434c122) Importer(2089858483,0ecaa5967403d082aa24f35e1b516d23) (ScriptedImporter) -> (artifact id: '040a10ddfbe171a4ea538732f6b2b214') in 0.0470022 seconds
Number of updated asset objects reloaded before import = 0Number of asset objects unloaded after import = 0

========================================================================
Received Import Request.
  Time since last request: 0.000072 seconds.
  path: Assets/Scripts/EnemyHealth.cs
  artifactKey: Guid(14050b210885a234c8673bb98d6afe11) Importer(2089858483,0ecaa5967403d082aa24f35e1b516d23)
Start importing Assets/Scripts/EnemyHealth.cs using Guid(14050b210885a234c8673bb98d6afe11) Importer(2089858483,0ecaa5967403d082aa24f35e1b516d23) (ScriptedImporter) -> (artifact id: '497172898b04f52c63ec8f2336b97d86') in 0.0537024 seconds
Number of updated asset objects reloaded before import = 0Number of asset objects unloaded after import = 0

========================================================================
Received Import Request.
  Time since last request: 0.000070 seconds.
  path: Assets/Assets/heart.png
  artifactKey: Guid(1d49c54addf73bb43839bcf396b3ba70) Importer(2089858483,0ecaa5967403d082aa24f35e1b516d23)
Start importing Assets/Assets/heart.png using Guid(1d49c54addf73bb43839bcf396b3ba70) Importer(2089858483,0ecaa5967403d082aa24f35e1b516d23) (ScriptedImporter) -> (artifact id: 'a5eb51888e41e00a7df422b2e734053e') in 0.3512034 seconds
Number of updated asset objects reloaded before import = 0Number of asset objects unloaded after import = 3

========================================================================
Received Import Request.
  Time since last request: 0.000159 seconds.
  path: Assets/Scripts/ItemEffect.cs
  artifactKey: Guid(fd5233f1bae844b4eb35a741ed966619) Importer(2089858483,0ecaa5967403d082aa24f35e1b516d23)
Start importing Assets/Scripts/ItemEffect.cs using Guid(fd5233f1bae844b4eb35a741ed966619) Importer(2089858483,0ecaa5967403d082aa24f35e1b516d23) (ScriptedImporter) -> (artifact id: 'fc13c8100156cd6a30a04ef4bd499e35') in 0.0540855 seconds
Number of updated asset objects reloaded before import = 0Number of asset objects unloaded after import = 0

========================================================================
Received Import Request.
  Time since last request: 0.000089 seconds.
  path: Assets/Assets/Font/pixelmix_bold.ttf
  artifactKey: Guid(8f64581f93579d24b92b6432848c7aff) Importer(2089858483,0ecaa5967403d082aa24f35e1b516d23)
Start importing Assets/Assets/Font/pixelmix_bold.ttf using Guid(8f64581f93579d24b92b6432848c7aff) Importer(2089858483,0ecaa5967403d082aa24f35e1b516d23) (ScriptedImporter) -> (artifact id: 'a8d6bfb56c86ce3e9517fce20ca6b040') in 0.1088027 seconds
Number of updated asset objects reloaded before import = 0Number of asset objects unloaded after import = 3

========================================================================
Received Import Request.
  Time since last request: 0.000064 seconds.
  path: Assets/Scripts/ParticlesController.cs
  artifactKey: Guid(0211e224cd6367641aa4283402cad70c) Importer(2089858483,0ecaa5967403d082aa24f35e1b516d23)
Start importing Assets/Scripts/ParticlesController.cs using Guid(0211e224cd6367641aa4283402cad70c) Importer(2089858483,0ecaa5967403d082aa24f35e1b516d23) (ScriptedImporter) -> (artifact id: 'fb9f0b2433adf4f3261d5b01b90e4c13') in 0.0487408 seconds
Number of updated asset objects reloaded before import = 0Number of asset objects unloaded after import = 0

========================================================================
Received Import Request.
  Time since last request: 0.000079 seconds.
  path: Assets/Scripts/Singleton.cs
  artifactKey: Guid(ef64ff067c344454ea18adbb5caf34d8) Importer(2089858483,0ecaa5967403d082aa24f35e1b516d23)
Start importing Assets/Scripts/Singleton.cs using Guid(ef64ff067c344454ea18adbb5caf34d8) Importer(2089858483,0ecaa5967403d082aa24f35e1b516d23) (ScriptedImporter) -> (artifact id: '941d2adb5251dbe4388d3b33cac1c1f7') in 0.0503961 seconds
Number of updated asset objects reloaded before import = 0Number of asset objects unloaded after import = 0

========================================================================
Received Import Request.
  Time since last request: 0.000061 seconds.
  path: Assets/Assets/Prototype_Character.png
  artifactKey: Guid(5210b0833c036c345b8b26600c72baa8) Importer(2089858483,0ecaa5967403d082aa24f35e1b516d23)
Start importing Assets/Assets/Prototype_Character.png using Guid(5210b0833c036c345b8b26600c72baa8) Importer(2089858483,0ecaa5967403d082aa24f35e1b516d23) (ScriptedImporter) -> (artifact id: 'a6a56845efb3bcacf37731b3bb4b8358') in 0.2672173 seconds
Number of updated asset objects reloaded before import = 0Number of asset objects unloaded after import = 35

========================================================================
Received Import Request.
  Time since last request: 0.000043 seconds.
  path: Assets/Scripts/Item/BrownDye.asset
  artifactKey: Guid(b52bb1ec1e917764fa043b3967f6685a) Importer(2089858483,0ecaa5967403d082aa24f35e1b516d23)
Start importing Assets/Scripts/Item/BrownDye.asset using Guid(b52bb1ec1e917764fa043b3967f6685a) Importer(2089858483,0ecaa5967403d082aa24f35e1b516d23) (ScriptedImporter) -> (artifact id: '100227fbddfbf7fab31fb294dfb7b2b4') in 0.2024328 seconds
Number of updated asset objects reloaded before import = 0Number of asset objects unloaded after import = 8

========================================================================
Received Import Request.
  Time since last request: 0.000055 seconds.
  path: Assets/Scripts/PlayerMovement.cs
  artifactKey: Guid(5ff90b9ebd84c64458b4215c4d8173d5) Importer(2089858483,0ecaa5967403d082aa24f35e1b516d23)
Start importing Assets/Scripts/PlayerMovement.cs using Guid(5ff90b9ebd84c64458b4215c4d8173d5) Importer(2089858483,0ecaa5967403d082aa24f35e1b516d23) (ScriptedImporter) -> (artifact id: '2673d3bf3790299764487a143b1c937b') in 0.0452193 seconds
Number of updated asset objects reloaded before import = 0Number of asset objects unloaded after import = 0

========================================================================
Received Import Request.
  Time since last request: 0.000064 seconds.
  path: Assets/TextMesh Pro/Resources/LineBreaking Leading Characters.txt
  artifactKey: Guid(d82c1b31c7e74239bff1220585707d2b) Importer(2089858483,0ecaa5967403d082aa24f35e1b516d23)
Start importing Assets/TextMesh Pro/Resources/LineBreaking Leading Characters.txt using Guid(d82c1b31c7e74239bff1220585707d2b) Importer(2089858483,0ecaa5967403d082aa24f35e1b516d23) (ScriptedImporter) -> (artifact id: 'fbfa779287032ba602912ea6f7132f60') in 0.0430647 seconds
Number of updated asset objects reloaded before import = 0Number of asset objects unloaded after import = 1

========================================================================
Received Import Request.
  Time since last request: 0.000162 seconds.
  path: Assets/Scripts/Item/HealPotion.asset
  artifactKey: Guid(fc1127b45f1067b45b645bf550e039ce) Importer(2089858483,0ecaa5967403d082aa24f35e1b516d23)
Start importing Assets/Scripts/Item/HealPotion.asset using Guid(fc1127b45f1067b45b645bf550e039ce) Importer(2089858483,0ecaa5967403d082aa24f35e1b516d23) (ScriptedImporter) -> (artifact id: 'a7fcf59422c79f8cd7f8d7b397c634d8') in 0.0584094 seconds
Number of updated asset objects reloaded before import = 0Number of asset objects unloaded after import = 8

========================================================================
Received Import Request.
  Time since last request: 0.000058 seconds.
  path: Assets/TextMesh Pro/Shaders/SDFFunctions.hlsl
  artifactKey: Guid(96de908384869cd409c75efa351d5edf) Importer(2089858483,0ecaa5967403d082aa24f35e1b516d23)
Start importing Assets/TextMesh Pro/Shaders/SDFFunctions.hlsl using Guid(96de908384869cd409c75efa351d5edf) Importer(2089858483,0ecaa5967403d082aa24f35e1b516d23) (ScriptedImporter) -> (artifact id: '08dcce22383f4046a398d7327f6181c4') in 0.0442458 seconds
Number of updated asset objects reloaded before import = 0Number of asset objects unloaded after import = 1

========================================================================
Received Import Request.
  Time since last request: 0.000135 seconds.
  path: Assets/TextMesh Pro/Shaders/TMPro.cginc
  artifactKey: Guid(407bc68d299748449bbf7f48ee690f8d) Importer(2089858483,0ecaa5967403d082aa24f35e1b516d23)
Start importing Assets/TextMesh Pro/Shaders/TMPro.cginc using Guid(407bc68d299748449bbf7f48ee690f8d) Importer(2089858483,0ecaa5967403d082aa24f35e1b516d23) (ScriptedImporter) -> (artifact id: '647a3b17b3cef054d23c05377ce9a5cc') in 0.092944 seconds
Number of updated asset objects reloaded before import = 0Number of asset objects unloaded after import = 1

========================================================================
Received Import Request.
  Time since last request: 0.000074 seconds.
  path: Assets/Scripts/Item/PurpleDye.asset
  artifactKey: Guid(6d8dca8414a5e354f81a7da1dcc108fb) Importer(2089858483,0ecaa5967403d082aa24f35e1b516d23)
Start importing Assets/Scripts/Item/PurpleDye.asset using Guid(6d8dca8414a5e354f81a7da1dcc108fb) Importer(2089858483,0ecaa5967403d082aa24f35e1b516d23) (ScriptedImporter) -> (artifact id: 'fa3d044cdf0552577f6b74328194ce55') in 0.0601009 seconds
Number of updated asset objects reloaded before import = 0Number of asset objects unloaded after import = 8

========================================================================
Received Import Request.
  Time since last request: 0.000077 seconds.
  path: Assets/TextMesh Pro/Shaders/TMPro_Mobile.cginc
  artifactKey: Guid(c334973cef89a9840b0b0c507e0377ab) Importer(2089858483,0ecaa5967403d082aa24f35e1b516d23)
Start importing Assets/TextMesh Pro/Shaders/TMPro_Mobile.cginc using Guid(c334973cef89a9840b0b0c507e0377ab) Importer(2089858483,0ecaa5967403d082aa24f35e1b516d23) (ScriptedImporter) -> (artifact id: '70974823a1055c12be7a08e65fc13c94') in 0.061831 seconds
Number of updated asset objects reloaded before import = 0Number of asset objects unloaded after import = 1

========================================================================
Received Import Request.
  Time since last request: 0.000048 seconds.
  path: Assets/Assets/Font/Deep Shadow Over.ttf
  artifactKey: Guid(966dee5467598ad47a5e7fbc48463faf) Importer(2089858483,0ecaa5967403d082aa24f35e1b516d23)
Start importing Assets/Assets/Font/Deep Shadow Over.ttf using Guid(966dee5467598ad47a5e7fbc48463faf) Importer(2089858483,0ecaa5967403d082aa24f35e1b516d23) (ScriptedImporter) -> (artifact id: 'aad7d33b72f2474637f2411a68ce008a') in 0.0506166 seconds
Number of updated asset objects reloaded before import = 0Number of asset objects unloaded after import = 3

========================================================================
Received Import Request.
  Time since last request: 0.000065 seconds.
  path: Assets/TextMesh Pro/Shaders/TMP_Bitmap-Custom-Atlas.shader
  artifactKey: Guid(48bb5f55d8670e349b6e614913f9d910) Importer(2089858483,0ecaa5967403d082aa24f35e1b516d23)
Start importing Assets/TextMesh Pro/Shaders/TMP_Bitmap-Custom-Atlas.shader using Guid(48bb5f55d8670e349b6e614913f9d910) Importer(2089858483,0ecaa5967403d082aa24f35e1b516d23) (ScriptedImporter) -> (artifact id: 'f07788abc9bffc1aebff36867ee0c21d') in 0.078739 seconds
Number of updated asset objects reloaded before import = 0Number of asset objects unloaded after import = 1

========================================================================
Received Import Request.
  Time since last request: 0.000057 seconds.
  path: Assets/Assets/Font/pixelmix SDF.asset
  artifactKey: Guid(dfd8585a6ef57e349b37be84a930fcf3) Importer(2089858483,0ecaa5967403d082aa24f35e1b516d23)
Start importing Assets/Assets/Font/pixelmix SDF.asset using Guid(dfd8585a6ef57e349b37be84a930fcf3) Importer(2089858483,0ecaa5967403d082aa24f35e1b516d23) (ScriptedImporter) -> (artifact id: '7e3c6a528b22fbd0a3e662cbfd3f1790') in 0.4019527 seconds
Number of updated asset objects reloaded before import = 0Number of asset objects unloaded after import = 3

========================================================================
Received Import Request.
  Time since last request: 0.000260 seconds.
  path: Assets/Scripts/MainMenu.cs
  artifactKey: Guid(20e2ecb4756fdcf4f86573202c2589a5) Importer(2089858483,0ecaa5967403d082aa24f35e1b516d23)
Start importing Assets/Scripts/MainMenu.cs using Guid(20e2ecb4756fdcf4f86573202c2589a5) Importer(2089858483,0ecaa5967403d082aa24f35e1b516d23) (ScriptedImporter) -> (artifact id: '1ec96c4b2a5e962a5f6ba1dec9c78eb6') in 0.1234555 seconds
Number of updated asset objects reloaded before import = 0Number of asset objects unloaded after import = 0

========================================================================
Received Import Request.
  Time since last request: 0.000047 seconds.
  path: Assets/Scripts/CollisionPainter.cs
  artifactKey: Guid(f7bf443f31d336945b9c99289a171e70) Importer(2089858483,0ecaa5967403d082aa24f35e1b516d23)
Start importing Assets/Scripts/CollisionPainter.cs using Guid(f7bf443f31d336945b9c99289a171e70) Importer(2089858483,0ecaa5967403d082aa24f35e1b516d23) (ScriptedImporter) -> (artifact id: 'b7a6d61c1e98784378692a96b435a56b') in 0.0600886 seconds
Number of updated asset objects reloaded before import = 0Number of asset objects unloaded after import = 0

========================================================================
Received Import Request.
  Time since last request: 0.000071 seconds.
  path: Assets/Scripts/Item/LightBlueDye.asset
  artifactKey: Guid(6264e526dfe2d58449e6fbd1b21f77ce) Importer(2089858483,0ecaa5967403d082aa24f35e1b516d23)
Start importing Assets/Scripts/Item/LightBlueDye.asset using Guid(6264e526dfe2d58449e6fbd1b21f77ce) Importer(2089858483,0ecaa5967403d082aa24f35e1b516d23) (ScriptedImporter) -> (artifact id: 'e1a58e9db525986d6fa6b12b956ade2b') in 0.1049903 seconds
Number of updated asset objects reloaded before import = 0Number of asset objects unloaded after import = 8

========================================================================
Received Import Request.
  Time since last request: 0.001197 seconds.
  path: Assets/Scripts/PaintingData.cs
  artifactKey: Guid(a9e1810f17217074a98d80180faf657f) Importer(2089858483,0ecaa5967403d082aa24f35e1b516d23)
Start importing Assets/Scripts/PaintingData.cs using Guid(a9e1810f17217074a98d80180faf657f) Importer(2089858483,0ecaa5967403d082aa24f35e1b516d23) (ScriptedImporter) -> (artifact id: '4e6a66feb1f913cadc029b307ec865f7') in 0.0634751 seconds
Number of updated asset objects reloaded before import = 0Number of asset objects unloaded after import = 0

========================================================================
Received Import Request.
  Time since last request: 0.000088 seconds.
  path: Assets/Scripts/Inventory.cs
  artifactKey: Guid(ff405886be6864444bb5cfe4de5711ed) Importer(2089858483,0ecaa5967403d082aa24f35e1b516d23)
Start importing Assets/Scripts/Inventory.cs using Guid(ff405886be6864444bb5cfe4de5711ed) Importer(2089858483,0ecaa5967403d082aa24f35e1b516d23) (ScriptedImporter) -> (artifact id: 'a112dc7ee83137c54e12705aa894fce5') in 0.0509754 seconds
Number of updated asset objects reloaded before import = 0Number of asset objects unloaded after import = 0

========================================================================
Received Import Request.
  Time since last request: 0.000048 seconds.
  path: Assets/Scripts/Bullet.cs
  artifactKey: Guid(aa3ce9af397878a4bb08d964b4067513) Importer(2089858483,0ecaa5967403d082aa24f35e1b516d23)
Start importing Assets/Scripts/Bullet.cs using Guid(aa3ce9af397878a4bb08d964b4067513) Importer(2089858483,0ecaa5967403d082aa24f35e1b516d23) (ScriptedImporter) -> (artifact id: '788497159d6920efd1df08ea18ff38de') in 0.0504563 seconds
Number of updated asset objects reloaded before import = 0Number of asset objects unloaded after import = 0

========================================================================
Received Import Request.
  Time since last request: 0.000372 seconds.
  path: Assets/TextMesh Pro/Shaders/TMP_SDF-Mobile Overlay.shader
  artifactKey: Guid(a02a7d8c237544f1962732b55a9aebf1) Importer(2089858483,0ecaa5967403d082aa24f35e1b516d23)
Start importing Assets/TextMesh Pro/Shaders/TMP_SDF-Mobile Overlay.shader using Guid(a02a7d8c237544f1962732b55a9aebf1) Importer(2089858483,0ecaa5967403d082aa24f35e1b516d23) (ScriptedImporter) -> (artifact id: '2fbf9c921dd7073498fda69472360c6b') in 0.0780983 seconds
Number of updated asset objects reloaded before import = 0Number of asset objects unloaded after import = 1

========================================================================
Received Import Request.
  Time since last request: 0.000062 seconds.
  path: Assets/Scripts/Item/PinkDye.asset
  artifactKey: Guid(b93783fd1bcbc254aa03cd50bf09fcb8) Importer(2089858483,0ecaa5967403d082aa24f35e1b516d23)
Start importing Assets/Scripts/Item/PinkDye.asset using Guid(b93783fd1bcbc254aa03cd50bf09fcb8) Importer(2089858483,0ecaa5967403d082aa24f35e1b516d23) (ScriptedImporter) -> (artifact id: '52c092a3a27141360c60bccaec174bf5') in 0.0732598 seconds
Number of updated asset objects reloaded before import = 0Number of asset objects unloaded after import = 8

========================================================================
Received Import Request.
  Time since last request: 0.000044 seconds.
  path: Assets/TextMesh Pro/Shaders/TMP_SDF-Mobile-2-Pass.shader
  artifactKey: Guid(0178fcb869bafef4690d177d31d17db8) Importer(2089858483,0ecaa5967403d082aa24f35e1b516d23)
Start importing Assets/TextMesh Pro/Shaders/TMP_SDF-Mobile-2-Pass.shader using Guid(0178fcb869bafef4690d177d31d17db8) Importer(2089858483,0ecaa5967403d082aa24f35e1b516d23) (ScriptedImporter) -> (artifact id: '9427d4f5fc821c8c1535638c970b5f79') in 0.0544178 seconds
Number of updated asset objects reloaded before import = 0Number of asset objects unloaded after import = 1

========================================================================
Received Import Request.
  Time since last request: 0.000058 seconds.
  path: Assets/TextMesh Pro/Shaders/TMP_SDF-HDRP LIT.shadergraph
  artifactKey: Guid(ca2ed216f98028c4dae6c5224a952b3c) Importer(2089858483,0ecaa5967403d082aa24f35e1b516d23)
Start importing Assets/TextMesh Pro/Shaders/TMP_SDF-HDRP LIT.shadergraph using Guid(ca2ed216f98028c4dae6c5224a952b3c) Importer(2089858483,0ecaa5967403d082aa24f35e1b516d23) (ScriptedImporter) -> (artifact id: 'f0977a92a4b9eea04e1aa8af4b3befcd') in 0.0454875 seconds
Number of updated asset objects reloaded before import = 0Number of asset objects unloaded after import = 3

========================================================================
Received Import Request.
  Time since last request: 0.000050 seconds.
  path: Assets/Scripts/PlayerHealth.cs
  artifactKey: Guid(5694d18381a127548b9831e4dfe22a8e) Importer(2089858483,0ecaa5967403d082aa24f35e1b516d23)
Start importing Assets/Scripts/PlayerHealth.cs using Guid(5694d18381a127548b9831e4dfe22a8e) Importer(2089858483,0ecaa5967403d082aa24f35e1b516d23) (ScriptedImporter) -> (artifact id: '2f5810779a115363e5817fa6670a88fe') in 0.0377509 seconds
Number of updated asset objects reloaded before import = 0Number of asset objects unloaded after import = 0

========================================================================
Received Import Request.
  Time since last request: 0.000064 seconds.
  path: Assets/Scripts/Item/DarkBlueDye 1.asset
  artifactKey: Guid(397babe115ceba74ab63ad823b4ecd13) Importer(2089858483,0ecaa5967403d082aa24f35e1b516d23)
Start importing Assets/Scripts/Item/DarkBlueDye 1.asset using Guid(397babe115ceba74ab63ad823b4ecd13) Importer(2089858483,0ecaa5967403d082aa24f35e1b516d23) (ScriptedImporter) -> (artifact id: '32b932cd7df010391ed9b66a314df639') in 0.0559419 seconds
Number of updated asset objects reloaded before import = 0Number of asset objects unloaded after import = 8

========================================================================
Received Import Request.
  Time since last request: 0.000065 seconds.
  path: Assets/Scripts/Item/BlackDye.asset
  artifactKey: Guid(e519889ea08a5794b916563e3ff2a2f4) Importer(2089858483,0ecaa5967403d082aa24f35e1b516d23)
Start importing Assets/Scripts/Item/BlackDye.asset using Guid(e519889ea08a5794b916563e3ff2a2f4) Importer(2089858483,0ecaa5967403d082aa24f35e1b516d23) (ScriptedImporter) -> (artifact id: '1eb22371e0f026e2e1640ee066154726') in 0.0505035 seconds
Number of updated asset objects reloaded before import = 0Number of asset objects unloaded after import = 8

========================================================================
Received Import Request.
  Time since last request: 0.000081 seconds.
  path: Assets/TextMesh Pro/Shaders/TMP_SDF-URP Unlit.shadergraph
  artifactKey: Guid(124c112a6e8f1a54e8b0870e881b56d8) Importer(2089858483,0ecaa5967403d082aa24f35e1b516d23)
Start importing Assets/TextMesh Pro/Shaders/TMP_SDF-URP Unlit.shadergraph using Guid(124c112a6e8f1a54e8b0870e881b56d8) Importer(2089858483,0ecaa5967403d082aa24f35e1b516d23) (ScriptedImporter) -> (artifact id: 'a34917cb345cab7365319363d8c990b9') in 0.0812888 seconds
Number of updated asset objects reloaded before import = 0Number of asset objects unloaded after import = 4

========================================================================
Received Import Request.
  Time since last request: 0.000064 seconds.
  path: Assets/Scripts/PlayerCombat.cs
  artifactKey: Guid(8e5355fa29e183a4f89b44219c4cce15) Importer(2089858483,0ecaa5967403d082aa24f35e1b516d23)
Start importing Assets/Scripts/PlayerCombat.cs using Guid(8e5355fa29e183a4f89b44219c4cce15) Importer(2089858483,0ecaa5967403d082aa24f35e1b516d23) (ScriptedImporter) -> (artifact id: '70e8d09be735d2f98ee9744cbb525688') in 0.0237366 seconds
Number of updated asset objects reloaded before import = 0Number of asset objects unloaded after import = 0

========================================================================
Received Import Request.
  Time since last request: 0.000304 seconds.
  path: Assets/Scripts/Paints/Paint 5.asset
  artifactKey: Guid(baef42b0e59a6bf409fdfa81098ced5c) Importer(2089858483,0ecaa5967403d082aa24f35e1b516d23)
Start importing Assets/Scripts/Paints/Paint 5.asset using Guid(baef42b0e59a6bf409fdfa81098ced5c) Importer(2089858483,0ecaa5967403d082aa24f35e1b516d23) (ScriptedImporter) -> (artifact id: 'f021101941d9649fa1cda1a0724e62e2') in 0.0709079 seconds
Number of updated asset objects reloaded before import = 0Number of asset objects unloaded after import = 30

========================================================================
Received Import Request.
  Time since last request: 0.000061 seconds.
  path: Assets/Assets/Font/ImportedFont
  artifactKey: Guid(fb4d9df5cd98393429779f6c072db68a) Importer(815301076,1909f56bfc062723c751e8b465ee728b)
Start importing Assets/Assets/Font/ImportedFont using Guid(fb4d9df5cd98393429779f6c072db68a) Importer(815301076,1909f56bfc062723c751e8b465ee728b) (PreviewImporter) -> (artifact id: 'd99a8668b98ceeb5b17b7f4601cf31be') in 0.0054677 seconds
Number of updated asset objects reloaded before import = 0Number of asset objects unloaded after import = 0

========================================================================
Received Import Request.
  Time since last request: 0.000068 seconds.
  path: Assets/TextMesh Pro/Shaders/TMP_Sprite.shader
  artifactKey: Guid(cf81c85f95fe47e1a27f6ae460cf182c) Importer(2089858483,0ecaa5967403d082aa24f35e1b516d23)
Start importing Assets/TextMesh Pro/Shaders/TMP_Sprite.shader using Guid(cf81c85f95fe47e1a27f6ae460cf182c) Importer(2089858483,0ecaa5967403d082aa24f35e1b516d23) (ScriptedImporter) -> (artifact id: '2062f29cc9a01ef0f2add63379c6ba98') in 0.0513274 seconds
Number of updated asset objects reloaded before import = 0Number of asset objects unloaded after import = 1

========================================================================
Received Import Request.
  Time since last request: 0.000309 seconds.
  path: Assets/TextMesh Pro/Sprites/EmojiOne.json
  artifactKey: Guid(8f05276190cf498a8153f6cbe761d4e6) Importer(2089858483,0ecaa5967403d082aa24f35e1b516d23)
Start importing Assets/TextMesh Pro/Sprites/EmojiOne.json using Guid(8f05276190cf498a8153f6cbe761d4e6) Importer(2089858483,0ecaa5967403d082aa24f35e1b516d23) (ScriptedImporter) -> (artifact id: '68546442f36fd352f96b2bae0f85a399') in 0.0396473 seconds
Number of updated asset objects reloaded before import = 0Number of asset objects unloaded after import = 1

========================================================================
Received Import Request.
  Time since last request: 0.000048 seconds.
  path: Assets/Scripts/Paints/Paint 9.asset
  artifactKey: Guid(b8da39bd3f1372c43ab653a342ce18a1) Importer(2089858483,0ecaa5967403d082aa24f35e1b516d23)
Start importing Assets/Scripts/Paints/Paint 9.asset using Guid(b8da39bd3f1372c43ab653a342ce18a1) Importer(2089858483,0ecaa5967403d082aa24f35e1b516d23) (ScriptedImporter) -> (artifact id: '1f66a398964cacd2c822e2c78462c6ef') in 0.0556536 seconds
Number of updated asset objects reloaded before import = 0Number of asset objects unloaded after import = 16

========================================================================
Received Import Request.
  Time since last request: 0.000042 seconds.
  path: Assets/TextMesh Pro/Sprites/EmojiOne.png
  artifactKey: Guid(dffef66376be4fa480fb02b19edbe903) Importer(2089858483,0ecaa5967403d082aa24f35e1b516d23)
Start importing Assets/TextMesh Pro/Sprites/EmojiOne.png using Guid(dffef66376be4fa480fb02b19edbe903) Importer(2089858483,0ecaa5967403d082aa24f35e1b516d23) (ScriptedImporter) -> (artifact id: '1b93f5e38d109bc32c3ece8cd004ea58') in 0.0691287 seconds
Number of updated asset objects reloaded before import = 0Number of asset objects unloaded after import = 1

========================================================================
Received Import Request.
  Time since last request: 0.000054 seconds.
  path: Assets/TextMesh Pro/Sprites/EmojiOne Attribution.txt
  artifactKey: Guid(381dcb09d5029d14897e55f98031fca5) Importer(2089858483,0ecaa5967403d082aa24f35e1b516d23)
Start importing Assets/TextMesh Pro/Sprites/EmojiOne Attribution.txt using Guid(381dcb09d5029d14897e55f98031fca5) Importer(2089858483,0ecaa5967403d082aa24f35e1b516d23) (ScriptedImporter) -> (artifact id: 'dc8d2d95f1f1bb81100510a6a0c31aa0') in 0.039044 seconds
Number of updated asset objects reloaded before import = 0Number of asset objects unloaded after import = 1

========================================================================
Received Import Request.
  Time since last request: 0.000063 seconds.
  path: Assets/TextMesh Pro/Examples & Extras/Fonts/Anton OFL.txt
  artifactKey: Guid(73a79399807f4e8388c2cbb5494681ca) Importer(2089858483,0ecaa5967403d082aa24f35e1b516d23)
Start importing Assets/TextMesh Pro/Examples & Extras/Fonts/Anton OFL.txt using Guid(73a79399807f4e8388c2cbb5494681ca) Importer(2089858483,0ecaa5967403d082aa24f35e1b516d23) (ScriptedImporter) -> (artifact id: 'b752bdb5e36452b482a6edf9da1346b5') in 0.0452044 seconds
Number of updated asset objects reloaded before import = 0Number of asset objects unloaded after import = 1

========================================================================
Received Import Request.
  Time since last request: 0.000056 seconds.
  path: Assets/TextMesh Pro/Fonts/LiberationSans.ttf
  artifactKey: Guid(e3265ab4bf004d28a9537516768c1c75) Importer(2089858483,0ecaa5967403d082aa24f35e1b516d23)
Start importing Assets/TextMesh Pro/Fonts/LiberationSans.ttf using Guid(e3265ab4bf004d28a9537516768c1c75) Importer(2089858483,0ecaa5967403d082aa24f35e1b516d23) (ScriptedImporter) -> (artifact id: '9279eecbe49a593df0653160c83a8628') in 0.0674576 seconds
Number of updated asset objects reloaded before import = 0Number of asset objects unloaded after import = 3

========================================================================
Received Import Request.
  Time since last request: 0.000052 seconds.
  path: Assets/TextMesh Pro/Resources/TMP Settings.asset
  artifactKey: Guid(3f5b5dff67a942289a9defa416b206f3) Importer(2089858483,0ecaa5967403d082aa24f35e1b516d23)
Start importing Assets/TextMesh Pro/Resources/TMP Settings.asset using Guid(3f5b5dff67a942289a9defa416b206f3) Importer(2089858483,0ecaa5967403d082aa24f35e1b516d23) (ScriptedImporter) -> (artifact id: 'e8f66a0ffa5030951fa454f2c46d1229') in 0.1493758 seconds
Number of updated asset objects reloaded before import = 0Number of asset objects unloaded after import = 15

========================================================================
Received Import Request.
  Time since last request: 0.000047 seconds.
  path: Assets/TextMesh Pro/Resources/LineBreaking Following Characters.txt
  artifactKey: Guid(fade42e8bc714b018fac513c043d323b) Importer(2089858483,0ecaa5967403d082aa24f35e1b516d23)
Start importing Assets/TextMesh Pro/Resources/LineBreaking Following Characters.txt using Guid(fade42e8bc714b018fac513c043d323b) Importer(2089858483,0ecaa5967403d082aa24f35e1b516d23) (ScriptedImporter) -> (artifact id: 'aa69d0888bc9043ab87e0580351f2052') in 0.0463614 seconds
Number of updated asset objects reloaded before import = 0Number of asset objects unloaded after import = 1

========================================================================
Received Import Request.
  Time since last request: 0.000060 seconds.
  path: Assets/TextMesh Pro/Examples & Extras/Fonts/Bangers - OFL.txt
  artifactKey: Guid(efe0bf4ac872451e91612d1ae593f480) Importer(2089858483,0ecaa5967403d082aa24f35e1b516d23)
Start importing Assets/TextMesh Pro/Examples & Extras/Fonts/Bangers - OFL.txt using Guid(efe0bf4ac872451e91612d1ae593f480) Importer(2089858483,0ecaa5967403d082aa24f35e1b516d23) (ScriptedImporter) -> (artifact id: '6677afbb449231752d2cefb50ebd1812') in 0.0434805 seconds
Number of updated asset objects reloaded before import = 0Number of asset objects unloaded after import = 1

========================================================================
Received Import Request.
  Time since last request: 0.000047 seconds.
  path: Assets/TextMesh Pro/Examples & Extras/Fonts/Electronic Highway Sign.TTF
  artifactKey: Guid(8a2b9e2a607dd2143b58c44bc32410b4) Importer(2089858483,0ecaa5967403d082aa24f35e1b516d23)
Start importing Assets/TextMesh Pro/Examples & Extras/Fonts/Electronic Highway Sign.TTF using Guid(8a2b9e2a607dd2143b58c44bc32410b4) Importer(2089858483,0ecaa5967403d082aa24f35e1b516d23) (ScriptedImporter) -> (artifact id: '9188d4a240cd4fd3be85972997ab5436') in 0.0651473 seconds
Number of updated asset objects reloaded before import = 0Number of asset objects unloaded after import = 3

========================================================================
Received Import Request.
  Time since last request: 0.000060 seconds.
  path: Assets/TextMesh Pro/Shaders/TMPro_Surface.cginc
  artifactKey: Guid(d930090c0cd643c7b55f19a38538c162) Importer(2089858483,0ecaa5967403d082aa24f35e1b516d23)
Start importing Assets/TextMesh Pro/Shaders/TMPro_Surface.cginc using Guid(d930090c0cd643c7b55f19a38538c162) Importer(2089858483,0ecaa5967403d082aa24f35e1b516d23) (ScriptedImporter) -> (artifact id: '9b48d9d0a93b0a1ebd240d307d18a5f8') in 0.0619346 seconds
Number of updated asset objects reloaded before import = 0Number of asset objects unloaded after import = 1

========================================================================
Received Import Request.
  Time since last request: 0.000046 seconds.
  path: Assets/TextMesh Pro/Examples & Extras/Fonts/Anton.ttf
  artifactKey: Guid(997a43b767814dd0a7642ec9b78cba41) Importer(2089858483,0ecaa5967403d082aa24f35e1b516d23)
Start importing Assets/TextMesh Pro/Examples & Extras/Fonts/Anton.ttf using Guid(997a43b767814dd0a7642ec9b78cba41) Importer(2089858483,0ecaa5967403d082aa24f35e1b516d23) (ScriptedImporter) -> (artifact id: 'd5bbceb7a7e915d0b484927d0c7cbd2b') in 0.0532001 seconds
Number of updated asset objects reloaded before import = 0Number of asset objects unloaded after import = 3

========================================================================
Received Import Request.
  Time since last request: 0.000085 seconds.
  path: Assets/TextMesh Pro/Examples & Extras/Fonts/Oswald-Bold.ttf
  artifactKey: Guid(c9f6d0e7bc8541498c9a4799ba184ede) Importer(2089858483,0ecaa5967403d082aa24f35e1b516d23)
Start importing Assets/TextMesh Pro/Examples & Extras/Fonts/Oswald-Bold.ttf using Guid(c9f6d0e7bc8541498c9a4799ba184ede) Importer(2089858483,0ecaa5967403d082aa24f35e1b516d23) (ScriptedImporter) -> (artifact id: '824127150196438d9c44bb1905655748') in 0.0590173 seconds
Number of updated asset objects reloaded before import = 0Number of asset objects unloaded after import = 3

========================================================================
Received Import Request.
  Time since last request: 0.000058 seconds.
  path: Assets/TextMesh Pro/Examples & Extras/Fonts/Roboto-Bold - License.txt
  artifactKey: Guid(f0303f887b8fa7243a51432c478ff2f3) Importer(2089858483,0ecaa5967403d082aa24f35e1b516d23)
Start importing Assets/TextMesh Pro/Examples & Extras/Fonts/Roboto-Bold - License.txt using Guid(f0303f887b8fa7243a51432c478ff2f3) Importer(2089858483,0ecaa5967403d082aa24f35e1b516d23) (ScriptedImporter) -> (artifact id: '9ad3e6b4a79c19154fc0835e6902a397') in 0.0696053 seconds
Number of updated asset objects reloaded before import = 0Number of asset objects unloaded after import = 1

========================================================================
Received Import Request.
  Time since last request: 0.000038 seconds.
  path: Assets/TextMesh Pro/Examples & Extras/Fonts/Unity - OFL.txt
  artifactKey: Guid(0251f66ebc602a944b35bccd13be2738) Importer(2089858483,0ecaa5967403d082aa24f35e1b516d23)
Start importing Assets/TextMesh Pro/Examples & Extras/Fonts/Unity - OFL.txt using Guid(0251f66ebc602a944b35bccd13be2738) Importer(2089858483,0ecaa5967403d082aa24f35e1b516d23) (ScriptedImporter) -> (artifact id: '68a73b786c18c90b26131cbc7e3c4013') in 0.0869534 seconds
Number of updated asset objects reloaded before import = 0Number of asset objects unloaded after import = 1

========================================================================
Received Import Request.
  Time since last request: 0.000053 seconds.
  path: Assets/TextMesh Pro/Shaders/TMP_Bitmap.shader
  artifactKey: Guid(128e987d567d4e2c824d754223b3f3b0) Importer(2089858483,0ecaa5967403d082aa24f35e1b516d23)
Start importing Assets/TextMesh Pro/Shaders/TMP_Bitmap.shader using Guid(128e987d567d4e2c824d754223b3f3b0) Importer(2089858483,0ecaa5967403d082aa24f35e1b516d23) (ScriptedImporter) -> (artifact id: 'a2e1c35576bb040687e70a9cc7951db0') in 0.0448495 seconds
Number of updated asset objects reloaded before import = 0Number of asset objects unloaded after import = 1

========================================================================
Received Import Request.
  Time since last request: 0.000040 seconds.
  path: Assets/TextMesh Pro/Shaders/TMP_SDF Overlay.shader
  artifactKey: Guid(dd89cf5b9246416f84610a006f916af7) Importer(2089858483,0ecaa5967403d082aa24f35e1b516d23)
Start importing Assets/TextMesh Pro/Shaders/TMP_SDF Overlay.shader using Guid(dd89cf5b9246416f84610a006f916af7) Importer(2089858483,0ecaa5967403d082aa24f35e1b516d23) (ScriptedImporter) -> (artifact id: '26b6184b74d9302c0934fd889a5abbf6') in 0.0452435 seconds
Number of updated asset objects reloaded before import = 0Number of asset objects unloaded after import = 1

========================================================================
Received Import Request.
  Time since last request: 0.000103 seconds.
  path: Assets/TextMesh Pro/Examples & Extras/Materials/Crate - Surface Shader Scene.mat
  artifactKey: Guid(e6b9b44320f4448d9d5e0ee634259966) Importer(2089858483,0ecaa5967403d082aa24f35e1b516d23)
Start importing Assets/TextMesh Pro/Examples & Extras/Materials/Crate - Surface Shader Scene.mat using Guid(e6b9b44320f4448d9d5e0ee634259966) Importer(2089858483,0ecaa5967403d082aa24f35e1b516d23) (ScriptedImporter) -> (artifact id: '6b4d58a71abccc910f5dae8d101ecd49') in 0.0531373 seconds
Number of updated asset objects reloaded before import = 0Number of asset objects unloaded after import = 3

========================================================================
Received Import Request.
  Time since last request: 0.000244 seconds.
  path: Assets/TutorialInfo/Icons/URP.png
  artifactKey: Guid(727a75301c3d24613a3ebcec4a24c2c8) Importer(2089858483,0ecaa5967403d082aa24f35e1b516d23)
Start importing Assets/TutorialInfo/Icons/URP.png using Guid(727a75301c3d24613a3ebcec4a24c2c8) Importer(2089858483,0ecaa5967403d082aa24f35e1b516d23) (ScriptedImporter) -> (artifact id: 'e7afe4e7ac0730f32a15b59298ce817e') in 0.0777684 seconds
Number of updated asset objects reloaded before import = 0Number of asset objects unloaded after import = 1

========================================================================
Received Import Request.
  Time since last request: 0.000051 seconds.
  path: Assets/Scripts/Item/DoubleBullet.asset
  artifactKey: Guid(311279254fddec748af41021c44c9210) Importer(2089858483,0ecaa5967403d082aa24f35e1b516d23)
Start importing Assets/Scripts/Item/DoubleBullet.asset using Guid(311279254fddec748af41021c44c9210) Importer(2089858483,0ecaa5967403d082aa24f35e1b516d23) (ScriptedImporter) -> (artifact id: '65433c13845e84353518f9292c4d528e') in 0.0597785 seconds
Number of updated asset objects reloaded before import = 0Number of asset objects unloaded after import = 8

========================================================================
Received Import Request.
  Time since last request: 0.000041 seconds.
  path: Assets/TextMesh Pro/Examples & Extras/Materials/Ground - Logo Scene.mat
  artifactKey: Guid(c719e38f25a9480abd2480ab621a2949) Importer(2089858483,0ecaa5967403d082aa24f35e1b516d23)
Start importing Assets/TextMesh Pro/Examples & Extras/Materials/Ground - Logo Scene.mat using Guid(c719e38f25a9480abd2480ab621a2949) Importer(2089858483,0ecaa5967403d082aa24f35e1b516d23) (ScriptedImporter) -> (artifact id: '3610bf400945f6f339babae28ffac909') in 0.0584827 seconds
Number of updated asset objects reloaded before import = 0Number of asset objects unloaded after import = 2

========================================================================
Received Import Request.
  Time since last request: 0.000060 seconds.
  path: Assets/TextMesh Pro/Examples & Extras/Materials/Small Crate_diffuse.mat
  artifactKey: Guid(22262639920f43d6be32430e4e58350d) Importer(2089858483,0ecaa5967403d082aa24f35e1b516d23)
Start importing Assets/TextMesh Pro/Examples & Extras/Materials/Small Crate_diffuse.mat using Guid(22262639920f43d6be32430e4e58350d) Importer(2089858483,0ecaa5967403d082aa24f35e1b516d23) (ScriptedImporter) -> (artifact id: '55f87b026c6cb09543cfe3cd6cdcb03b') in 0.0597826 seconds
Number of updated asset objects reloaded before import = 0Number of asset objects unloaded after import = 3

========================================================================
Received Import Request.
  Time since last request: 0.000032 seconds.
  path: Assets/TextMesh Pro/Examples & Extras/Materials/Ground - Surface Shader Scene.mat
  artifactKey: Guid(aadd5a709a48466c887296bb5b1b8110) Importer(2089858483,0ecaa5967403d082aa24f35e1b516d23)
Start importing Assets/TextMesh Pro/Examples & Extras/Materials/Ground - Surface Shader Scene.mat using Guid(aadd5a709a48466c887296bb5b1b8110) Importer(2089858483,0ecaa5967403d082aa24f35e1b516d23) (ScriptedImporter) -> (artifact id: '7751b0ddfa63c7b42a0c0b984ec78be3') in 0.0496633 seconds
Number of updated asset objects reloaded before import = 0Number of asset objects unloaded after import = 2

========================================================================
Received Import Request.
  Time since last request: 0.000048 seconds.
  path: Assets/TextMesh Pro/Examples & Extras/Prefabs/TextMeshPro - Prefab 1.prefab
  artifactKey: Guid(a6e39ced0ea046bcb636c3f0b2e2a745) Importer(2089858483,0ecaa5967403d082aa24f35e1b516d23)
Start importing Assets/TextMesh Pro/Examples & Extras/Prefabs/TextMeshPro - Prefab 1.prefab using Guid(a6e39ced0ea046bcb636c3f0b2e2a745) Importer(2089858483,0ecaa5967403d082aa24f35e1b516d23) (ScriptedImporter)The method get_fontSharedMaterials was not found on TextMeshPro - Prefab 1. This property will not be indexed.
UnityEngine.Debug:ExtractStackTraceNoAlloc (byte*,int,string)
UnityEngine.StackTraceUtility:ExtractStackTrace ()
UnityEngine.DebugLogHandler:Internal_Log (UnityEngine.LogType,UnityEngine.LogOption,string,UnityEngine.Object)
UnityEngine.DebugLogHandler:LogFormat (UnityEngine.LogType,UnityEngine.Object,string,object[])
UnityEngine.Logger:Log (UnityEngine.LogType,object)
UnityEngine.Debug:LogWarning (object)
UnityEditor.Rendering.Universal.MaterialReferenceBuilder:GetMaterialFromMethod (System.Reflection.MethodInfo,UnityEngine.Object,System.Func`3<string, string, string>) (at ./Library/PackageCache/com.unity.render-pipelines.universal@ba467ec059b9/Editor/Converter/MaterialReferenceBuilder.cs:133)
UnityEditor.Rendering.Universal.ConversionIndexers:ConversionIndexer (UnityEditor.Search.CustomObjectIndexerTarget,UnityEditor.Search.ObjectIndexer) (at ./Library/PackageCache/com.unity.render-pipelines.universal@ba467ec059b9/Editor/Converter/ConversionIndexers.cs:21)
UnityEditor.Search.ObjectIndexer:CallCustomIndexers (string,int,UnityEngine.Object,UnityEditor.SerializedObject,bool)
UnityEditor.Search.ObjectIndexer:IndexCustomProperties (string,int,UnityEngine.Object)
UnityEditor.Search.AssetIndexer:IndexCustomGameObjectProperties (string,int,UnityEngine.GameObject)
UnityEditor.Search.AssetIndexer:IndexProperties (int&,string&,bool&)
UnityEditor.Search.AssetIndexer:IndexDocument (string,bool)
UnityEditor.Search.SearchIndexEntryImporter:OnImportAsset (UnityEditor.AssetImporters.AssetImportContext)
UnityEditor.AssetImporters.ScriptedImporter:GenerateAssetData (UnityEditor.AssetImporters.AssetImportContext)

(Filename: ./Library/PackageCache/com.unity.render-pipelines.universal@ba467ec059b9/Editor/Converter/MaterialReferenceBuilder.cs Line: 133)

 -> (artifact id: '8c3e13afbf2223c045321e1574e436e5') in 0.3888478 seconds
Number of updated asset objects reloaded before import = 0Number of asset objects unloaded after import = 16

========================================================================
Received Import Request.
  Time since last request: 0.000083 seconds.
  path: Assets/Assets/heartLost.png
  artifactKey: Guid(649c045302bb09746854858f0fe3fb71) Importer(2089858483,0ecaa5967403d082aa24f35e1b516d23)
Start importing Assets/Assets/heartLost.png using Guid(649c045302bb09746854858f0fe3fb71) Importer(2089858483,0ecaa5967403d082aa24f35e1b516d23) (ScriptedImporter) -> (artifact id: '68cb50a779440935ae241132a21b8415') in 0.073764 seconds
Number of updated asset objects reloaded before import = 0Number of asset objects unloaded after import = 3

========================================================================
Received Import Request.
  Time since last request: 0.000090 seconds.
  path: Assets/Scripts/InitializePainting.cs
  artifactKey: Guid(9d4a2fb095ffe9c488e767f7e8e4f37c) Importer(2089858483,0ecaa5967403d082aa24f35e1b516d23)
Start importing Assets/Scripts/InitializePainting.cs using Guid(9d4a2fb095ffe9c488e767f7e8e4f37c) Importer(2089858483,0ecaa5967403d082aa24f35e1b516d23) (ScriptedImporter) -> (artifact id: 'b0a658e003fce188ff404d9f9ecb7e8d') in 0.0451353 seconds
Number of updated asset objects reloaded before import = 0Number of asset objects unloaded after import = 0

========================================================================
Received Import Request.
  Time since last request: 0.000041 seconds.
  path: Assets/TextMesh Pro/Examples & Extras/Scenes/02 - Multi-line TextMesh Pro.unity
  artifactKey: Guid(251716609f634449bfe8ce75c0ed78fe) Importer(2089858483,0ecaa5967403d082aa24f35e1b516d23)
Start importing Assets/TextMesh Pro/Examples & Extras/Scenes/02 - Multi-line TextMesh Pro.unity using Guid(251716609f634449bfe8ce75c0ed78fe) Importer(2089858483,0ecaa5967403d082aa24f35e1b516d23) (ScriptedImporter) -> (artifact id: '5a99819f8196bc99d2c6046b56d351e9') in 0.0419727 seconds
Number of updated asset objects reloaded before import = 0Number of asset objects unloaded after import = 1

========================================================================
Received Import Request.
  Time since last request: 0.000041 seconds.
  path: Assets/TextMesh Pro/Shaders/TMP_SDF-Mobile Masking.shader
  artifactKey: Guid(bc1ede39bf3643ee8e493720e4259791) Importer(2089858483,0ecaa5967403d082aa24f35e1b516d23)
Start importing Assets/TextMesh Pro/Shaders/TMP_SDF-Mobile Masking.shader using Guid(bc1ede39bf3643ee8e493720e4259791) Importer(2089858483,0ecaa5967403d082aa24f35e1b516d23) (ScriptedImporter) -> (artifact id: 'dfca6f45695241860f5307346d617af1') in 0.0260352 seconds
Number of updated asset objects reloaded before import = 0Number of asset objects unloaded after import = 1

========================================================================
Received Import Request.
  Time since last request: 0.000048 seconds.
  path: Assets/TextMesh Pro/Examples & Extras/Prefabs/TextMeshPro - Prefab 2.prefab
  artifactKey: Guid(fdad9d952ae84cafb74c63f2e694d042) Importer(2089858483,0ecaa5967403d082aa24f35e1b516d23)
Start importing Assets/TextMesh Pro/Examples & Extras/Prefabs/TextMeshPro - Prefab 2.prefab using Guid(fdad9d952ae84cafb74c63f2e694d042) Importer(2089858483,0ecaa5967403d082aa24f35e1b516d23) (ScriptedImporter)The method get_fontSharedMaterials was not found on TextMeshPro - Prefab 2. This property will not be indexed.
UnityEngine.Debug:ExtractStackTraceNoAlloc (byte*,int,string)
UnityEngine.StackTraceUtility:ExtractStackTrace ()
UnityEngine.DebugLogHandler:Internal_Log (UnityEngine.LogType,UnityEngine.LogOption,string,UnityEngine.Object)
UnityEngine.DebugLogHandler:LogFormat (UnityEngine.LogType,UnityEngine.Object,string,object[])
UnityEngine.Logger:Log (UnityEngine.LogType,object)
UnityEngine.Debug:LogWarning (object)
UnityEditor.Rendering.Universal.MaterialReferenceBuilder:GetMaterialFromMethod (System.Reflection.MethodInfo,UnityEngine.Object,System.Func`3<string, string, string>) (at ./Library/PackageCache/com.unity.render-pipelines.universal@ba467ec059b9/Editor/Converter/MaterialReferenceBuilder.cs:133)
UnityEditor.Rendering.Universal.ConversionIndexers:ConversionIndexer (UnityEditor.Search.CustomObjectIndexerTarget,UnityEditor.Search.ObjectIndexer) (at ./Library/PackageCache/com.unity.render-pipelines.universal@ba467ec059b9/Editor/Converter/ConversionIndexers.cs:21)
UnityEditor.Search.ObjectIndexer:CallCustomIndexers (string,int,UnityEngine.Object,UnityEditor.SerializedObject,bool)
UnityEditor.Search.ObjectIndexer:IndexCustomProperties (string,int,UnityEngine.Object)
UnityEditor.Search.AssetIndexer:IndexCustomGameObjectProperties (string,int,UnityEngine.GameObject)
UnityEditor.Search.AssetIndexer:IndexProperties (int&,string&,bool&)
UnityEditor.Search.AssetIndexer:IndexDocument (string,bool)
UnityEditor.Search.SearchIndexEntryImporter:OnImportAsset (UnityEditor.AssetImporters.AssetImportContext)
UnityEditor.AssetImporters.ScriptedImporter:GenerateAssetData (UnityEditor.AssetImporters.AssetImportContext)

(Filename: ./Library/PackageCache/com.unity.render-pipelines.universal@ba467ec059b9/Editor/Converter/MaterialReferenceBuilder.cs Line: 133)

 -> (artifact id: '456a3b820c2a13d58b8ff020bd05217b') in 0.0853645 seconds
Number of updated asset objects reloaded before import = 0Number of asset objects unloaded after import = 16

========================================================================
Received Import Request.
  Time since last request: 0.172830 seconds.
  path: Assets/Scripts/Paints/Paint 15.asset
  artifactKey: Guid(d8915dfcbab58c9488a126f458d50cf0) Importer(2089858483,0ecaa5967403d082aa24f35e1b516d23)
Start importing Assets/Scripts/Paints/Paint 15.asset using Guid(d8915dfcbab58c9488a126f458d50cf0) Importer(2089858483,0ecaa5967403d082aa24f35e1b516d23) (ScriptedImporter) -> (artifact id: '1ab9e8ddf2735b7f17beff64d1bc7413') in 0.0639229 seconds
Number of updated asset objects reloaded before import = 0Number of asset objects unloaded after import = 16

========================================================================
Received Import Request.
  Time since last request: 0.000075 seconds.
  path: Assets/TextMesh Pro/Examples & Extras/Scenes/06 - Extra Rich Text Examples.unity
  artifactKey: Guid(39a1fa96ad2a449b908fca29d4297a74) Importer(2089858483,0ecaa5967403d082aa24f35e1b516d23)
Start importing Assets/TextMesh Pro/Examples & Extras/Scenes/06 - Extra Rich Text Examples.unity using Guid(39a1fa96ad2a449b908fca29d4297a74) Importer(2089858483,0ecaa5967403d082aa24f35e1b516d23) (ScriptedImporter) -> (artifact id: '58cdda7f75486d53ad72f49c2acc1709') in 0.0374605 seconds
Number of updated asset objects reloaded before import = 0Number of asset objects unloaded after import = 1

========================================================================
Received Import Request.
  Time since last request: 0.000052 seconds.
  path: Assets/Scripts/Paints/Paint 17.asset
  artifactKey: Guid(9935f1656add6c543b10e96caa77d024) Importer(2089858483,0ecaa5967403d082aa24f35e1b516d23)
Start importing Assets/Scripts/Paints/Paint 17.asset using Guid(9935f1656add6c543b10e96caa77d024) Importer(2089858483,0ecaa5967403d082aa24f35e1b516d23) (ScriptedImporter) -> (artifact id: '25a97f1f151d65a5a904d598cc6bf901') in 0.0469391 seconds
Number of updated asset objects reloaded before import = 0Number of asset objects unloaded after import = 23

========================================================================
Received Import Request.
  Time since last request: 0.000044 seconds.
  path: Assets/TextMesh Pro/Examples & Extras/Scenes/07 - Superscript & Subscript Example.unity
  artifactKey: Guid(03ec435d4b7140e9b2d87f79136d8374) Importer(2089858483,0ecaa5967403d082aa24f35e1b516d23)
Start importing Assets/TextMesh Pro/Examples & Extras/Scenes/07 - Superscript & Subscript Example.unity using Guid(03ec435d4b7140e9b2d87f79136d8374) Importer(2089858483,0ecaa5967403d082aa24f35e1b516d23) (ScriptedImporter) -> (artifact id: '6d97388ac1bba9a7c542b3670db08414') in 0.0445643 seconds
Number of updated asset objects reloaded before import = 0Number of asset objects unloaded after import = 1

========================================================================
Received Import Request.
  Time since last request: 0.000081 seconds.
  path: Assets/TextMesh Pro/Examples & Extras/Scenes/08 - Improved Text Alignment.unity
  artifactKey: Guid(5fe2257128d9401fad0790f581dc8a6f) Importer(2089858483,0ecaa5967403d082aa24f35e1b516d23)
Start importing Assets/TextMesh Pro/Examples & Extras/Scenes/08 - Improved Text Alignment.unity using Guid(5fe2257128d9401fad0790f581dc8a6f) Importer(2089858483,0ecaa5967403d082aa24f35e1b516d23) (ScriptedImporter) -> (artifact id: 'e587db32447ee5f95d3bb2c0cb21176c') in 0.0433847 seconds
Number of updated asset objects reloaded before import = 0Number of asset objects unloaded after import = 1

========================================================================
Received Import Request.
  Time since last request: 0.000074 seconds.
  path: Assets/Scripts/Paints/Paint 3.asset
  artifactKey: Guid(a71bf22e57b5e4444be1ca60fffcb986) Importer(2089858483,0ecaa5967403d082aa24f35e1b516d23)
Start importing Assets/Scripts/Paints/Paint 3.asset using Guid(a71bf22e57b5e4444be1ca60fffcb986) Importer(2089858483,0ecaa5967403d082aa24f35e1b516d23) (ScriptedImporter) -> (artifact id: '72bbffb336c59e2eb4379fbbe7df05c5') in 0.058749 seconds
Number of updated asset objects reloaded before import = 0Number of asset objects unloaded after import = 16

========================================================================
Received Import Request.
  Time since last request: 0.000098 seconds.
  path: Assets/TextMesh Pro/Shaders/TMP_SDF-Mobile.shader
  artifactKey: Guid(fe393ace9b354375a9cb14cdbbc28be4) Importer(2089858483,0ecaa5967403d082aa24f35e1b516d23)
Start importing Assets/TextMesh Pro/Shaders/TMP_SDF-Mobile.shader using Guid(fe393ace9b354375a9cb14cdbbc28be4) Importer(2089858483,0ecaa5967403d082aa24f35e1b516d23) (ScriptedImporter) -> (artifact id: 'd77e5d7f976f875b0301e85eec8086c7') in 0.0535751 seconds
Number of updated asset objects reloaded before import = 0Number of asset objects unloaded after import = 1

========================================================================
Received Import Request.
  Time since last request: 0.000155 seconds.
  path: Assets/TextMesh Pro/Examples & Extras/Scenes/12 - Link Example.unity
  artifactKey: Guid(9747140c28254be2adc582210dfb89b8) Importer(2089858483,0ecaa5967403d082aa24f35e1b516d23)
Start importing Assets/TextMesh Pro/Examples & Extras/Scenes/12 - Link Example.unity using Guid(9747140c28254be2adc582210dfb89b8) Importer(2089858483,0ecaa5967403d082aa24f35e1b516d23) (ScriptedImporter) -> (artifact id: 'fd26c4132c9fd7eb5a62b9a528d62718') in 0.0440104 seconds
Number of updated asset objects reloaded before import = 0Number of asset objects unloaded after import = 1

========================================================================
Received Import Request.
  Time since last request: 0.000048 seconds.
  path: Assets/TextMesh Pro/Examples & Extras/Scenes/11 - The Style Tag.unity
  artifactKey: Guid(84ed36ad77dd4956b2ffe3769f759879) Importer(2089858483,0ecaa5967403d082aa24f35e1b516d23)
Start importing Assets/TextMesh Pro/Examples & Extras/Scenes/11 - The Style Tag.unity using Guid(84ed36ad77dd4956b2ffe3769f759879) Importer(2089858483,0ecaa5967403d082aa24f35e1b516d23) (ScriptedImporter) -> (artifact id: '4b33d86572e24af1059f635a56a6e654') in 0.0396849 seconds
Number of updated asset objects reloaded before import = 0Number of asset objects unloaded after import = 1

========================================================================
Received Import Request.
  Time since last request: 0.000038 seconds.
  path: Assets/TextMesh Pro/Examples & Extras/Scenes/12a - Text Interactions.unity
  artifactKey: Guid(08572ab7713642c8a60789750f0bce5c) Importer(2089858483,0ecaa5967403d082aa24f35e1b516d23)
Start importing Assets/TextMesh Pro/Examples & Extras/Scenes/12a - Text Interactions.unity using Guid(08572ab7713642c8a60789750f0bce5c) Importer(2089858483,0ecaa5967403d082aa24f35e1b516d23) (ScriptedImporter) -> (artifact id: '7400f731de5a9c4f4976d711bcf26a5a') in 0.0441753 seconds
Number of updated asset objects reloaded before import = 0Number of asset objects unloaded after import = 1

========================================================================
Received Import Request.
  Time since last request: 0.000095 seconds.
  path: Assets/TextMesh Pro/Examples & Extras/Scenes/13 - Soft Hyphenation.unity
  artifactKey: Guid(875684baf40f4d008ce806d03e2a81b2) Importer(2089858483,0ecaa5967403d082aa24f35e1b516d23)
Start importing Assets/TextMesh Pro/Examples & Extras/Scenes/13 - Soft Hyphenation.unity using Guid(875684baf40f4d008ce806d03e2a81b2) Importer(2089858483,0ecaa5967403d082aa24f35e1b516d23) (ScriptedImporter) -> (artifact id: '7e5bf422933f9426f24327bdc665425e') in 0.062979 seconds
Number of updated asset objects reloaded before import = 0Number of asset objects unloaded after import = 1

========================================================================
Received Import Request.
  Time since last request: 0.000041 seconds.
  path: Assets/TextMesh Pro/Examples & Extras/Scenes/15 - Inline Graphics & Sprites.unity
  artifactKey: Guid(e76e6c0f81964cbda3fe0b7d26ed8060) Importer(2089858483,0ecaa5967403d082aa24f35e1b516d23)
Start importing Assets/TextMesh Pro/Examples & Extras/Scenes/15 - Inline Graphics & Sprites.unity using Guid(e76e6c0f81964cbda3fe0b7d26ed8060) Importer(2089858483,0ecaa5967403d082aa24f35e1b516d23) (ScriptedImporter) -> (artifact id: '47af2acee818c14df9d3e8481e959865') in 0.0364703 seconds
Number of updated asset objects reloaded before import = 0Number of asset objects unloaded after import = 1

========================================================================
Received Import Request.
  Time since last request: 0.000049 seconds.
  path: Assets/Scripts/Paints/Paint 4.asset
  artifactKey: Guid(4fff30147fa8a2243ad3519694334d31) Importer(2089858483,0ecaa5967403d082aa24f35e1b516d23)
Start importing Assets/Scripts/Paints/Paint 4.asset using Guid(4fff30147fa8a2243ad3519694334d31) Importer(2089858483,0ecaa5967403d082aa24f35e1b516d23) (ScriptedImporter) -> (artifact id: '32cc1d0094d28f08d159ea97eaa6d06c') in 0.0480579 seconds
Number of updated asset objects reloaded before import = 0Number of asset objects unloaded after import = 23

========================================================================
Received Import Request.
  Time since last request: 0.000029 seconds.
  path: Assets/TextMesh Pro/Shaders/TMP_SDF-URP Lit.shadergraph
  artifactKey: Guid(a3d800b099a06e0478fb790c5e79057a) Importer(2089858483,0ecaa5967403d082aa24f35e1b516d23)
Start importing Assets/TextMesh Pro/Shaders/TMP_SDF-URP Lit.shadergraph using Guid(a3d800b099a06e0478fb790c5e79057a) Importer(2089858483,0ecaa5967403d082aa24f35e1b516d23) (ScriptedImporter) -> (artifact id: '83a8b663f68c318392974641e44568b6') in 0.0453319 seconds
Number of updated asset objects reloaded before import = 0Number of asset objects unloaded after import = 4

========================================================================
Received Import Request.
  Time since last request: 0.000030 seconds.
  path: Assets/TextMesh Pro/Shaders/TMP_SDF-Surface.shader
  artifactKey: Guid(f7ada0af4f174f0694ca6a487b8f543d) Importer(2089858483,0ecaa5967403d082aa24f35e1b516d23)
Start importing Assets/TextMesh Pro/Shaders/TMP_SDF-Surface.shader using Guid(f7ada0af4f174f0694ca6a487b8f543d) Importer(2089858483,0ecaa5967403d082aa24f35e1b516d23) (ScriptedImporter) -> (artifact id: '0bcf2b07f1759af86c98d80aaee4ced7') in 0.024825 seconds
Number of updated asset objects reloaded before import = 0Number of asset objects unloaded after import = 1

========================================================================
Received Import Request.
  Time since last request: 0.000049 seconds.
  path: Assets/TextMesh Pro/Examples & Extras/Scenes/10 - Bullets & Numbered List Example.unity
  artifactKey: Guid(c3f814e1d12c45568daf3dd9a86a0e61) Importer(2089858483,0ecaa5967403d082aa24f35e1b516d23)
Start importing Assets/TextMesh Pro/Examples & Extras/Scenes/10 - Bullets & Numbered List Example.unity using Guid(c3f814e1d12c45568daf3dd9a86a0e61) Importer(2089858483,0ecaa5967403d082aa24f35e1b516d23) (ScriptedImporter) -> (artifact id: 'd93c56e610a45909d8b674641d5ded41') in 0.0181231 seconds
Number of updated asset objects reloaded before import = 0Number of asset objects unloaded after import = 1

========================================================================
Received Import Request.
  Time since last request: 0.000026 seconds.
  path: Assets/TextMesh Pro/Shaders/TMP_SDF.shader
  artifactKey: Guid(68e6db2ebdc24f95958faec2be5558d6) Importer(2089858483,0ecaa5967403d082aa24f35e1b516d23)
Start importing Assets/TextMesh Pro/Shaders/TMP_SDF.shader using Guid(68e6db2ebdc24f95958faec2be5558d6) Importer(2089858483,0ecaa5967403d082aa24f35e1b516d23) (ScriptedImporter) -> (artifact id: '93bdc66f4ba97a8f2ddcd5281927e2e6') in 0.0278207 seconds
Number of updated asset objects reloaded before import = 0Number of asset objects unloaded after import = 1

========================================================================
Received Import Request.
  Time since last request: 0.000027 seconds.
  path: Assets/TextMesh Pro/Examples & Extras/Scenes/14 - Multi Font & Sprites.unity
  artifactKey: Guid(22a2fba786ad4c40ac0ba09f0b933100) Importer(2089858483,0ecaa5967403d082aa24f35e1b516d23)
Start importing Assets/TextMesh Pro/Examples & Extras/Scenes/14 - Multi Font & Sprites.unity using Guid(22a2fba786ad4c40ac0ba09f0b933100) Importer(2089858483,0ecaa5967403d082aa24f35e1b516d23) (ScriptedImporter) -> (artifact id: 'f775bf6b47e67686eda43343cd89521a') in 0.0292115 seconds
Number of updated asset objects reloaded before import = 0Number of asset objects unloaded after import = 1

========================================================================
Received Import Request.
  Time since last request: 0.000030 seconds.
  path: Assets/TextMesh Pro/Shaders/TMP_SDF-Surface-Mobile.shader
  artifactKey: Guid(85187c2149c549c5b33f0cdb02836b17) Importer(2089858483,0ecaa5967403d082aa24f35e1b516d23)
Start importing Assets/TextMesh Pro/Shaders/TMP_SDF-Surface-Mobile.shader using Guid(85187c2149c549c5b33f0cdb02836b17) Importer(2089858483,0ecaa5967403d082aa24f35e1b516d23) (ScriptedImporter) -> (artifact id: 'addaacecc43fa0f383af60108a02ed92') in 0.0248848 seconds
Number of updated asset objects reloaded before import = 0Number of asset objects unloaded after import = 1

========================================================================
Received Import Request.
  Time since last request: 0.000046 seconds.
  path: Assets/TextMesh Pro/Examples & Extras/Scenes/09 - Margin Tag Example.unity
  artifactKey: Guid(349f38d3606449708c7340d26740e1e2) Importer(2089858483,0ecaa5967403d082aa24f35e1b516d23)
Start importing Assets/TextMesh Pro/Examples & Extras/Scenes/09 - Margin Tag Example.unity using Guid(349f38d3606449708c7340d26740e1e2) Importer(2089858483,0ecaa5967403d082aa24f35e1b516d23) (ScriptedImporter) -> (artifact id: '026caa1c9565d8a9d91d2ee1a294d35b') in 0.0191207 seconds
Number of updated asset objects reloaded before import = 0Number of asset objects unloaded after import = 1

========================================================================
Received Import Request.
  Time since last request: 1.827433 seconds.
  path: Assets/TextMesh Pro/Shaders/TMPro_Properties.cginc
  artifactKey: Guid(3997e2241185407d80309a82f9148466) Importer(2089858483,0ecaa5967403d082aa24f35e1b516d23)
Start importing Assets/TextMesh Pro/Shaders/TMPro_Properties.cginc using Guid(3997e2241185407d80309a82f9148466) Importer(2089858483,0ecaa5967403d082aa24f35e1b516d23) (ScriptedImporter) -> (artifact id: 'b0c9018838034c10409511a72e019778') in 0.0786591 seconds
Number of updated asset objects reloaded before import = 0Number of asset objects unloaded after import = 1

========================================================================
Received Import Request.
  Time since last request: 0.000046 seconds.
  path: Assets/TextMesh Pro/Examples & Extras/Scenes/24 - Surface Shader Example URP.unity
  artifactKey: Guid(57694ed9d1cd1e340a4924c0f2eac8e3) Importer(2089858483,0ecaa5967403d082aa24f35e1b516d23)
Start importing Assets/TextMesh Pro/Examples & Extras/Scenes/24 - Surface Shader Example URP.unity using Guid(57694ed9d1cd1e340a4924c0f2eac8e3) Importer(2089858483,0ecaa5967403d082aa24f35e1b516d23) (ScriptedImporter) -> (artifact id: '0b95cc3d4e545d5492b9df7d4cbc303e') in 0.0432477 seconds
Number of updated asset objects reloaded before import = 0Number of asset objects unloaded after import = 1

========================================================================
Received Import Request.
  Time since last request: 0.000040 seconds.
  path: Assets/TextMesh Pro/Examples & Extras/Scenes/20 - Input Field with Scrollbar.unity
  artifactKey: Guid(337f92480dd24675aae9e79210fb1ad9) Importer(2089858483,0ecaa5967403d082aa24f35e1b516d23)
Start importing Assets/TextMesh Pro/Examples & Extras/Scenes/20 - Input Field with Scrollbar.unity using Guid(337f92480dd24675aae9e79210fb1ad9) Importer(2089858483,0ecaa5967403d082aa24f35e1b516d23) (ScriptedImporter) -> (artifact id: '7465401ee7106c25d45b1623f47aafec') in 0.0407568 seconds
Number of updated asset objects reloaded before import = 0Number of asset objects unloaded after import = 1

========================================================================
Received Import Request.
  Time since last request: 0.000075 seconds.
  path: Assets/TextMesh Pro/Examples & Extras/Scenes/22 - Basic Scripting Example.unity
  artifactKey: Guid(6250f98e58fe4abbaada5d84b7ca846d) Importer(2089858483,0ecaa5967403d082aa24f35e1b516d23)
Start importing Assets/TextMesh Pro/Examples & Extras/Scenes/22 - Basic Scripting Example.unity using Guid(6250f98e58fe4abbaada5d84b7ca846d) Importer(2089858483,0ecaa5967403d082aa24f35e1b516d23) (ScriptedImporter) -> (artifact id: '7685748fb5c1bcbe2b7af470610bcb60') in 0.0360355 seconds
Number of updated asset objects reloaded before import = 0Number of asset objects unloaded after import = 1

========================================================================
Received Import Request.
  Time since last request: 0.000059 seconds.
  path: Assets/TextMesh Pro/Examples & Extras/Scenes/23 - Animating Vertex Attributes.unity
  artifactKey: Guid(54e994244b4b467e8583cf2da6dcc716) Importer(2089858483,0ecaa5967403d082aa24f35e1b516d23)
Start importing Assets/TextMesh Pro/Examples & Extras/Scenes/23 - Animating Vertex Attributes.unity using Guid(54e994244b4b467e8583cf2da6dcc716) Importer(2089858483,0ecaa5967403d082aa24f35e1b516d23) (ScriptedImporter) -> (artifact id: 'c0a16841d56ed2e2756be22aba859aa0') in 0.0444292 seconds
Number of updated asset objects reloaded before import = 0Number of asset objects unloaded after import = 1

========================================================================
Received Import Request.
  Time since last request: 0.000039 seconds.
  path: Assets/TextMesh Pro/Examples & Extras/Scenes/28 - HDRP Shader Example.unity
  artifactKey: Guid(eea2b7206368b444e84fbec4ec32b64a) Importer(2089858483,0ecaa5967403d082aa24f35e1b516d23)
Start importing Assets/TextMesh Pro/Examples & Extras/Scenes/28 - HDRP Shader Example.unity using Guid(eea2b7206368b444e84fbec4ec32b64a) Importer(2089858483,0ecaa5967403d082aa24f35e1b516d23) (ScriptedImporter) -> (artifact id: '46a96f731b4fc0dbac80d7f1672d6563') in 0.0408973 seconds
Number of updated asset objects reloaded before import = 0Number of asset objects unloaded after import = 1

========================================================================
Received Import Request.
  Time since last request: 0.000058 seconds.
  path: Assets/TextMesh Pro/Examples & Extras/Scenes/27 - Double Pass Shader Example.unity
  artifactKey: Guid(3b38a6ba32b869f48812e595baf39746) Importer(2089858483,0ecaa5967403d082aa24f35e1b516d23)
Start importing Assets/TextMesh Pro/Examples & Extras/Scenes/27 - Double Pass Shader Example.unity using Guid(3b38a6ba32b869f48812e595baf39746) Importer(2089858483,0ecaa5967403d082aa24f35e1b516d23) (ScriptedImporter) -> (artifact id: 'c1e7aae5b7254ab427a20a31e98460f9') in 0.0355261 seconds
Number of updated asset objects reloaded before import = 0Number of asset objects unloaded after import = 1

========================================================================
Received Import Request.
  Time since last request: 0.000041 seconds.
  path: Assets/TextMesh Pro/Examples & Extras/Scenes/Benchmark (Floating Text).unity
  artifactKey: Guid(16177da2e3254cee91944756d5f8ddd3) Importer(2089858483,0ecaa5967403d082aa24f35e1b516d23)
Start importing Assets/TextMesh Pro/Examples & Extras/Scenes/Benchmark (Floating Text).unity using Guid(16177da2e3254cee91944756d5f8ddd3) Importer(2089858483,0ecaa5967403d082aa24f35e1b516d23) (ScriptedImporter) -> (artifact id: 'f4114c839a62f3e81cd222bbd7d87ddd') in 0.0582948 seconds
Number of updated asset objects reloaded before import = 0Number of asset objects unloaded after import = 1

========================================================================
Received Import Request.
  Time since last request: 0.000046 seconds.
  path: Assets/TextMesh Pro/Examples & Extras/Scripts/Benchmark01.cs
  artifactKey: Guid(f970ea55f9f84bf79b05dab180b8c125) Importer(2089858483,0ecaa5967403d082aa24f35e1b516d23)
Start importing Assets/TextMesh Pro/Examples & Extras/Scripts/Benchmark01.cs using Guid(f970ea55f9f84bf79b05dab180b8c125) Importer(2089858483,0ecaa5967403d082aa24f35e1b516d23) (ScriptedImporter) -> (artifact id: 'd6a55e4cbef285e914791e28a2abcb48') in 0.0442399 seconds
Number of updated asset objects reloaded before import = 0Number of asset objects unloaded after import = 0

========================================================================
Received Import Request.
  Time since last request: 0.000037 seconds.
  path: Assets/Prefab/Hearth.prefab
  artifactKey: Guid(f69c3b8fb9c882d44b8408654d6ed946) Importer(815301076,1909f56bfc062723c751e8b465ee728b)
Start importing Assets/Prefab/Hearth.prefab using Guid(f69c3b8fb9c882d44b8408654d6ed946) Importer(815301076,1909f56bfc062723c751e8b465ee728b) (PreviewImporter) -> (artifact id: 'bbf8b548164b0fd9fa3faaf46dd540e0') in 0.0128986 seconds
Number of updated asset objects reloaded before import = 0Number of asset objects unloaded after import = 7

========================================================================
Received Import Request.
  Time since last request: 0.000051 seconds.
  path: Assets/Prefab/Slot.prefab
  artifactKey: Guid(451a963908d309b49aa15f2051da8535) Importer(815301076,1909f56bfc062723c751e8b465ee728b)
Start importing Assets/Prefab/Slot.prefab using Guid(451a963908d309b49aa15f2051da8535) Importer(815301076,1909f56bfc062723c751e8b465ee728b) (PreviewImporter) -> (artifact id: '2a660aa16e475c7e5ac23021a90a99dc') in 0.0212821 seconds
Number of updated asset objects reloaded before import = 0Number of asset objects unloaded after import = 18

========================================================================
Received Import Request.
  Time since last request: 0.000096 seconds.
  path: Assets/TextMesh Pro/Examples & Extras/Scripts/Benchmark01_UGUI.cs
  artifactKey: Guid(8ef7be1c625941f7ba8ed7cc71718c0d) Importer(2089858483,0ecaa5967403d082aa24f35e1b516d23)
Start importing Assets/TextMesh Pro/Examples & Extras/Scripts/Benchmark01_UGUI.cs using Guid(8ef7be1c625941f7ba8ed7cc71718c0d) Importer(2089858483,0ecaa5967403d082aa24f35e1b516d23) (ScriptedImporter) -> (artifact id: '4f3642a98c665a4e5bd273df36f196b9') in 0.0452881 seconds
Number of updated asset objects reloaded before import = 0Number of asset objects unloaded after import = 0

========================================================================
Received Import Request.
  Time since last request: 0.000046 seconds.
  path: Assets/Prefab/ColorVisual.prefab
  artifactKey: Guid(c1c0b8486e54c824dadc71d7ee9c39fd) Importer(815301076,1909f56bfc062723c751e8b465ee728b)
Start importing Assets/Prefab/ColorVisual.prefab using Guid(c1c0b8486e54c824dadc71d7ee9c39fd) Importer(815301076,1909f56bfc062723c751e8b465ee728b) (PreviewImporter) -> (artifact id: 'f8200daf547b22a8556f38d33a59d93a') in 0.0076099 seconds
Number of updated asset objects reloaded before import = 0Number of asset objects unloaded after import = 12

========================================================================
Received Import Request.
  Time since last request: 0.000050 seconds.
  path: Assets/Prefab/Bullet.prefab
  artifactKey: Guid(d73a9c4ae86251347a987e1dda006f49) Importer(815301076,1909f56bfc062723c751e8b465ee728b)
Start importing Assets/Prefab/Bullet.prefab using Guid(d73a9c4ae86251347a987e1dda006f49) Importer(815301076,1909f56bfc062723c751e8b465ee728b) (PreviewImporter) -> (artifact id: 'a933fde6eb96731e60f4a4b90effef37') in 0.0652699 seconds
Number of updated asset objects reloaded before import = 0Number of asset objects unloaded after import = 9

========================================================================
Received Import Request.
  Time since last request: 0.000086 seconds.
  path: Assets/TextMesh Pro/Examples & Extras/Scripts/Benchmark04.cs
  artifactKey: Guid(dc20866c0d5e413ab7559440e15333ae) Importer(2089858483,0ecaa5967403d082aa24f35e1b516d23)
Start importing Assets/TextMesh Pro/Examples & Extras/Scripts/Benchmark04.cs using Guid(dc20866c0d5e413ab7559440e15333ae) Importer(2089858483,0ecaa5967403d082aa24f35e1b516d23) (ScriptedImporter) -> (artifact id: 'a1f1ba2e6b3c2e912c11438f0b4aeb2b') in 0.0482149 seconds
Number of updated asset objects reloaded before import = 0Number of asset objects unloaded after import = 0

========================================================================
Received Import Request.
  Time since last request: 0.000122 seconds.
  path: Assets/TextMesh Pro/Examples & Extras/Scripts/Benchmark02.cs
  artifactKey: Guid(e8538afcddc14efbb5d9e94b7ae50197) Importer(2089858483,0ecaa5967403d082aa24f35e1b516d23)
Start importing Assets/TextMesh Pro/Examples & Extras/Scripts/Benchmark02.cs using Guid(e8538afcddc14efbb5d9e94b7ae50197) Importer(2089858483,0ecaa5967403d082aa24f35e1b516d23) (ScriptedImporter) -> (artifact id: '83d1a9f477f65303f5d22a638e7dcbe7') in 0.0506698 seconds
Number of updated asset objects reloaded before import = 0Number of asset objects unloaded after import = 0

========================================================================
Received Import Request.
  Time since last request: 0.000077 seconds.
  path: Assets/TextMesh Pro/Examples & Extras/Scripts/CameraController.cs
  artifactKey: Guid(2d687537154440a3913a9a3c7977978c) Importer(2089858483,0ecaa5967403d082aa24f35e1b516d23)
Start importing Assets/TextMesh Pro/Examples & Extras/Scripts/CameraController.cs using Guid(2d687537154440a3913a9a3c7977978c) Importer(2089858483,0ecaa5967403d082aa24f35e1b516d23) (ScriptedImporter) -> (artifact id: 'ab8c5e62edb32238738a66b6f52dcfaf') in 0.0543791 seconds
Number of updated asset objects reloaded before import = 0Number of asset objects unloaded after import = 0

========================================================================
Received Import Request.
  Time since last request: 0.000041 seconds.
  path: Assets/TextMesh Pro/Shaders/TMP_SDF-HDRP UNLIT.shadergraph
  artifactKey: Guid(f63d574838ccfb44f84acc05fed0af48) Importer(2089858483,0ecaa5967403d082aa24f35e1b516d23)
Start importing Assets/TextMesh Pro/Shaders/TMP_SDF-HDRP UNLIT.shadergraph using Guid(f63d574838ccfb44f84acc05fed0af48) Importer(2089858483,0ecaa5967403d082aa24f35e1b516d23) (ScriptedImporter) -> (artifact id: 'af6233bb3e9b8b16f3f018d988c01328') in 0.0933664 seconds
Number of updated asset objects reloaded before import = 0Number of asset objects unloaded after import = 3

========================================================================
Received Import Request.
  Time since last request: 0.000117 seconds.
  path: Assets/TextMesh Pro/Examples & Extras/Scenes/04 - Word Wrapping.unity
  artifactKey: Guid(8f7137eacd7042d5b17ef0efe5e744f5) Importer(2089858483,0ecaa5967403d082aa24f35e1b516d23)
Start importing Assets/TextMesh Pro/Examples & Extras/Scenes/04 - Word Wrapping.unity using Guid(8f7137eacd7042d5b17ef0efe5e744f5) Importer(2089858483,0ecaa5967403d082aa24f35e1b516d23) (ScriptedImporter) -> (artifact id: '77a4d3c872e264e4e17a68a0b6325584') in 0.0506527 seconds
Number of updated asset objects reloaded before import = 0Number of asset objects unloaded after import = 1

========================================================================
Received Import Request.
  Time since last request: 0.000040 seconds.
  path: Assets/TextMesh Pro/Examples & Extras/Scripts/ChatController.cs
  artifactKey: Guid(53d91f98a2664f5cb9af11de72ac54ec) Importer(2089858483,0ecaa5967403d082aa24f35e1b516d23)
Start importing Assets/TextMesh Pro/Examples & Extras/Scripts/ChatController.cs using Guid(53d91f98a2664f5cb9af11de72ac54ec) Importer(2089858483,0ecaa5967403d082aa24f35e1b516d23) (ScriptedImporter) -> (artifact id: 'e473b3f3d13919ded87f82247aadb30e') in 0.0566598 seconds
Number of updated asset objects reloaded before import = 0Number of asset objects unloaded after import = 0

========================================================================
Received Import Request.
  Time since last request: 0.000055 seconds.
  path: Assets/Scripts/Paints/Paint 13.asset
  artifactKey: Guid(6bf46256ba56c7e48ad888f31a7066eb) Importer(2089858483,0ecaa5967403d082aa24f35e1b516d23)
Start importing Assets/Scripts/Paints/Paint 13.asset using Guid(6bf46256ba56c7e48ad888f31a7066eb) Importer(2089858483,0ecaa5967403d082aa24f35e1b516d23) (ScriptedImporter) -> (artifact id: 'fd8b425c0720175b2b5ad28770a1f5ee') in 0.097662 seconds
Number of updated asset objects reloaded before import = 0Number of asset objects unloaded after import = 16

========================================================================
Received Import Request.
  Time since last request: 0.000130 seconds.
  path: Assets/TextMesh Pro/Examples & Extras/Scripts/ShaderPropAnimator.cs
  artifactKey: Guid(2787a46a4dc848c1b4b7b9307b614bfd) Importer(2089858483,0ecaa5967403d082aa24f35e1b516d23)
Start importing Assets/TextMesh Pro/Examples & Extras/Scripts/ShaderPropAnimator.cs using Guid(2787a46a4dc848c1b4b7b9307b614bfd) Importer(2089858483,0ecaa5967403d082aa24f35e1b516d23) (ScriptedImporter) -> (artifact id: '638bbd614ba54183e1c35b6d4c751f39') in 0.0676938 seconds
Number of updated asset objects reloaded before import = 0Number of asset objects unloaded after import = 0

========================================================================
Received Import Request.
  Time since last request: 0.000039 seconds.
  path: Assets/Scripts/Paints/Paint 14.asset
  artifactKey: Guid(8e83eeefe69fa234f838cfa9e43adb9f) Importer(2089858483,0ecaa5967403d082aa24f35e1b516d23)
Start importing Assets/Scripts/Paints/Paint 14.asset using Guid(8e83eeefe69fa234f838cfa9e43adb9f) Importer(2089858483,0ecaa5967403d082aa24f35e1b516d23) (ScriptedImporter) -> (artifact id: '59c6d57ad53515353fe6ad2d7a087cdf') in 0.0597163 seconds
Number of updated asset objects reloaded before import = 0Number of asset objects unloaded after import = 16

========================================================================
Received Import Request.
  Time since last request: 0.000067 seconds.
  path: Assets/TextMesh Pro/Examples & Extras/Scripts/SkewTextExample.cs
  artifactKey: Guid(d412675cfb3441efa3bf8dcd9b7624dc) Importer(2089858483,0ecaa5967403d082aa24f35e1b516d23)
Start importing Assets/TextMesh Pro/Examples & Extras/Scripts/SkewTextExample.cs using Guid(d412675cfb3441efa3bf8dcd9b7624dc) Importer(2089858483,0ecaa5967403d082aa24f35e1b516d23) (ScriptedImporter) -> (artifact id: '47ca023e4a37ad883b2ec4e8269ba45a') in 0.053268 seconds
Number of updated asset objects reloaded before import = 0Number of asset objects unloaded after import = 0

========================================================================
Received Import Request.
  Time since last request: 0.000044 seconds.
  path: Assets/TextMesh Pro/Examples & Extras/Scripts/DropdownSample.cs
  artifactKey: Guid(ac1eb05af6d391b4eb0f4c070a99f1d0) Importer(2089858483,0ecaa5967403d082aa24f35e1b516d23)
Start importing Assets/TextMesh Pro/Examples & Extras/Scripts/DropdownSample.cs using Guid(ac1eb05af6d391b4eb0f4c070a99f1d0) Importer(2089858483,0ecaa5967403d082aa24f35e1b516d23) (ScriptedImporter) -> (artifact id: '297eebf67753d24f86ba2069a2ba1f2f') in 0.0514127 seconds
Number of updated asset objects reloaded before import = 0Number of asset objects unloaded after import = 0

========================================================================
Received Import Request.
  Time since last request: 0.000063 seconds.
  path: Assets/TextMesh Pro/Examples & Extras/Scripts/TeleType.cs
  artifactKey: Guid(e32c266ee6204b21a427753cb0694c81) Importer(2089858483,0ecaa5967403d082aa24f35e1b516d23)
Start importing Assets/TextMesh Pro/Examples & Extras/Scripts/TeleType.cs using Guid(e32c266ee6204b21a427753cb0694c81) Importer(2089858483,0ecaa5967403d082aa24f35e1b516d23) (ScriptedImporter) -> (artifact id: '05b0931c8ffec2a18dacafb2d2c22b0e') in 0.0594931 seconds
Number of updated asset objects reloaded before import = 0Number of asset objects unloaded after import = 0

========================================================================
Received Import Request.
  Time since last request: 0.000039 seconds.
  path: Assets/TextMesh Pro/Examples & Extras/Scripts/TextConsoleSimulator.cs
  artifactKey: Guid(43bcd35a1c0c40ccb6d472893fe2093f) Importer(2089858483,0ecaa5967403d082aa24f35e1b516d23)
Start importing Assets/TextMesh Pro/Examples & Extras/Scripts/TextConsoleSimulator.cs using Guid(43bcd35a1c0c40ccb6d472893fe2093f) Importer(2089858483,0ecaa5967403d082aa24f35e1b516d23) (ScriptedImporter) -> (artifact id: '2c45120d6aa5003c9ec29dcab0926099') in 0.0381683 seconds
Number of updated asset objects reloaded before import = 0Number of asset objects unloaded after import = 0

========================================================================
Received Import Request.
  Time since last request: 0.000089 seconds.
  path: Assets/TextMesh Pro/Examples & Extras/Scenes/03 - Line Justification.unity
  artifactKey: Guid(21a509e1d3cd49978623fa564adb6f02) Importer(2089858483,0ecaa5967403d082aa24f35e1b516d23)
Start importing Assets/TextMesh Pro/Examples & Extras/Scenes/03 - Line Justification.unity using Guid(21a509e1d3cd49978623fa564adb6f02) Importer(2089858483,0ecaa5967403d082aa24f35e1b516d23) (ScriptedImporter) -> (artifact id: '973ef192d15038111de49496c78ea285') in 0.0481318 seconds
Number of updated asset objects reloaded before import = 0Number of asset objects unloaded after import = 1

========================================================================
Received Import Request.
  Time since last request: 0.000138 seconds.
  path: Assets/TextMesh Pro/Examples & Extras/Scripts/TextMeshSpawner.cs
  artifactKey: Guid(76c11bbcfddf44e0ba17d6c2751c8d84) Importer(2089858483,0ecaa5967403d082aa24f35e1b516d23)
Start importing Assets/TextMesh Pro/Examples & Extras/Scripts/TextMeshSpawner.cs using Guid(76c11bbcfddf44e0ba17d6c2751c8d84) Importer(2089858483,0ecaa5967403d082aa24f35e1b516d23) (ScriptedImporter) -> (artifact id: '67471c07d751029c6de34cabfa6ff57e') in 0.0445218 seconds
Number of updated asset objects reloaded before import = 0Number of asset objects unloaded after import = 0

========================================================================
Received Import Request.
  Time since last request: 0.000100 seconds.
  path: Assets/TextMesh Pro/Examples & Extras/Scripts/SimpleScript.cs
  artifactKey: Guid(9eff140b25d64601aabc6ba32245d099) Importer(2089858483,0ecaa5967403d082aa24f35e1b516d23)
Start importing Assets/TextMesh Pro/Examples & Extras/Scripts/SimpleScript.cs using Guid(9eff140b25d64601aabc6ba32245d099) Importer(2089858483,0ecaa5967403d082aa24f35e1b516d23) (ScriptedImporter) -> (artifact id: 'afbe575e9da878877bf025d04311408c') in 0.0820162 seconds
Number of updated asset objects reloaded before import = 0Number of asset objects unloaded after import = 0

========================================================================
Received Import Request.
  Time since last request: 0.000034 seconds.
  path: Assets/TextMesh Pro/Examples & Extras/Scripts/TMP_DigitValidator.cs
  artifactKey: Guid(1a7eb92a01ed499a987bde9def05fbce) Importer(2089858483,0ecaa5967403d082aa24f35e1b516d23)
Start importing Assets/TextMesh Pro/Examples & Extras/Scripts/TMP_DigitValidator.cs using Guid(1a7eb92a01ed499a987bde9def05fbce) Importer(2089858483,0ecaa5967403d082aa24f35e1b516d23) (ScriptedImporter) -> (artifact id: 'e312d6a74ade7cbda2efd353325c353d') in 0.0426585 seconds
Number of updated asset objects reloaded before import = 0Number of asset objects unloaded after import = 0

========================================================================
Received Import Request.
  Time since last request: 0.000049 seconds.
  path: Assets/TextMesh Pro/Examples & Extras/Scripts/TMP_ExampleScript_01.cs
  artifactKey: Guid(6f2c5b59b6874405865e2616e4ec276a) Importer(2089858483,0ecaa5967403d082aa24f35e1b516d23)
Start importing Assets/TextMesh Pro/Examples & Extras/Scripts/TMP_ExampleScript_01.cs using Guid(6f2c5b59b6874405865e2616e4ec276a) Importer(2089858483,0ecaa5967403d082aa24f35e1b516d23) (ScriptedImporter) -> (artifact id: 'f5d43f2d5e0dbe1942044880f3573e05') in 0.0453291 seconds
Number of updated asset objects reloaded before import = 0Number of asset objects unloaded after import = 0

========================================================================
Received Import Request.
  Time since last request: 0.000033 seconds.
  path: Assets/TextMesh Pro/Examples & Extras/Scripts/TMP_FrameRateCounter.cs
  artifactKey: Guid(686ec78b56aa445795335fbadafcfaa4) Importer(2089858483,0ecaa5967403d082aa24f35e1b516d23)
Start importing Assets/TextMesh Pro/Examples & Extras/Scripts/TMP_FrameRateCounter.cs using Guid(686ec78b56aa445795335fbadafcfaa4) Importer(2089858483,0ecaa5967403d082aa24f35e1b516d23) (ScriptedImporter) -> (artifact id: '3520d1902b80c68150caaee6e5e753ee') in 0.0249435 seconds
Number of updated asset objects reloaded before import = 0Number of asset objects unloaded after import = 0

========================================================================
Received Import Request.
  Time since last request: 0.000098 seconds.
  path: Assets/TextMesh Pro/Examples & Extras/Scripts/TMP_PhoneNumberValidator.cs
  artifactKey: Guid(83680ab1a69f4102ac67d1459fe76e1f) Importer(2089858483,0ecaa5967403d082aa24f35e1b516d23)
Start importing Assets/TextMesh Pro/Examples & Extras/Scripts/TMP_PhoneNumberValidator.cs using Guid(83680ab1a69f4102ac67d1459fe76e1f) Importer(2089858483,0ecaa5967403d082aa24f35e1b516d23) (ScriptedImporter) -> (artifact id: 'ccdce870db3d64ce8071e8c289736ffa') in 0.0618391 seconds
Number of updated asset objects reloaded before import = 0Number of asset objects unloaded after import = 0

========================================================================
Received Import Request.
  Time since last request: 0.000060 seconds.
  path: Assets/TextMesh Pro/Examples & Extras/Scripts/TMP_TextEventHandler.cs
  artifactKey: Guid(1312ae25639a4bae8e25ae223209cc50) Importer(2089858483,0ecaa5967403d082aa24f35e1b516d23)
Start importing Assets/TextMesh Pro/Examples & Extras/Scripts/TMP_TextEventHandler.cs using Guid(1312ae25639a4bae8e25ae223209cc50) Importer(2089858483,0ecaa5967403d082aa24f35e1b516d23) (ScriptedImporter) -> (artifact id: 'f87a3ebdf8c808f72dfee9915da42426') in 0.0490472 seconds
Number of updated asset objects reloaded before import = 0Number of asset objects unloaded after import = 0

========================================================================
Received Import Request.
  Time since last request: 0.000056 seconds.
  path: Assets/TextMesh Pro/Examples & Extras/Scripts/TMP_TextEventCheck.cs
  artifactKey: Guid(d736ce056cf444ca96e424f4d9c42b76) Importer(2089858483,0ecaa5967403d082aa24f35e1b516d23)
Start importing Assets/TextMesh Pro/Examples & Extras/Scripts/TMP_TextEventCheck.cs using Guid(d736ce056cf444ca96e424f4d9c42b76) Importer(2089858483,0ecaa5967403d082aa24f35e1b516d23) (ScriptedImporter) -> (artifact id: '9e01c97dce865e3b6588a4981eb12301') in 0.0489281 seconds
Number of updated asset objects reloaded before import = 0Number of asset objects unloaded after import = 0

========================================================================
Received Import Request.
  Time since last request: 0.000051 seconds.
  path: Assets/TextMesh Pro/Examples & Extras/Scripts/TMP_TextInfoDebugTool.cs
  artifactKey: Guid(21256c5b62f346f18640dad779911e20) Importer(2089858483,0ecaa5967403d082aa24f35e1b516d23)
Start importing Assets/TextMesh Pro/Examples & Extras/Scripts/TMP_TextInfoDebugTool.cs using Guid(21256c5b62f346f18640dad779911e20) Importer(2089858483,0ecaa5967403d082aa24f35e1b516d23) (ScriptedImporter) -> (artifact id: '55e61c54152cd3a76fead22cefcb2416') in 0.0440477 seconds
Number of updated asset objects reloaded before import = 0Number of asset objects unloaded after import = 0

========================================================================
Received Import Request.
  Time since last request: 0.000176 seconds.
  path: Assets/TextMesh Pro/Examples & Extras/Scripts/TMP_TextSelector_A.cs
  artifactKey: Guid(103e0a6a1d404693b9fb1a5173e0e979) Importer(2089858483,0ecaa5967403d082aa24f35e1b516d23)
Start importing Assets/TextMesh Pro/Examples & Extras/Scripts/TMP_TextSelector_A.cs using Guid(103e0a6a1d404693b9fb1a5173e0e979) Importer(2089858483,0ecaa5967403d082aa24f35e1b516d23) (ScriptedImporter) -> (artifact id: 'a58ae4e8f0fc3e352c660c42489e4c7c') in 0.0526795 seconds
Number of updated asset objects reloaded before import = 0Number of asset objects unloaded after import = 0

========================================================================
Received Import Request.
  Time since last request: 0.000092 seconds.
  path: Assets/TextMesh Pro/Examples & Extras/Scripts/TMP_UiFrameRateCounter.cs
  artifactKey: Guid(24b0dc2d1d494adbbec1f4db26b4cf83) Importer(2089858483,0ecaa5967403d082aa24f35e1b516d23)
Start importing Assets/TextMesh Pro/Examples & Extras/Scripts/TMP_UiFrameRateCounter.cs using Guid(24b0dc2d1d494adbbec1f4db26b4cf83) Importer(2089858483,0ecaa5967403d082aa24f35e1b516d23) (ScriptedImporter) -> (artifact id: '4038b53d6d7794d2d31af2415a8f80a1') in 0.062578 seconds
Number of updated asset objects reloaded before import = 0Number of asset objects unloaded after import = 0

========================================================================
Received Import Request.
  Time since last request: 0.000051 seconds.
  path: Assets/TextMesh Pro/Examples & Extras/Scripts/TMP_TextSelector_B.cs
  artifactKey: Guid(a05dcd8be7ec4ccbb35c26219884aa37) Importer(2089858483,0ecaa5967403d082aa24f35e1b516d23)
Start importing Assets/TextMesh Pro/Examples & Extras/Scripts/TMP_TextSelector_B.cs using Guid(a05dcd8be7ec4ccbb35c26219884aa37) Importer(2089858483,0ecaa5967403d082aa24f35e1b516d23) (ScriptedImporter) -> (artifact id: '702b68b2299a53ecca0e22b14cf86869') in 0.0412338 seconds
Number of updated asset objects reloaded before import = 0Number of asset objects unloaded after import = 0

========================================================================
Received Import Request.
  Time since last request: 0.000038 seconds.
  path: Assets/TextMesh Pro/Examples & Extras/Scripts/TextMeshProFloatingText.cs
  artifactKey: Guid(a4d4c76e63944cba8c7d00f56334b98c) Importer(2089858483,0ecaa5967403d082aa24f35e1b516d23)
Start importing Assets/TextMesh Pro/Examples & Extras/Scripts/TextMeshProFloatingText.cs using Guid(a4d4c76e63944cba8c7d00f56334b98c) Importer(2089858483,0ecaa5967403d082aa24f35e1b516d23) (ScriptedImporter) -> (artifact id: '94227642f738b519aee99dd5208871df') in 0.0572055 seconds
Number of updated asset objects reloaded before import = 0Number of asset objects unloaded after import = 0

========================================================================
Received Import Request.
  Time since last request: 0.000063 seconds.
  path: Assets/TextMesh Pro/Examples & Extras/Scripts/VertexShakeA.cs
  artifactKey: Guid(f7cfa58e417a46ea8889989684c2522e) Importer(2089858483,0ecaa5967403d082aa24f35e1b516d23)
Start importing Assets/TextMesh Pro/Examples & Extras/Scripts/VertexShakeA.cs using Guid(f7cfa58e417a46ea8889989684c2522e) Importer(2089858483,0ecaa5967403d082aa24f35e1b516d23) (ScriptedImporter) -> (artifact id: '804cdc990adc0cd25a0f6550ffc180b1') in 0.045283 seconds
Number of updated asset objects reloaded before import = 0Number of asset objects unloaded after import = 0

========================================================================
Received Import Request.
  Time since last request: 0.000042 seconds.
  path: Assets/TextMesh Pro/Examples & Extras/Scripts/VertexJitter.cs
  artifactKey: Guid(2ed57967c52645d390a89dcf8f61ba73) Importer(2089858483,0ecaa5967403d082aa24f35e1b516d23)
Start importing Assets/TextMesh Pro/Examples & Extras/Scripts/VertexJitter.cs using Guid(2ed57967c52645d390a89dcf8f61ba73) Importer(2089858483,0ecaa5967403d082aa24f35e1b516d23) (ScriptedImporter) -> (artifact id: '519a2bff71c8e6a0507cba01cb560dac') in 0.0541946 seconds
Number of updated asset objects reloaded before import = 0Number of asset objects unloaded after import = 0

========================================================================
Received Import Request.
  Time since last request: 0.000061 seconds.
  path: Assets/TextMesh Pro/Examples & Extras/Scripts/VertexZoom.cs
  artifactKey: Guid(52ec835d14bd486f900952b77698b7eb) Importer(2089858483,0ecaa5967403d082aa24f35e1b516d23)
Start importing Assets/TextMesh Pro/Examples & Extras/Scripts/VertexZoom.cs using Guid(52ec835d14bd486f900952b77698b7eb) Importer(2089858483,0ecaa5967403d082aa24f35e1b516d23) (ScriptedImporter) -> (artifact id: '9ecb0a8ceee88e85fceac29c06b1c53f') in 0.052671 seconds
Number of updated asset objects reloaded before import = 0Number of asset objects unloaded after import = 0

========================================================================
Received Import Request.
  Time since last request: 0.000033 seconds.
  path: Assets/TextMesh Pro/Examples & Extras/Scripts/VertexShakeB.cs
  artifactKey: Guid(e4e0d9ccee5f4950be8979268c9014e0) Importer(2089858483,0ecaa5967403d082aa24f35e1b516d23)
Start importing Assets/TextMesh Pro/Examples & Extras/Scripts/VertexShakeB.cs using Guid(e4e0d9ccee5f4950be8979268c9014e0) Importer(2089858483,0ecaa5967403d082aa24f35e1b516d23) (ScriptedImporter) -> (artifact id: 'c100be888d11bfb9a379e8aa89e3f30d') in 0.0333035 seconds
Number of updated asset objects reloaded before import = 0Number of asset objects unloaded after import = 0

========================================================================
Received Import Request.
  Time since last request: 0.000109 seconds.
  path: Assets/TextMesh Pro/Examples & Extras/Scripts/ObjectSpin.cs
  artifactKey: Guid(4f19c7f94c794c5097d8bd11e39c750d) Importer(2089858483,0ecaa5967403d082aa24f35e1b516d23)
Start importing Assets/TextMesh Pro/Examples & Extras/Scripts/ObjectSpin.cs using Guid(4f19c7f94c794c5097d8bd11e39c750d) Importer(2089858483,0ecaa5967403d082aa24f35e1b516d23) (ScriptedImporter) -> (artifact id: 'd1300b162f9caa34f9b429c349e7b7e3') in 0.0433234 seconds
Number of updated asset objects reloaded before import = 0Number of asset objects unloaded after import = 0

========================================================================
Received Import Request.
  Time since last request: 0.000426 seconds.
  path: Assets/Prefab/Main Visual Particle.prefab
  artifactKey: Guid(2a09108ad147f274a8de2005ec426213) Importer(815301076,1909f56bfc062723c751e8b465ee728b)
Start importing Assets/Prefab/Main Visual Particle.prefab using Guid(2a09108ad147f274a8de2005ec426213) Importer(815301076,1909f56bfc062723c751e8b465ee728b) (PreviewImporter) -> (artifact id: '56172ab6bc0f60a30f535a6a76f1c159') in 0.0712236 seconds
Number of updated asset objects reloaded before import = 0Number of asset objects unloaded after import = 23

========================================================================
Received Import Request.
  Time since last request: 0.000182 seconds.
  path: Assets/Assets/Font/Deep Shadow SDF.asset
  artifactKey: Guid(1a269f0e5c4c75748a39bc5fa6d7f66e) Importer(2089858483,0ecaa5967403d082aa24f35e1b516d23)
Start importing Assets/Assets/Font/Deep Shadow SDF.asset using Guid(1a269f0e5c4c75748a39bc5fa6d7f66e) Importer(2089858483,0ecaa5967403d082aa24f35e1b516d23) (ScriptedImporter) -> (artifact id: '7841a25d6d4b6dd7f75d979c1919e163') in 0.0857715 seconds
Number of updated asset objects reloaded before import = 0Number of asset objects unloaded after import = 3

========================================================================
Received Import Request.
  Time since last request: 0.000060 seconds.
  path: Assets/TextMesh Pro/Examples & Extras/Sprites/DropCap Numbers.psd
  artifactKey: Guid(fd09957580ac4326916010f1f260975b) Importer(2089858483,0ecaa5967403d082aa24f35e1b516d23)
Start importing Assets/TextMesh Pro/Examples & Extras/Sprites/DropCap Numbers.psd using Guid(fd09957580ac4326916010f1f260975b) Importer(2089858483,0ecaa5967403d082aa24f35e1b516d23) (ScriptedImporter) -> (artifact id: '24e73f572182d1f07cec83bd1bb575b7') in 0.1216216 seconds
Number of updated asset objects reloaded before import = 0Number of asset objects unloaded after import = 1

========================================================================
Received Import Request.
  Time since last request: 0.000067 seconds.
  path: Assets/TextMesh Pro/Examples & Extras/Textures/Brushed Metal 3.jpg
  artifactKey: Guid(f88677df267a41d6be1e7a6133e7d227) Importer(2089858483,0ecaa5967403d082aa24f35e1b516d23)
Start importing Assets/TextMesh Pro/Examples & Extras/Textures/Brushed Metal 3.jpg using Guid(f88677df267a41d6be1e7a6133e7d227) Importer(2089858483,0ecaa5967403d082aa24f35e1b516d23) (ScriptedImporter) -> (artifact id: 'c6c5f3222c050ec298c25850997a9a33') in 0.062488 seconds
Number of updated asset objects reloaded before import = 0Number of asset objects unloaded after import = 1

========================================================================
Received Import Request.
  Time since last request: 0.000039 seconds.
  path: Assets/Scripts/Paints/Paint 1.asset
  artifactKey: Guid(a655df45aeb11d44fa4b4bd61144f342) Importer(2089858483,0ecaa5967403d082aa24f35e1b516d23)
Start importing Assets/Scripts/Paints/Paint 1.asset using Guid(a655df45aeb11d44fa4b4bd61144f342) Importer(2089858483,0ecaa5967403d082aa24f35e1b516d23) (ScriptedImporter) -> (artifact id: 'f824236037cc37e8aa1aefce8c561185') in 0.0568298 seconds
Number of updated asset objects reloaded before import = 0Number of asset objects unloaded after import = 23

========================================================================
Received Import Request.
  Time since last request: 0.000065 seconds.
  path: Assets/TextMesh Pro/Examples & Extras/Textures/Fruit Jelly (B&W).jpg
  artifactKey: Guid(1cdc5b506b1a4a33a53c30669ced1f51) Importer(2089858483,0ecaa5967403d082aa24f35e1b516d23)
Start importing Assets/TextMesh Pro/Examples & Extras/Textures/Fruit Jelly (B&W).jpg using Guid(1cdc5b506b1a4a33a53c30669ced1f51) Importer(2089858483,0ecaa5967403d082aa24f35e1b516d23) (ScriptedImporter) -> (artifact id: 'c4cae3c0d651cb1603414637bbb83214') in 0.0770632 seconds
Number of updated asset objects reloaded before import = 0Number of asset objects unloaded after import = 1

========================================================================
Received Import Request.
  Time since last request: 0.000052 seconds.
  path: Assets/TextMesh Pro/Examples & Extras/Textures/Floor Tiles 1 - diffuse.jpg
  artifactKey: Guid(85ac55597b97403c82fc6601a93cf241) Importer(2089858483,0ecaa5967403d082aa24f35e1b516d23)
Start importing Assets/TextMesh Pro/Examples & Extras/Textures/Floor Tiles 1 - diffuse.jpg using Guid(85ac55597b97403c82fc6601a93cf241) Importer(2089858483,0ecaa5967403d082aa24f35e1b516d23) (ScriptedImporter) -> (artifact id: '853bb616d47c6ba4012f9256cccc5f5b') in 0.1074878 seconds
Number of updated asset objects reloaded before import = 0Number of asset objects unloaded after import = 1

========================================================================
Received Import Request.
  Time since last request: 0.000087 seconds.
  path: Assets/TextMesh Pro/Examples & Extras/Textures/Gradient Horizontal (Color).jpg
  artifactKey: Guid(6eb184de103d4b3f812b38561065192f) Importer(2089858483,0ecaa5967403d082aa24f35e1b516d23)
Start importing Assets/TextMesh Pro/Examples & Extras/Textures/Gradient Horizontal (Color).jpg using Guid(6eb184de103d4b3f812b38561065192f) Importer(2089858483,0ecaa5967403d082aa24f35e1b516d23) (ScriptedImporter) -> (artifact id: 'fd433d4f5285c3140d474cca09cee758') in 0.0647411 seconds
Number of updated asset objects reloaded before import = 0Number of asset objects unloaded after import = 1

========================================================================
Received Import Request.
  Time since last request: 0.000049 seconds.
  path: Assets/TextMesh Pro/Examples & Extras/Scripts/WarpTextExample.cs
  artifactKey: Guid(790744c462254b7ba8038e6ed28b3db2) Importer(2089858483,0ecaa5967403d082aa24f35e1b516d23)
Start importing Assets/TextMesh Pro/Examples & Extras/Scripts/WarpTextExample.cs using Guid(790744c462254b7ba8038e6ed28b3db2) Importer(2089858483,0ecaa5967403d082aa24f35e1b516d23) (ScriptedImporter) -> (artifact id: '9170273c786f9a15bcae691c744c3e2f') in 0.0492324 seconds
Number of updated asset objects reloaded before import = 0Number of asset objects unloaded after import = 0

========================================================================
Received Import Request.
  Time since last request: 0.000062 seconds.
  path: Assets/TextMesh Pro/Examples & Extras/Textures/Mask Zig-n-Zag.psd
  artifactKey: Guid(bb8dfcd263ad4eb383a33d74a720be6f) Importer(2089858483,0ecaa5967403d082aa24f35e1b516d23)
Start importing Assets/TextMesh Pro/Examples & Extras/Textures/Mask Zig-n-Zag.psd using Guid(bb8dfcd263ad4eb383a33d74a720be6f) Importer(2089858483,0ecaa5967403d082aa24f35e1b516d23) (ScriptedImporter) -> (artifact id: '6e6bc3d905d7f43e9b4b2bf625e712cf') in 0.0945417 seconds
Number of updated asset objects reloaded before import = 0Number of asset objects unloaded after import = 1

========================================================================
Received Import Request.
  Time since last request: 0.000059 seconds.
  path: Assets/TextMesh Pro/Examples & Extras/Textures/Small Crate_diffuse.jpg
  artifactKey: Guid(602cb87b6a29443b8636370ea0751574) Importer(2089858483,0ecaa5967403d082aa24f35e1b516d23)
Start importing Assets/TextMesh Pro/Examples & Extras/Textures/Small Crate_diffuse.jpg using Guid(602cb87b6a29443b8636370ea0751574) Importer(2089858483,0ecaa5967403d082aa24f35e1b516d23) (ScriptedImporter) -> (artifact id: '2e872c979357b477c9230815276e647f') in 0.0810853 seconds
Number of updated asset objects reloaded before import = 0Number of asset objects unloaded after import = 1

========================================================================
Received Import Request.
  Time since last request: 0.000059 seconds.
  path: Assets/Assets/Font/Deep Shadow Under SDF.asset
  artifactKey: Guid(d16cfb334781312489e3f616e575c245) Importer(2089858483,0ecaa5967403d082aa24f35e1b516d23)
Start importing Assets/Assets/Font/Deep Shadow Under SDF.asset using Guid(d16cfb334781312489e3f616e575c245) Importer(2089858483,0ecaa5967403d082aa24f35e1b516d23) (ScriptedImporter) -> (artifact id: '058bce2d054379f3976ad6972bea3c02') in 0.2064619 seconds
Number of updated asset objects reloaded before import = 0Number of asset objects unloaded after import = 3

========================================================================
Received Import Request.
  Time since last request: 0.000044 seconds.
  path: Assets/TextMesh Pro/Examples & Extras/Textures/Small Crate_normal.jpg
  artifactKey: Guid(8878a782f4334ecbbcf683b3ac780966) Importer(2089858483,0ecaa5967403d082aa24f35e1b516d23)
Start importing Assets/TextMesh Pro/Examples & Extras/Textures/Small Crate_normal.jpg using Guid(8878a782f4334ecbbcf683b3ac780966) Importer(2089858483,0ecaa5967403d082aa24f35e1b516d23) (ScriptedImporter) -> (artifact id: '4f8130276c36d7e0fed397a59494e357') in 0.0646721 seconds
Number of updated asset objects reloaded before import = 0Number of asset objects unloaded after import = 1

========================================================================
Received Import Request.
  Time since last request: 0.000038 seconds.
  path: Assets/TextMesh Pro/Examples & Extras/Textures/Text Overflow - Linked Text Image 1.png
  artifactKey: Guid(4ccf43d26c4748c792174516f4a8fcef) Importer(2089858483,0ecaa5967403d082aa24f35e1b516d23)
Start importing Assets/TextMesh Pro/Examples & Extras/Textures/Text Overflow - Linked Text Image 1.png using Guid(4ccf43d26c4748c792174516f4a8fcef) Importer(2089858483,0ecaa5967403d082aa24f35e1b516d23) (ScriptedImporter) -> (artifact id: 'c71f148a5b6777734046da4758c72830') in 0.0421962 seconds
Number of updated asset objects reloaded before import = 0Number of asset objects unloaded after import = 1

========================================================================
Received Import Request.
  Time since last request: 0.000034 seconds.
  path: Assets/Assets/Font/pixelmix_bold SDF.asset
  artifactKey: Guid(af29d73e51905db479510ecb4b6b30b9) Importer(2089858483,0ecaa5967403d082aa24f35e1b516d23)
Start importing Assets/Assets/Font/pixelmix_bold SDF.asset using Guid(af29d73e51905db479510ecb4b6b30b9) Importer(2089858483,0ecaa5967403d082aa24f35e1b516d23) (ScriptedImporter) -> (artifact id: '4d2e88fd6653d689408bbcd0f3c43d81') in 0.036181 seconds
Number of updated asset objects reloaded before import = 0Number of asset objects unloaded after import = 3

========================================================================
Received Import Request.
  Time since last request: 0.000047 seconds.
  path: Assets/Audio/AudioMixer.mixer
  artifactKey: Guid(b381eb63a11fbe94c8b3c0ad20fbf0ce) Importer(2089858483,0ecaa5967403d082aa24f35e1b516d23)
Start importing Assets/Audio/AudioMixer.mixer using Guid(b381eb63a11fbe94c8b3c0ad20fbf0ce) Importer(2089858483,0ecaa5967403d082aa24f35e1b516d23) (ScriptedImporter)Refreshing native plugins compatible for Editor in 2.01 ms, found 3 plugins.
Preloading 0 native plugins for Editor in 0.00 ms.
 -> (artifact id: 'd4347855dce022cb76184e3ba02f55a6') in 0.0503595 seconds
Number of updated asset objects reloaded before import = 0Number of asset objects unloaded after import = 9

========================================================================
Received Import Request.
  Time since last request: 0.000044 seconds.
  path: Assets/TextMesh Pro/Shaders/TMP_SDF-Mobile SSD.shader
  artifactKey: Guid(c8d12adcee749c344b8117cf7c7eb912) Importer(2089858483,0ecaa5967403d082aa24f35e1b516d23)
Start importing Assets/TextMesh Pro/Shaders/TMP_SDF-Mobile SSD.shader using Guid(c8d12adcee749c344b8117cf7c7eb912) Importer(2089858483,0ecaa5967403d082aa24f35e1b516d23) (ScriptedImporter) -> (artifact id: '207ec6e7eaa69542524b757913cd14aa') in 0.0232862 seconds
Number of updated asset objects reloaded before import = 0Number of asset objects unloaded after import = 1

========================================================================
Received Import Request.
  Time since last request: 0.000026 seconds.
  path: Assets/TextMesh Pro/Examples & Extras/Scenes/24 - Surface Shader Example.unity
  artifactKey: Guid(8c4969fd8ba94a68b07cf11f3e7a5137) Importer(2089858483,0ecaa5967403d082aa24f35e1b516d23)
Start importing Assets/TextMesh Pro/Examples & Extras/Scenes/24 - Surface Shader Example.unity using Guid(8c4969fd8ba94a68b07cf11f3e7a5137) Importer(2089858483,0ecaa5967403d082aa24f35e1b516d23) (ScriptedImporter) -> (artifact id: '29fd2eca9cbc8c6b8807add137de06f5') in 0.0211367 seconds
Number of updated asset objects reloaded before import = 0Number of asset objects unloaded after import = 1

========================================================================
Received Import Request.
  Time since last request: 0.000025 seconds.
  path: Assets/Scripts/ItemData.cs
  artifactKey: Guid(e03c73b3d6730cd40ab4f46d2f75c392) Importer(2089858483,0ecaa5967403d082aa24f35e1b516d23)
Start importing Assets/Scripts/ItemData.cs using Guid(e03c73b3d6730cd40ab4f46d2f75c392) Importer(2089858483,0ecaa5967403d082aa24f35e1b516d23) (ScriptedImporter) -> (artifact id: 'ebce7bd336e12778b0ed0e5d5fca403c') in 0.0213948 seconds
Number of updated asset objects reloaded before import = 0Number of asset objects unloaded after import = 0

========================================================================
Received Import Request.
  Time since last request: 0.000042 seconds.
  path: Assets/TextMesh Pro/Examples & Extras/Sprites/Default Sprites.png
  artifactKey: Guid(a0fc465d6cf04254a2938578735e2383) Importer(2089858483,0ecaa5967403d082aa24f35e1b516d23)
Start importing Assets/TextMesh Pro/Examples & Extras/Sprites/Default Sprites.png using Guid(a0fc465d6cf04254a2938578735e2383) Importer(2089858483,0ecaa5967403d082aa24f35e1b516d23) (ScriptedImporter) -> (artifact id: 'd5f9817ffc43801c6f29f5d907fe669b') in 0.0330071 seconds
Number of updated asset objects reloaded before import = 0Number of asset objects unloaded after import = 1

========================================================================
Received Import Request.
  Time since last request: 0.000036 seconds.
  path: Assets/TextMesh Pro/Examples & Extras/Textures/Floor Cement.jpg
  artifactKey: Guid(283f897e4925411ebbaa758b4cb13fc2) Importer(2089858483,0ecaa5967403d082aa24f35e1b516d23)
Start importing Assets/TextMesh Pro/Examples & Extras/Textures/Floor Cement.jpg using Guid(283f897e4925411ebbaa758b4cb13fc2) Importer(2089858483,0ecaa5967403d082aa24f35e1b516d23) (ScriptedImporter) -> (artifact id: '4904798222d8b1f65ad49de5c065e838') in 0.0339498 seconds
Number of updated asset objects reloaded before import = 0Number of asset objects unloaded after import = 1

========================================================================
Received Import Request.
  Time since last request: 0.000027 seconds.
  path: Assets/Prefab/Item/PinkDye.prefab
  artifactKey: Guid(f8937d75045327d428cdd6bf1172fe66) Importer(2089858483,0ecaa5967403d082aa24f35e1b516d23)
Start importing Assets/Prefab/Item/PinkDye.prefab using Guid(f8937d75045327d428cdd6bf1172fe66) Importer(2089858483,0ecaa5967403d082aa24f35e1b516d23) (ScriptedImporter) -> (artifact id: 'e1d0cdd0febce348646f09ba821170ab') in 0.0428314 seconds
Number of updated asset objects reloaded before import = 0Number of asset objects unloaded after import = 9

========================================================================
Received Import Request.
  Time since last request: 0.000030 seconds.
  path: Assets/Audio/SFX/shoot-1-81135.mp3
  artifactKey: Guid(2acb547c31cd78145aa1cd4654575024) Importer(2089858483,0ecaa5967403d082aa24f35e1b516d23)
Start importing Assets/Audio/SFX/shoot-1-81135.mp3 using Guid(2acb547c31cd78145aa1cd4654575024) Importer(2089858483,0ecaa5967403d082aa24f35e1b516d23) (ScriptedImporter) -> (artifact id: '651f586a69f67ea209700e0a2d0a3e5a') in 0.0446933 seconds
Number of updated asset objects reloaded before import = 0Number of asset objects unloaded after import = 1

========================================================================
Received Import Request.
  Time since last request: 0.000037 seconds.
  path: Assets/TextMesh Pro/Examples & Extras/Scenes/18 - ScrollRect & Masking & Layout.unity
  artifactKey: Guid(03f9d74cec8e4b94a29d2dfd177c821b) Importer(2089858483,0ecaa5967403d082aa24f35e1b516d23)
Start importing Assets/TextMesh Pro/Examples & Extras/Scenes/18 - ScrollRect & Masking & Layout.unity using Guid(03f9d74cec8e4b94a29d2dfd177c821b) Importer(2089858483,0ecaa5967403d082aa24f35e1b516d23) (ScriptedImporter) -> (artifact id: '3167713ca9b2bdc50e82eaf767ee3f17') in 0.0190683 seconds
Number of updated asset objects reloaded before import = 0Number of asset objects unloaded after import = 1

========================================================================
Received Import Request.
  Time since last request: 0.000025 seconds.
  path: Assets/Settings/URP-Balanced-Renderer.asset
  artifactKey: Guid(e634585d5c4544dd297acaee93dc2beb) Importer(2089858483,0ecaa5967403d082aa24f35e1b516d23)
Start importing Assets/Settings/URP-Balanced-Renderer.asset using Guid(e634585d5c4544dd297acaee93dc2beb) Importer(2089858483,0ecaa5967403d082aa24f35e1b516d23) (ScriptedImporter) -> (artifact id: 'affe029a13efa007274bd716e3b2682d') in 0.0563684 seconds
Number of updated asset objects reloaded before import = 0Number of asset objects unloaded after import = 2

========================================================================
Received Import Request.
  Time since last request: 0.000027 seconds.
  path: Assets/Scripts/Item/GreyDye.asset
  artifactKey: Guid(a485c2ac4cc0d364c9dab1135c202ba8) Importer(2089858483,0ecaa5967403d082aa24f35e1b516d23)
Start importing Assets/Scripts/Item/GreyDye.asset using Guid(a485c2ac4cc0d364c9dab1135c202ba8) Importer(2089858483,0ecaa5967403d082aa24f35e1b516d23) (ScriptedImporter) -> (artifact id: '9df6951f8f817af7b13dc94f150a8b30') in 0.0253009 seconds
Number of updated asset objects reloaded before import = 0Number of asset objects unloaded after import = 8

========================================================================
Received Import Request.
  Time since last request: 0.000039 seconds.
  path: Assets/Scripts/Slot.cs
  artifactKey: Guid(68554a7c256af7643a138fac14e5628f) Importer(2089858483,0ecaa5967403d082aa24f35e1b516d23)
Start importing Assets/Scripts/Slot.cs using Guid(68554a7c256af7643a138fac14e5628f) Importer(2089858483,0ecaa5967403d082aa24f35e1b516d23) (ScriptedImporter) -> (artifact id: '870a8742f29fb466103e17e73e8aec41') in 0.0247376 seconds
Number of updated asset objects reloaded before import = 0Number of asset objects unloaded after import = 0

========================================================================
Received Import Request.
  Time since last request: 0.000036 seconds.
  path: Assets/Scripts/EnemyBehavior.cs
  artifactKey: Guid(13bbc5a489f53a6479a4c2a4a5bf66df) Importer(2089858483,0ecaa5967403d082aa24f35e1b516d23)
Start importing Assets/Scripts/EnemyBehavior.cs using Guid(13bbc5a489f53a6479a4c2a4a5bf66df) Importer(2089858483,0ecaa5967403d082aa24f35e1b516d23) (ScriptedImporter) -> (artifact id: 'c542c6bb246a59fd2bda20ad7bb87f49') in 0.0351888 seconds
Number of updated asset objects reloaded before import = 0Number of asset objects unloaded after import = 0

========================================================================
Received Import Request.
  Time since last request: 0.000030 seconds.
  path: Assets/Prefab/MapPrefab/AudioManager.prefab
  artifactKey: Guid(4d917b4319184444789f20690b764c8f) Importer(2089858483,0ecaa5967403d082aa24f35e1b516d23)
Start importing Assets/Prefab/MapPrefab/AudioManager.prefab using Guid(4d917b4319184444789f20690b764c8f) Importer(2089858483,0ecaa5967403d082aa24f35e1b516d23) (ScriptedImporter) -> (artifact id: '56b24c2ded8db87a601273040139193a') in 0.0754398 seconds
Number of updated asset objects reloaded before import = 0Number of asset objects unloaded after import = 12

========================================================================
Received Import Request.
  Time since last request: 0.000083 seconds.
  path: Assets/TextMesh Pro/Resources/Fonts & Materials/LiberationSans SDF - Drop Shadow.mat
  artifactKey: Guid(e73a58f6e2794ae7b1b7e50b7fb811b0) Importer(2089858483,0ecaa5967403d082aa24f35e1b516d23)
Start importing Assets/TextMesh Pro/Resources/Fonts & Materials/LiberationSans SDF - Drop Shadow.mat using Guid(e73a58f6e2794ae7b1b7e50b7fb811b0) Importer(2089858483,0ecaa5967403d082aa24f35e1b516d23) (ScriptedImporter) -> (artifact id: '850dd8b10e12bd11ca5632692db7c5d8') in 0.078162 seconds
Number of updated asset objects reloaded before import = 0Number of asset objects unloaded after import = 2

========================================================================
Received Import Request.
  Time since last request: 0.000062 seconds.
  path: Assets/TextMesh Pro/Examples & Extras/Resources/Color Gradient Presets/Blue to Purple - Vertical.asset
  artifactKey: Guid(479a66fa4b094512a62b0a8e553ad95a) Importer(2089858483,0ecaa5967403d082aa24f35e1b516d23)
Start importing Assets/TextMesh Pro/Examples & Extras/Resources/Color Gradient Presets/Blue to Purple - Vertical.asset using Guid(479a66fa4b094512a62b0a8e553ad95a) Importer(2089858483,0ecaa5967403d082aa24f35e1b516d23) (ScriptedImporter) -> (artifact id: 'f30c7953d87b3ca65b8a1af8c674dc37') in 0.0599408 seconds
Number of updated asset objects reloaded before import = 0Number of asset objects unloaded after import = 1

========================================================================
Received Import Request.
  Time since last request: 0.000083 seconds.
  path: Assets/TextMesh Pro/Examples & Extras/Textures/Wipe Pattern - Diagonal.psd
  artifactKey: Guid(ed5290d8df18488780e2996b9b882f01) Importer(2089858483,0ecaa5967403d082aa24f35e1b516d23)
Start importing Assets/TextMesh Pro/Examples & Extras/Textures/Wipe Pattern - Diagonal.psd using Guid(ed5290d8df18488780e2996b9b882f01) Importer(2089858483,0ecaa5967403d082aa24f35e1b516d23) (ScriptedImporter) -> (artifact id: 'd4b1a5351b496b77222a8aef5fd914fb') in 0.1194078 seconds
Number of updated asset objects reloaded before import = 0Number of asset objects unloaded after import = 1

========================================================================
Received Import Request.
  Time since last request: 0.000335 seconds.
  path: Assets/TextMesh Pro/Examples & Extras/Resources/Color Gradient Presets/Dark to Light Green - Vertical.asset
  artifactKey: Guid(4c86a3366cd840348ebe8dc438570ee4) Importer(2089858483,0ecaa5967403d082aa24f35e1b516d23)
Start importing Assets/TextMesh Pro/Examples & Extras/Resources/Color Gradient Presets/Dark to Light Green - Vertical.asset using Guid(4c86a3366cd840348ebe8dc438570ee4) Importer(2089858483,0ecaa5967403d082aa24f35e1b516d23) (ScriptedImporter) -> (artifact id: '1141075517d9a722da2f8db3c91ba2db') in 0.0814215 seconds
Number of updated asset objects reloaded before import = 0Number of asset objects unloaded after import = 1

========================================================================
Received Import Request.
  Time since last request: 0.000103 seconds.
  path: Assets/TextMesh Pro/Examples & Extras/Textures/Wipe Pattern - Circle.psd
  artifactKey: Guid(10c49fcd9c64421db7c0133e61e55f97) Importer(2089858483,0ecaa5967403d082aa24f35e1b516d23)
Start importing Assets/TextMesh Pro/Examples & Extras/Textures/Wipe Pattern - Circle.psd using Guid(10c49fcd9c64421db7c0133e61e55f97) Importer(2089858483,0ecaa5967403d082aa24f35e1b516d23) (ScriptedImporter) -> (artifact id: '83db705e1022012479a920e3cdd47012') in 0.1507157 seconds
Number of updated asset objects reloaded before import = 0Number of asset objects unloaded after import = 1

========================================================================
Received Import Request.
  Time since last request: 0.000097 seconds.
  path: Assets/TextMesh Pro/Examples & Extras/Resources/Fonts & Materials/Anton SDF - Sunny Days.mat
  artifactKey: Guid(6522f30e342599e4e9dd4cc2cc03c830) Importer(2089858483,0ecaa5967403d082aa24f35e1b516d23)
Start importing Assets/TextMesh Pro/Examples & Extras/Resources/Fonts & Materials/Anton SDF - Sunny Days.mat using Guid(6522f30e342599e4e9dd4cc2cc03c830) Importer(2089858483,0ecaa5967403d082aa24f35e1b516d23) (ScriptedImporter) -> (artifact id: '1a40e6cfd90ea6218ffd7d6f6f7a6582') in 0.2362419 seconds
Number of updated asset objects reloaded before import = 0Number of asset objects unloaded after import = 4

========================================================================
Received Import Request.
  Time since last request: 0.000039 seconds.
  path: Assets/Prefab/MapPrefab/GameController.prefab
  artifactKey: Guid(6ac3ced7deaf21447a88acbb629141a6) Importer(815301076,1909f56bfc062723c751e8b465ee728b)
Start importing Assets/Prefab/MapPrefab/GameController.prefab using Guid(6ac3ced7deaf21447a88acbb629141a6) Importer(815301076,1909f56bfc062723c751e8b465ee728b) (PreviewImporter) -> (artifact id: 'c762c34fee6e625b2739f9eef56db922') in 0.0785758 seconds
Number of updated asset objects reloaded before import = 0Number of asset objects unloaded after import = 148

========================================================================
Received Import Request.
  Time since last request: 0.000062 seconds.
  path: Assets/Prefab/MapPrefab/Inventory.prefab
  artifactKey: Guid(e4e764356f9a5a74b8dbda30deedc973) Importer(815301076,1909f56bfc062723c751e8b465ee728b)
Start importing Assets/Prefab/MapPrefab/Inventory.prefab using Guid(e4e764356f9a5a74b8dbda30deedc973) Importer(815301076,1909f56bfc062723c751e8b465ee728b) (PreviewImporter) -> (artifact id: '00401e76e2601f043c83a131bad5b888') in 0.0162219 seconds
Number of updated asset objects reloaded before import = 0Number of asset objects unloaded after import = 14

========================================================================
Received Import Request.
  Time since last request: 0.000053 seconds.
  path: Assets/Prefab/MapPrefab/Virtual Camera.prefab
  artifactKey: Guid(a75e6e7a002a47d43a4eed3081c109ae) Importer(815301076,1909f56bfc062723c751e8b465ee728b)
Start importing Assets/Prefab/MapPrefab/Virtual Camera.prefab using Guid(a75e6e7a002a47d43a4eed3081c109ae) Importer(815301076,1909f56bfc062723c751e8b465ee728b) (PreviewImporter) -> (artifact id: 'edd13f4c76805363f3c3889035524c83') in 0.0180089 seconds
Number of updated asset objects reloaded before import = 0Number of asset objects unloaded after import = 10

========================================================================
Received Import Request.
  Time since last request: 0.000222 seconds.
  path: Assets/Prefab/MapPrefab/Global Volume.prefab
  artifactKey: Guid(6deef72df16b5504cacaaf379708db7d) Importer(815301076,1909f56bfc062723c751e8b465ee728b)
Start importing Assets/Prefab/MapPrefab/Global Volume.prefab using Guid(6deef72df16b5504cacaaf379708db7d) Importer(815301076,1909f56bfc062723c751e8b465ee728b) (PreviewImporter) -> (artifact id: '45f1410a4a8a85c6c4919487aed6475e') in 0.0081988 seconds
Number of updated asset objects reloaded before import = 0Number of asset objects unloaded after import = 5

========================================================================
Received Import Request.
  Time since last request: 0.000039 seconds.
  path: Assets/TextMesh Pro/Examples & Extras/Resources/Fonts & Materials/Bangers SDF - Outline.mat
  artifactKey: Guid(f629c6e43dba4bf38cb74d8860150664) Importer(2089858483,0ecaa5967403d082aa24f35e1b516d23)
Start importing Assets/TextMesh Pro/Examples & Extras/Resources/Fonts & Materials/Bangers SDF - Outline.mat using Guid(f629c6e43dba4bf38cb74d8860150664) Importer(2089858483,0ecaa5967403d082aa24f35e1b516d23) (ScriptedImporter) -> (artifact id: '576654b51000ce428e550ba43a5d678d') in 0.0723467 seconds
Number of updated asset objects reloaded before import = 0Number of asset objects unloaded after import = 2

========================================================================
Received Import Request.
  Time since last request: 0.000056 seconds.
  path: Assets/Prefab/MapPrefab/Circle.prefab
  artifactKey: Guid(174c69fb5fb0f804e92be55dfcd4c653) Importer(815301076,1909f56bfc062723c751e8b465ee728b)
Start importing Assets/Prefab/MapPrefab/Circle.prefab using Guid(174c69fb5fb0f804e92be55dfcd4c653) Importer(815301076,1909f56bfc062723c751e8b465ee728b) (PreviewImporter) -> (artifact id: 'fa5942791f287e7172b6b1fd91b8e3c2') in 0.010241 seconds
Number of updated asset objects reloaded before import = 0Number of asset objects unloaded after import = 5

========================================================================
Received Import Request.
  Time since last request: 0.000055 seconds.
  path: Assets/Audio/Music/Musique Dynamique Libre de Droits Gratuite Action Sport Motivation Electro Trap  RYLLZ - Nemesis.mp3
  artifactKey: Guid(ae1a00e7593d48b42b93faae3b01735f) Importer(2089858483,0ecaa5967403d082aa24f35e1b516d23)
Start importing Assets/Audio/Music/Musique Dynamique Libre de Droits Gratuite Action Sport Motivation Electro Trap  RYLLZ - Nemesis.mp3 using Guid(ae1a00e7593d48b42b93faae3b01735f) Importer(2089858483,0ecaa5967403d082aa24f35e1b516d23) (ScriptedImporter) -> (artifact id: '4b4abd3f46cf78ded8b652a217f82741') in 0.214012 seconds
Number of updated asset objects reloaded before import = 0Number of asset objects unloaded after import = 1

========================================================================
Received Import Request.
  Time since last request: 0.000128 seconds.
  path: Assets/Assets/Font/ImportedFont/Melted Monster.ttf
  artifactKey: Guid(1114824bd671027478e6a834f90bb19d) Importer(2089858483,0ecaa5967403d082aa24f35e1b516d23)
Start importing Assets/Assets/Font/ImportedFont/Melted Monster.ttf using Guid(1114824bd671027478e6a834f90bb19d) Importer(2089858483,0ecaa5967403d082aa24f35e1b516d23) (ScriptedImporter) -> (artifact id: '6bf1325969f2025e13724406437a7237') in 0.1336082 seconds
Number of updated asset objects reloaded before import = 0Number of asset objects unloaded after import = 3

========================================================================
Received Import Request.
  Time since last request: 0.000051 seconds.
  path: Assets/Prefab/Item/BlackDye.prefab
  artifactKey: Guid(4db1076bd957e8d4cbd0e7b1971c8847) Importer(815301076,1909f56bfc062723c751e8b465ee728b)
Start importing Assets/Prefab/Item/BlackDye.prefab using Guid(4db1076bd957e8d4cbd0e7b1971c8847) Importer(815301076,1909f56bfc062723c751e8b465ee728b) (PreviewImporter) -> (artifact id: '881d3644d41172cfbe391912e9e46cb9') in 0.0095358 seconds
Number of updated asset objects reloaded before import = 0Number of asset objects unloaded after import = 9

========================================================================
Received Import Request.
  Time since last request: 0.000121 seconds.
  path: Assets/Prefab/Item/DoubleBullet.prefab
  artifactKey: Guid(f084295134b6ec64a85fed8604832ab6) Importer(815301076,1909f56bfc062723c751e8b465ee728b)
Start importing Assets/Prefab/Item/DoubleBullet.prefab using Guid(f084295134b6ec64a85fed8604832ab6) Importer(815301076,1909f56bfc062723c751e8b465ee728b) (PreviewImporter) -> (artifact id: 'ef83ebee7b7987dc76e0fa634c62abf4') in 0.0060119 seconds
Number of updated asset objects reloaded before import = 0Number of asset objects unloaded after import = 9

========================================================================
Received Import Request.
  Time since last request: 0.000057 seconds.
  path: Assets/Prefab/Item/LightBlueDye.prefab
  artifactKey: Guid(d52d4ef33412d92488be68ac673812b3) Importer(815301076,1909f56bfc062723c751e8b465ee728b)
Start importing Assets/Prefab/Item/LightBlueDye.prefab using Guid(d52d4ef33412d92488be68ac673812b3) Importer(815301076,1909f56bfc062723c751e8b465ee728b) (PreviewImporter) -> (artifact id: '240ab207ebc5972ed31f341ce0957b5e') in 0.005111 seconds
Number of updated asset objects reloaded before import = 0Number of asset objects unloaded after import = 9

========================================================================
Received Import Request.
  Time since last request: 0.000064 seconds.
  path: Assets/Prefab/Item/RedDye.prefab
  artifactKey: Guid(392a588e5f198fc4ba2a12f08cad404d) Importer(815301076,1909f56bfc062723c751e8b465ee728b)
Start importing Assets/Prefab/Item/RedDye.prefab using Guid(392a588e5f198fc4ba2a12f08cad404d) Importer(815301076,1909f56bfc062723c751e8b465ee728b) (PreviewImporter) -> (artifact id: '9a4b5c75c846de4c9d21771a932482b4') in 0.0086082 seconds
Number of updated asset objects reloaded before import = 0Number of asset objects unloaded after import = 9

========================================================================
Received Import Request.
  Time since last request: 0.000755 seconds.
  path: Assets/TextMesh Pro/Examples & Extras/Scenes/01-  Single Line TextMesh Pro.unity
  artifactKey: Guid(2ac8cf212df6445e8aebbe3cb832e993) Importer(2089858483,0ecaa5967403d082aa24f35e1b516d23)
Start importing Assets/TextMesh Pro/Examples & Extras/Scenes/01-  Single Line TextMesh Pro.unity using Guid(2ac8cf212df6445e8aebbe3cb832e993) Importer(2089858483,0ecaa5967403d082aa24f35e1b516d23) (ScriptedImporter) -> (artifact id: 'd5cbb527343921dc6086d67968630f34') in 0.0472316 seconds
Number of updated asset objects reloaded before import = 0Number of asset objects unloaded after import = 1

========================================================================
Received Import Request.
  Time since last request: 0.000614 seconds.
  path: Assets/Prefab/Item/OrangeDye.prefab
  artifactKey: Guid(71f18bd0f05cad44a94ca6bcfd52333f) Importer(815301076,1909f56bfc062723c751e8b465ee728b)
Start importing Assets/Prefab/Item/OrangeDye.prefab using Guid(71f18bd0f05cad44a94ca6bcfd52333f) Importer(815301076,1909f56bfc062723c751e8b465ee728b) (PreviewImporter) -> (artifact id: 'bfa2c2be8c31aaa4b6750c748e58eef8') in 0.0075415 seconds
Number of updated asset objects reloaded before import = 0Number of asset objects unloaded after import = 9

========================================================================
Received Import Request.
  Time since last request: 0.000050 seconds.
  path: Assets/Prefab/Item/UltimatePotion.prefab
  artifactKey: Guid(5da6816afd97d124f887e6a2138265c8) Importer(815301076,1909f56bfc062723c751e8b465ee728b)
Start importing Assets/Prefab/Item/UltimatePotion.prefab using Guid(5da6816afd97d124f887e6a2138265c8) Importer(815301076,1909f56bfc062723c751e8b465ee728b) (PreviewImporter) -> (artifact id: 'ff45d717923e1e794588d4f21d40cf80') in 0.0094275 seconds
Number of updated asset objects reloaded before import = 0Number of asset objects unloaded after import = 9

========================================================================
Received Import Request.
  Time since last request: 0.000046 seconds.
  path: Assets/Prefab/MapPrefab/Inventory.prefab
  artifactKey: Guid(e4e764356f9a5a74b8dbda30deedc973) Importer(2089858483,0ecaa5967403d082aa24f35e1b516d23)
Start importing Assets/Prefab/MapPrefab/Inventory.prefab using Guid(e4e764356f9a5a74b8dbda30deedc973) Importer(2089858483,0ecaa5967403d082aa24f35e1b516d23) (ScriptedImporter) -> (artifact id: '8592d9c47dcfa785667f305df10a974c') in 0.1473556 seconds
Number of updated asset objects reloaded before import = 0Number of asset objects unloaded after import = 14

========================================================================
Received Import Request.
  Time since last request: 0.000036 seconds.
  path: Assets/Prefab/MapPrefab/Global Volume.prefab
  artifactKey: Guid(6deef72df16b5504cacaaf379708db7d) Importer(2089858483,0ecaa5967403d082aa24f35e1b516d23)
Start importing Assets/Prefab/MapPrefab/Global Volume.prefab using Guid(6deef72df16b5504cacaaf379708db7d) Importer(2089858483,0ecaa5967403d082aa24f35e1b516d23) (ScriptedImporter) -> (artifact id: '53ab99bf3428e92d826da1f70e0db34a') in 0.0718593 seconds
Number of updated asset objects reloaded before import = 0Number of asset objects unloaded after import = 5

========================================================================
Received Import Request.
  Time since last request: 0.000146 seconds.
  path: Assets/Prefab/Item/DarkBlueDye.prefab
  artifactKey: Guid(a40b87e5ddd74164aa5c612f5d37e6dd) Importer(815301076,1909f56bfc062723c751e8b465ee728b)
Start importing Assets/Prefab/Item/DarkBlueDye.prefab using Guid(a40b87e5ddd74164aa5c612f5d37e6dd) Importer(815301076,1909f56bfc062723c751e8b465ee728b) (PreviewImporter) -> (artifact id: '1992bfe488b63f55e272d47c8d9a03e3') in 0.0127407 seconds
Number of updated asset objects reloaded before import = 0Number of asset objects unloaded after import = 9

========================================================================
Received Import Request.
  Time since last request: 0.000124 seconds.
  path: Assets/Prefab/Item/PinkDye.prefab
  artifactKey: Guid(f8937d75045327d428cdd6bf1172fe66) Importer(815301076,1909f56bfc062723c751e8b465ee728b)
Start importing Assets/Prefab/Item/PinkDye.prefab using Guid(f8937d75045327d428cdd6bf1172fe66) Importer(815301076,1909f56bfc062723c751e8b465ee728b) (PreviewImporter) -> (artifact id: '2b5a0e91559102da241383be90777878') in 0.0051406 seconds
Number of updated asset objects reloaded before import = 0Number of asset objects unloaded after import = 9

========================================================================
Received Import Request.
  Time since last request: 0.000257 seconds.
  path: Assets/Prefab/Item/SpeedPotions.prefab
  artifactKey: Guid(03224af1aa01b964eb29f6db413e278f) Importer(815301076,1909f56bfc062723c751e8b465ee728b)
Start importing Assets/Prefab/Item/SpeedPotions.prefab using Guid(03224af1aa01b964eb29f6db413e278f) Importer(815301076,1909f56bfc062723c751e8b465ee728b) (PreviewImporter) -> (artifact id: '6893ac79129fd765a4c9da273fc29395') in 0.0144213 seconds
Number of updated asset objects reloaded before import = 0Number of asset objects unloaded after import = 9

========================================================================
Received Import Request.
  Time since last request: 0.000038 seconds.
  path: Assets/Prefab/Item/StopWatch.prefab
  artifactKey: Guid(d053af911780d9942a88160e31796686) Importer(815301076,1909f56bfc062723c751e8b465ee728b)
Start importing Assets/Prefab/Item/StopWatch.prefab using Guid(d053af911780d9942a88160e31796686) Importer(815301076,1909f56bfc062723c751e8b465ee728b) (PreviewImporter) -> (artifact id: '4104a007e0e2d5b43c7f608f65e2a363') in 0.010058 seconds
Number of updated asset objects reloaded before import = 0Number of asset objects unloaded after import = 9

========================================================================
Received Import Request.
  Time since last request: 0.000360 seconds.
  path: Assets/Prefab/Item/PurpleDye.prefab
  artifactKey: Guid(3a3c0f6ee09bbd24dbd991204d006289) Importer(815301076,1909f56bfc062723c751e8b465ee728b)
Start importing Assets/Prefab/Item/PurpleDye.prefab using Guid(3a3c0f6ee09bbd24dbd991204d006289) Importer(815301076,1909f56bfc062723c751e8b465ee728b) (PreviewImporter) -> (artifact id: '2e27a31b1062a7277c2189358a20d1b2') in 0.0091212 seconds
Number of updated asset objects reloaded before import = 0Number of asset objects unloaded after import = 9

========================================================================
Received Import Request.
  Time since last request: 0.000076 seconds.
  path: Assets/Prefab/Item/HealPotion.prefab
  artifactKey: Guid(57c9f2782e5c8f74a93564bbbb9e027f) Importer(815301076,1909f56bfc062723c751e8b465ee728b)
Start importing Assets/Prefab/Item/HealPotion.prefab using Guid(57c9f2782e5c8f74a93564bbbb9e027f) Importer(815301076,1909f56bfc062723c751e8b465ee728b) (PreviewImporter) -> (artifact id: 'd0a740cdfd816f50d23e5d9741d2da49') in 0.0077864 seconds
Number of updated asset objects reloaded before import = 0Number of asset objects unloaded after import = 9

========================================================================
Received Import Request.
  Time since last request: 0.000044 seconds.
  path: Assets/Scripts/Item/GreenDye.asset
  artifactKey: Guid(ebcbda2752a3b8841b05384e8392c73f) Importer(2089858483,0ecaa5967403d082aa24f35e1b516d23)
Start importing Assets/Scripts/Item/GreenDye.asset using Guid(ebcbda2752a3b8841b05384e8392c73f) Importer(2089858483,0ecaa5967403d082aa24f35e1b516d23) (ScriptedImporter) -> (artifact id: 'a960e8d6227cfba60275af7d0440c131') in 0.063425 seconds
Number of updated asset objects reloaded before import = 0Number of asset objects unloaded after import = 8

========================================================================
Received Import Request.
  Time since last request: 0.000047 seconds.
  path: Assets/Prefab/Item/CritticBullet.prefab
  artifactKey: Guid(3529081571bef8e419b8e2017b685336) Importer(815301076,1909f56bfc062723c751e8b465ee728b)
Start importing Assets/Prefab/Item/CritticBullet.prefab using Guid(3529081571bef8e419b8e2017b685336) Importer(815301076,1909f56bfc062723c751e8b465ee728b) (PreviewImporter) -> (artifact id: 'be69716b8c45a89c009f0c88457f4316') in 0.0102169 seconds
Number of updated asset objects reloaded before import = 0Number of asset objects unloaded after import = 9

========================================================================
Received Import Request.
  Time since last request: 0.000043 seconds.
  path: Assets/Scripts/Item/SpeedPotions.asset
  artifactKey: Guid(fed9db0e94c82fa46b6396da0cf676cc) Importer(2089858483,0ecaa5967403d082aa24f35e1b516d23)
Start importing Assets/Scripts/Item/SpeedPotions.asset using Guid(fed9db0e94c82fa46b6396da0cf676cc) Importer(2089858483,0ecaa5967403d082aa24f35e1b516d23) (ScriptedImporter) -> (artifact id: '6a155a9bbd4baf93c1de8d1bca5775c9') in 0.0635306 seconds
Number of updated asset objects reloaded before import = 0Number of asset objects unloaded after import = 8

========================================================================
Received Import Request.
  Time since last request: 0.000053 seconds.
  path: Assets/TextMesh Pro/Examples & Extras/Resources/Fonts & Materials/LiberationSans SDF - Overlay.mat
  artifactKey: Guid(9ad269c99dcf42b7aedefd83dd5a7b9d) Importer(2089858483,0ecaa5967403d082aa24f35e1b516d23)
Start importing Assets/TextMesh Pro/Examples & Extras/Resources/Fonts & Materials/LiberationSans SDF - Overlay.mat using Guid(9ad269c99dcf42b7aedefd83dd5a7b9d) Importer(2089858483,0ecaa5967403d082aa24f35e1b516d23) (ScriptedImporter) -> (artifact id: '7844b82de4965c95df18e91cddb61984') in 0.1226181 seconds
Number of updated asset objects reloaded before import = 0Number of asset objects unloaded after import = 2

========================================================================
Received Import Request.
  Time since last request: 0.000052 seconds.
  path: Assets/Settings/URP-Performant-Renderer.asset
  artifactKey: Guid(707360a9c581a4bd7aa53bfeb1429f71) Importer(815301076,1909f56bfc062723c751e8b465ee728b)
Start importing Assets/Settings/URP-Performant-Renderer.asset using Guid(707360a9c581a4bd7aa53bfeb1429f71) Importer(815301076,1909f56bfc062723c751e8b465ee728b) (PreviewImporter) -> (artifact id: '67335778f39671c00df3df585356c0fd') in 0.0141335 seconds
Number of updated asset objects reloaded before import = 0Number of asset objects unloaded after import = 1

========================================================================
Received Import Request.
  Time since last request: 0.000074 seconds.
  path: Assets/TextMesh Pro/Examples & Extras/Resources/Fonts & Materials/Oswald Bold SDF.asset
  artifactKey: Guid(0161d805a3764c089bef00bfe00793f5) Importer(2089858483,0ecaa5967403d082aa24f35e1b516d23)
Start importing Assets/TextMesh Pro/Examples & Extras/Resources/Fonts & Materials/Oswald Bold SDF.asset using Guid(0161d805a3764c089bef00bfe00793f5) Importer(2089858483,0ecaa5967403d082aa24f35e1b516d23) (ScriptedImporter) -> (artifact id: '951daa84940631aa254580472807d562') in 0.1005414 seconds
Number of updated asset objects reloaded before import = 0Number of asset objects unloaded after import = 5

========================================================================
Received Import Request.
  Time since last request: 0.000035 seconds.
  path: Assets/TextMesh Pro/Examples & Extras/Resources/Fonts & Materials/Electronic Highway Sign SDF.asset
  artifactKey: Guid(dc36b3fdc14f47ebb36fd484a67e268a) Importer(2089858483,0ecaa5967403d082aa24f35e1b516d23)
Start importing Assets/TextMesh Pro/Examples & Extras/Resources/Fonts & Materials/Electronic Highway Sign SDF.asset using Guid(dc36b3fdc14f47ebb36fd484a67e268a) Importer(2089858483,0ecaa5967403d082aa24f35e1b516d23) (ScriptedImporter) -> (artifact id: 'ea5bcb9eca971d46d194622014b971d5') in 0.1116199 seconds
Number of updated asset objects reloaded before import = 0Number of asset objects unloaded after import = 5

========================================================================
Received Import Request.
  Time since last request: 0.000118 seconds.
  path: Assets/TextMesh Pro/Examples & Extras/Textures/Gradient Diagonal (Color).jpg
  artifactKey: Guid(2ce5c55e85304b819a1826ecbc839aa5) Importer(2089858483,0ecaa5967403d082aa24f35e1b516d23)
Start importing Assets/TextMesh Pro/Examples & Extras/Textures/Gradient Diagonal (Color).jpg using Guid(2ce5c55e85304b819a1826ecbc839aa5) Importer(2089858483,0ecaa5967403d082aa24f35e1b516d23) (ScriptedImporter) -> (artifact id: '9af1c02821c199d0712de0c5e7d971e0') in 0.1151036 seconds
Number of updated asset objects reloaded before import = 0Number of asset objects unloaded after import = 1

========================================================================
Received Import Request.
  Time since last request: 0.000080 seconds.
  path: Assets/TextMesh Pro/Examples & Extras/Resources/Fonts & Materials/Roboto-Bold SDF - Drop Shadow.mat
  artifactKey: Guid(b246c4190f4e46ec9352fe15a7b09ce0) Importer(2089858483,0ecaa5967403d082aa24f35e1b516d23)
Start importing Assets/TextMesh Pro/Examples & Extras/Resources/Fonts & Materials/Roboto-Bold SDF - Drop Shadow.mat using Guid(b246c4190f4e46ec9352fe15a7b09ce0) Importer(2089858483,0ecaa5967403d082aa24f35e1b516d23) (ScriptedImporter) -> (artifact id: 'c3944f5433d16230ee67f7398bc59126') in 0.0580739 seconds
Number of updated asset objects reloaded before import = 0Number of asset objects unloaded after import = 2

========================================================================
Received Import Request.
  Time since last request: 0.000121 seconds.
  path: Assets/TextMesh Pro/Examples & Extras/Resources/Fonts & Materials/Roboto-Bold SDF - HDRP Unlit.mat
  artifactKey: Guid(2ddca8f46aa0838419d568affb0ca6b4) Importer(2089858483,0ecaa5967403d082aa24f35e1b516d23)
Start importing Assets/TextMesh Pro/Examples & Extras/Resources/Fonts & Materials/Roboto-Bold SDF - HDRP Unlit.mat using Guid(2ddca8f46aa0838419d568affb0ca6b4) Importer(2089858483,0ecaa5967403d082aa24f35e1b516d23) (ScriptedImporter) -> (artifact id: '8407164f47d6592c69407da61b111163') in 0.0654893 seconds
Number of updated asset objects reloaded before import = 0Number of asset objects unloaded after import = 4

========================================================================
Received Import Request.
  Time since last request: 0.000037 seconds.
  path: Assets/Textures/GridBox_Default.psd
  artifactKey: Guid(7cf1055f41270dc40a64af16ab1186aa) Importer(815301076,1909f56bfc062723c751e8b465ee728b)
Start importing Assets/Textures/GridBox_Default.psd using Guid(7cf1055f41270dc40a64af16ab1186aa) Importer(815301076,1909f56bfc062723c751e8b465ee728b) (PreviewImporter) -> (artifact id: '1e5548abf8794d992b07fea11bbebff2') in 0.055731 seconds
Number of updated asset objects reloaded before import = 0Number of asset objects unloaded after import = 2

========================================================================
Received Import Request.
  Time since last request: 0.000215 seconds.
  path: Assets/Textures/noise_texture_0002.png
  artifactKey: Guid(90fa52e833fedfb4b8b3dbe10e96a30e) Importer(815301076,1909f56bfc062723c751e8b465ee728b)
Start importing Assets/Textures/noise_texture_0002.png using Guid(90fa52e833fedfb4b8b3dbe10e96a30e) Importer(815301076,1909f56bfc062723c751e8b465ee728b) (PreviewImporter) -> (artifact id: '53d01e5996a13d124ebf3d76769ca8ba') in 0.0690054 seconds
Number of updated asset objects reloaded before import = 0Number of asset objects unloaded after import = 2

========================================================================
Received Import Request.
  Time since last request: 0.000055 seconds.
  path: Assets/TextMesh Pro/Examples & Extras/Resources/Fonts & Materials/Roboto-Bold SDF.asset
  artifactKey: Guid(5302535af1044152a457ed104f1f4b91) Importer(2089858483,0ecaa5967403d082aa24f35e1b516d23)
Start importing Assets/TextMesh Pro/Examples & Extras/Resources/Fonts & Materials/Roboto-Bold SDF.asset using Guid(5302535af1044152a457ed104f1f4b91) Importer(2089858483,0ecaa5967403d082aa24f35e1b516d23) (ScriptedImporter) -> (artifact id: '1af0ac59d2a85ac6bcab3268224251eb') in 0.1752096 seconds
Number of updated asset objects reloaded before import = 0Number of asset objects unloaded after import = 5

========================================================================
Received Import Request.
  Time since last request: 0.000048 seconds.
  path: Assets/Textures/concrete_Wall_Albedo.jpg
  artifactKey: Guid(a3e168dcdf5f56f44aad44b52c87e64b) Importer(815301076,1909f56bfc062723c751e8b465ee728b)
Start importing Assets/Textures/concrete_Wall_Albedo.jpg using Guid(a3e168dcdf5f56f44aad44b52c87e64b) Importer(815301076,1909f56bfc062723c751e8b465ee728b) (PreviewImporter) -> (artifact id: '38693637fc6ed598bc5e3d70c7360e5b') in 0.0616349 seconds
Number of updated asset objects reloaded before import = 0Number of asset objects unloaded after import = 2

========================================================================
Received Import Request.
  Time since last request: 0.000062 seconds.
  path: Assets/Terrain/New Physic Material.physicMaterial
  artifactKey: Guid(0aa01da6c4f2cd642ab69b83d5745f17) Importer(815301076,1909f56bfc062723c751e8b465ee728b)
Start importing Assets/Terrain/New Physic Material.physicMaterial using Guid(0aa01da6c4f2cd642ab69b83d5745f17) Importer(815301076,1909f56bfc062723c751e8b465ee728b) (PreviewImporter) -> (artifact id: 'da7899e8e9eca543ae24c456365d584f') in 0.0109863 seconds
Number of updated asset objects reloaded before import = 0Number of asset objects unloaded after import = 1

========================================================================
Received Import Request.
  Time since last request: 0.000049 seconds.
  path: Assets/Textures/splatNormal.jpg
  artifactKey: Guid(35add2fc28f438c4da2c9a3a720ac55e) Importer(815301076,1909f56bfc062723c751e8b465ee728b)
Start importing Assets/Textures/splatNormal.jpg using Guid(35add2fc28f438c4da2c9a3a720ac55e) Importer(815301076,1909f56bfc062723c751e8b465ee728b) (PreviewImporter) -> (artifact id: 'ca52989ba87679c34964503738dfdf69') in 0.1108062 seconds
Number of updated asset objects reloaded before import = 0Number of asset objects unloaded after import = 2

========================================================================
Received Import Request.
  Time since last request: 0.000040 seconds.
  path: Assets/Terrain/New Terrain.asset
  artifactKey: Guid(9d26680726d47d9429e91651fc7f4015) Importer(815301076,1909f56bfc062723c751e8b465ee728b)
Start importing Assets/Terrain/New Terrain.asset using Guid(9d26680726d47d9429e91651fc7f4015) Importer(815301076,1909f56bfc062723c751e8b465ee728b) (PreviewImporter) -> (artifact id: '177d6240b24ba752c0a8d9eb64a4608b') in 0.0226217 seconds
Number of updated asset objects reloaded before import = 0Number of asset objects unloaded after import = 1

========================================================================
Received Import Request.
  Time since last request: 0.000304 seconds.
  path: Assets/TextMesh Pro/Examples & Extras/Resources/Fonts & Materials/Roboto-Bold SDF - URP.mat
  artifactKey: Guid(90722b8bd74d9aa49958562aff7bdf76) Importer(2089858483,0ecaa5967403d082aa24f35e1b516d23)
Start importing Assets/TextMesh Pro/Examples & Extras/Resources/Fonts & Materials/Roboto-Bold SDF - URP.mat using Guid(90722b8bd74d9aa49958562aff7bdf76) Importer(2089858483,0ecaa5967403d082aa24f35e1b516d23) (ScriptedImporter) -> (artifact id: '45e33fade8cb4fbdb15da32005ec7bdf') in 0.0639176 seconds
Number of updated asset objects reloaded before import = 0Number of asset objects unloaded after import = 3

========================================================================
Received Import Request.
  Time since last request: 0.000082 seconds.
  path: Assets/TextMesh Pro/Examples & Extras/Resources/Fonts & Materials/Bangers SDF - Drop Shadow.mat
  artifactKey: Guid(f2dcf029949142e28b974630369c8b4e) Importer(2089858483,0ecaa5967403d082aa24f35e1b516d23)
Start importing Assets/TextMesh Pro/Examples & Extras/Resources/Fonts & Materials/Bangers SDF - Drop Shadow.mat using Guid(f2dcf029949142e28b974630369c8b4e) Importer(2089858483,0ecaa5967403d082aa24f35e1b516d23) (ScriptedImporter) -> (artifact id: '9c2a8afdc1940ffd2999ff81a0724c81') in 0.0630692 seconds
Number of updated asset objects reloaded before import = 0Number of asset objects unloaded after import = 2

========================================================================
Received Import Request.
  Time since last request: 0.000045 seconds.
  path: Assets/TextMesh Pro/Examples & Extras/Resources/Fonts & Materials/Bangers SDF Logo.mat
  artifactKey: Guid(f4e195ac1e204eff960149d1cb34e18c) Importer(2089858483,0ecaa5967403d082aa24f35e1b516d23)
Start importing Assets/TextMesh Pro/Examples & Extras/Resources/Fonts & Materials/Bangers SDF Logo.mat using Guid(f4e195ac1e204eff960149d1cb34e18c) Importer(2089858483,0ecaa5967403d082aa24f35e1b516d23) (ScriptedImporter) -> (artifact id: '9ecbb8203d8e4d4e8df4eb8f034db054') in 0.0789053 seconds
Number of updated asset objects reloaded before import = 0Number of asset objects unloaded after import = 4

========================================================================
Received Import Request.
  Time since last request: 0.000051 seconds.
  path: Assets/TextMesh Pro/Examples & Extras/Resources/Fonts & Materials/Unity SDF.asset
  artifactKey: Guid(c9adb1f542a93ae489bacfeae21e8394) Importer(2089858483,0ecaa5967403d082aa24f35e1b516d23)
Start importing Assets/TextMesh Pro/Examples & Extras/Resources/Fonts & Materials/Unity SDF.asset using Guid(c9adb1f542a93ae489bacfeae21e8394) Importer(2089858483,0ecaa5967403d082aa24f35e1b516d23) (ScriptedImporter) -> (artifact id: 'dd82a7e0b19bbf53d49909dd2aa8d2bb') in 0.1051332 seconds
Number of updated asset objects reloaded before import = 0Number of asset objects unloaded after import = 4

========================================================================
Received Import Request.
  Time since last request: 0.000078 seconds.
  path: Assets/Terrain/New Terrain 1.asset
  artifactKey: Guid(7a8e2461154da434880027c25f75ab06) Importer(815301076,1909f56bfc062723c751e8b465ee728b)
Start importing Assets/Terrain/New Terrain 1.asset using Guid(7a8e2461154da434880027c25f75ab06) Importer(815301076,1909f56bfc062723c751e8b465ee728b) (PreviewImporter) -> (artifact id: 'e081d81bfc5b8415381e634bfa461d89') in 0.0217302 seconds
Number of updated asset objects reloaded before import = 0Number of asset objects unloaded after import = 1

========================================================================
Received Import Request.
  Time since last request: 0.000148 seconds.
  path: Assets/Textures/concrete_Wall_Normal.jpg
  artifactKey: Guid(915fce885e7a6a541b08b09e903e8a15) Importer(815301076,1909f56bfc062723c751e8b465ee728b)
Start importing Assets/Textures/concrete_Wall_Normal.jpg using Guid(915fce885e7a6a541b08b09e903e8a15) Importer(815301076,1909f56bfc062723c751e8b465ee728b) (PreviewImporter) -> (artifact id: 'f0ada8d949cda3f520f2774de62274e6') in 0.0708719 seconds
Number of updated asset objects reloaded before import = 0Number of asset objects unloaded after import = 2

========================================================================
Received Import Request.
  Time since last request: 0.000217 seconds.
  path: Assets/TextMesh Pro/Examples & Extras/Resources/Fonts & Materials/LiberationSans SDF - Metalic Green.mat
  artifactKey: Guid(8b29aaa3eec7468097ff07adfcf29ac9) Importer(2089858483,0ecaa5967403d082aa24f35e1b516d23)
Start importing Assets/TextMesh Pro/Examples & Extras/Resources/Fonts & Materials/LiberationSans SDF - Metalic Green.mat using Guid(8b29aaa3eec7468097ff07adfcf29ac9) Importer(2089858483,0ecaa5967403d082aa24f35e1b516d23) (ScriptedImporter) -> (artifact id: 'c322542a9e5ff8204e9ec9d97d187344') in 0.0915831 seconds
Number of updated asset objects reloaded before import = 0Number of asset objects unloaded after import = 4

========================================================================
Received Import Request.
  Time since last request: 0.000148 seconds.
  path: Assets/TextMesh Pro/Examples & Extras/Resources/Sprite Assets/Default Sprite Asset.asset
  artifactKey: Guid(fbef3c704dce48f08a44612d6c856c8d) Importer(2089858483,0ecaa5967403d082aa24f35e1b516d23)
Start importing Assets/TextMesh Pro/Examples & Extras/Resources/Sprite Assets/Default Sprite Asset.asset using Guid(fbef3c704dce48f08a44612d6c856c8d) Importer(2089858483,0ecaa5967403d082aa24f35e1b516d23) (ScriptedImporter) -> (artifact id: '343b29863ba876cede96b8a3565dface') in 0.0923685 seconds
Number of updated asset objects reloaded before import = 0Number of asset objects unloaded after import = 3

========================================================================
Received Import Request.
  Time since last request: 0.000050 seconds.
  path: Assets/TextMesh Pro/Examples & Extras/Scenes/28 - HDRP Shader Example/Sky and Fog Volume Profile.asset
  artifactKey: Guid(83ba2e375bed45f48bce43e5a5f7c88a) Importer(2089858483,0ecaa5967403d082aa24f35e1b516d23)
Start importing Assets/TextMesh Pro/Examples & Extras/Scenes/28 - HDRP Shader Example/Sky and Fog Volume Profile.asset using Guid(83ba2e375bed45f48bce43e5a5f7c88a) Importer(2089858483,0ecaa5967403d082aa24f35e1b516d23) (ScriptedImporter) -> (artifact id: '3beaf9f049538555bd266cfbce13799e') in 0.0597473 seconds
Number of updated asset objects reloaded before import = 0Number of asset objects unloaded after import = 2

========================================================================
Received Import Request.
  Time since last request: 0.000038 seconds.
  path: Assets/Prefab/Item/YellowDye.prefab
  artifactKey: Guid(1377b922ed798b54095e534a49669e4f) Importer(815301076,1909f56bfc062723c751e8b465ee728b)
Start importing Assets/Prefab/Item/YellowDye.prefab using Guid(1377b922ed798b54095e534a49669e4f) Importer(815301076,1909f56bfc062723c751e8b465ee728b) (PreviewImporter) -> (artifact id: '6bbdaf13d38c252824e7789ec095a5ab') in 0.0134624 seconds
Number of updated asset objects reloaded before import = 0Number of asset objects unloaded after import = 9

========================================================================
Received Import Request.
  Time since last request: 0.000059 seconds.
  path: Assets/Terrain/TerrainData_8bcbd103-e3f2-4061-bcf7-61eaa9a18737.asset
  artifactKey: Guid(758944886010952459502a3a1ed8c5fd) Importer(815301076,1909f56bfc062723c751e8b465ee728b)
Start importing Assets/Terrain/TerrainData_8bcbd103-e3f2-4061-bcf7-61eaa9a18737.asset using Guid(758944886010952459502a3a1ed8c5fd) Importer(815301076,1909f56bfc062723c751e8b465ee728b) (PreviewImporter) -> (artifact id: '868d77b26584fdda5affa5424a484431') in 0.0203344 seconds
Number of updated asset objects reloaded before import = 0Number of asset objects unloaded after import = 1

========================================================================
Received Import Request.
  Time since last request: 0.000048 seconds.
  path: Assets/TextMesh Pro/Examples & Extras/Resources/Fonts & Materials/Bangers SDF Glow.mat
  artifactKey: Guid(d75b8f41e959450c84ac6e967084d3e1) Importer(2089858483,0ecaa5967403d082aa24f35e1b516d23)
Start importing Assets/TextMesh Pro/Examples & Extras/Resources/Fonts & Materials/Bangers SDF Glow.mat using Guid(d75b8f41e959450c84ac6e967084d3e1) Importer(2089858483,0ecaa5967403d082aa24f35e1b516d23) (ScriptedImporter) -> (artifact id: '89be9a23b35babff479474eb6d8b1ad3') in 0.0726131 seconds
Number of updated asset objects reloaded before import = 0Number of asset objects unloaded after import = 3

========================================================================
Received Import Request.
  Time since last request: 0.000043 seconds.
  path: Assets/Textures/GridBox_Default.png
  artifactKey: Guid(7f7b302eddb0edd49afe4248035a7b56) Importer(815301076,1909f56bfc062723c751e8b465ee728b)
Start importing Assets/Textures/GridBox_Default.png using Guid(7f7b302eddb0edd49afe4248035a7b56) Importer(815301076,1909f56bfc062723c751e8b465ee728b) (PreviewImporter) -> (artifact id: '7a41fcd615cada790ba52927959a3084') in 0.0906357 seconds
Number of updated asset objects reloaded before import = 0Number of asset objects unloaded after import = 2

========================================================================
Received Import Request.
  Time since last request: 0.000037 seconds.
  path: Assets/Prefab/Item/GreenDye.prefab
  artifactKey: Guid(8688a519201b74e49be11fb1423737c3) Importer(815301076,1909f56bfc062723c751e8b465ee728b)
Start importing Assets/Prefab/Item/GreenDye.prefab using Guid(8688a519201b74e49be11fb1423737c3) Importer(815301076,1909f56bfc062723c751e8b465ee728b) (PreviewImporter) -> (artifact id: '66d87204308c50a0c36e8919c078de2b') in 0.0082117 seconds
Number of updated asset objects reloaded before import = 0Number of asset objects unloaded after import = 9

========================================================================
Received Import Request.
  Time since last request: 0.000282 seconds.
  path: Assets/TextMesh Pro/Examples & Extras/Resources/Fonts & Materials/Roboto-Bold SDF - Surface.mat
  artifactKey: Guid(e6b276ec991f467aa14ef1f3cc665993) Importer(2089858483,0ecaa5967403d082aa24f35e1b516d23)
Start importing Assets/TextMesh Pro/Examples & Extras/Resources/Fonts & Materials/Roboto-Bold SDF - Surface.mat using Guid(e6b276ec991f467aa14ef1f3cc665993) Importer(2089858483,0ecaa5967403d082aa24f35e1b516d23) (ScriptedImporter) -> (artifact id: 'f5e3180b53be1d6e42fadb7ffa9d36c5') in 0.0569489 seconds
Number of updated asset objects reloaded before import = 0Number of asset objects unloaded after import = 2

========================================================================
Received Import Request.
  Time since last request: 0.000177 seconds.
  path: Assets/TextMesh Pro/Examples & Extras/Resources/Fonts & Materials/Unity SDF - HDRP LIT - Outline.mat
  artifactKey: Guid(967f61bb1e3e28645a39e0cb647cc79e) Importer(2089858483,0ecaa5967403d082aa24f35e1b516d23)
Start importing Assets/TextMesh Pro/Examples & Extras/Resources/Fonts & Materials/Unity SDF - HDRP LIT - Outline.mat using Guid(967f61bb1e3e28645a39e0cb647cc79e) Importer(2089858483,0ecaa5967403d082aa24f35e1b516d23) (ScriptedImporter) -> (artifact id: 'e6e62832f0af1ccd1bbb9964d8a92b35') in 0.0882721 seconds
Number of updated asset objects reloaded before import = 0Number of asset objects unloaded after import = 3

========================================================================
Received Import Request.
  Time since last request: 0.000209 seconds.
  path: Assets/TextMesh Pro/Examples & Extras/Resources/Fonts & Materials/Bangers SDF Logo - URP.mat
  artifactKey: Guid(6751ce1a4611b3940812c13a6847d94f) Importer(2089858483,0ecaa5967403d082aa24f35e1b516d23)
Start importing Assets/TextMesh Pro/Examples & Extras/Resources/Fonts & Materials/Bangers SDF Logo - URP.mat using Guid(6751ce1a4611b3940812c13a6847d94f) Importer(2089858483,0ecaa5967403d082aa24f35e1b516d23) (ScriptedImporter) -> (artifact id: 'f4f0654eac3f72418c102695ce480e39') in 0.0749545 seconds
Number of updated asset objects reloaded before import = 0Number of asset objects unloaded after import = 5

========================================================================
Received Import Request.
  Time since last request: 0.000036 seconds.
  path: Assets/TextMesh Pro/Resources/Fonts & Materials/LiberationSans SDF - Outline.mat
  artifactKey: Guid(79459efec17a4d00a321bdcc27bbc385) Importer(2089858483,0ecaa5967403d082aa24f35e1b516d23)
Start importing Assets/TextMesh Pro/Resources/Fonts & Materials/LiberationSans SDF - Outline.mat using Guid(79459efec17a4d00a321bdcc27bbc385) Importer(2089858483,0ecaa5967403d082aa24f35e1b516d23) (ScriptedImporter) -> (artifact id: 'a51620823e2bfa4b69cb59a88dbe0652') in 0.0849013 seconds
Number of updated asset objects reloaded before import = 0Number of asset objects unloaded after import = 2

========================================================================
Received Import Request.
  Time since last request: 0.000059 seconds.
  path: Assets/Settings/URP-Balanced-Renderer.asset
  artifactKey: Guid(e634585d5c4544dd297acaee93dc2beb) Importer(815301076,1909f56bfc062723c751e8b465ee728b)
Start importing Assets/Settings/URP-Balanced-Renderer.asset using Guid(e634585d5c4544dd297acaee93dc2beb) Importer(815301076,1909f56bfc062723c751e8b465ee728b) (PreviewImporter) -> (artifact id: 'b2ff561f171e3e56bbf1072bf48788d4') in 0.0091309 seconds
Number of updated asset objects reloaded before import = 0Number of asset objects unloaded after import = 2

========================================================================
Received Import Request.
  Time since last request: 0.000074 seconds.
  path: Assets/Prefab/MapPrefab/SkeletonGunOutline.prefab
  artifactKey: Guid(cc83463310c94e940aa07098977914b2) Importer(815301076,1909f56bfc062723c751e8b465ee728b)
Start importing Assets/Prefab/MapPrefab/SkeletonGunOutline.prefab using Guid(cc83463310c94e940aa07098977914b2) Importer(815301076,1909f56bfc062723c751e8b465ee728b) (PreviewImporter) -> (artifact id: '12bae8d7a0695fda2e2c78ef60599d07') in 0.0813076 seconds
Number of updated asset objects reloaded before import = 0Number of asset objects unloaded after import = 29

========================================================================
Received Import Request.
  Time since last request: 0.000382 seconds.
  path: Assets/Prefab/Item/WhiteDye.prefab
  artifactKey: Guid(a79aa36a6635049409c61f8ca009f038) Importer(815301076,1909f56bfc062723c751e8b465ee728b)
Start importing Assets/Prefab/Item/WhiteDye.prefab using Guid(a79aa36a6635049409c61f8ca009f038) Importer(815301076,1909f56bfc062723c751e8b465ee728b) (PreviewImporter) -> (artifact id: '1b43338dfa48f82600d275639507ec38') in 0.0096878 seconds
Number of updated asset objects reloaded before import = 0Number of asset objects unloaded after import = 9

========================================================================
Received Import Request.
  Time since last request: 0.000039 seconds.
  path: Assets/TextMesh Pro/Examples & Extras/Resources/Fonts & Materials/Bangers SDF - Drop Shadow - 2 Pass.mat
  artifactKey: Guid(947a44964e53bf0448ff698b2a2219c0) Importer(2089858483,0ecaa5967403d082aa24f35e1b516d23)
Start importing Assets/TextMesh Pro/Examples & Extras/Resources/Fonts & Materials/Bangers SDF - Drop Shadow - 2 Pass.mat using Guid(947a44964e53bf0448ff698b2a2219c0) Importer(2089858483,0ecaa5967403d082aa24f35e1b516d23) (ScriptedImporter) -> (artifact id: 'ca34ae82634d2c23fe46214a38d59954') in 0.1263716 seconds
Number of updated asset objects reloaded before import = 0Number of asset objects unloaded after import = 3

========================================================================
Received Import Request.
  Time since last request: 0.000109 seconds.
  path: Assets/TextMesh Pro/Examples & Extras/Resources/Sprite Assets/DropCap Numbers.asset
  artifactKey: Guid(14aa93acbb234d16aaef0e8b46814db6) Importer(2089858483,0ecaa5967403d082aa24f35e1b516d23)
Start importing Assets/TextMesh Pro/Examples & Extras/Resources/Sprite Assets/DropCap Numbers.asset using Guid(14aa93acbb234d16aaef0e8b46814db6) Importer(2089858483,0ecaa5967403d082aa24f35e1b516d23) (ScriptedImporter) -> (artifact id: '036f75cf4036af06b57ce197e8016909') in 0.1058487 seconds
Number of updated asset objects reloaded before import = 0Number of asset objects unloaded after import = 3

========================================================================
Received Import Request.
  Time since last request: 0.000043 seconds.
  path: Assets/Prefab/Item/BrownDye.prefab
  artifactKey: Guid(2e1a2933ca1b4f64b832b39958336d6d) Importer(815301076,1909f56bfc062723c751e8b465ee728b)
Start importing Assets/Prefab/Item/BrownDye.prefab using Guid(2e1a2933ca1b4f64b832b39958336d6d) Importer(815301076,1909f56bfc062723c751e8b465ee728b) (PreviewImporter) -> (artifact id: '99c155e9b8a9b9144efcde4b81f0330a') in 0.0057143 seconds
Number of updated asset objects reloaded before import = 0Number of asset objects unloaded after import = 9

========================================================================
Received Import Request.
  Time since last request: 0.000154 seconds.
  path: Assets/Shaders
  artifactKey: Guid(3decfa2a323ea8044911a7fcabb51254) Importer(815301076,1909f56bfc062723c751e8b465ee728b)
Start importing Assets/Shaders using Guid(3decfa2a323ea8044911a7fcabb51254) Importer(815301076,1909f56bfc062723c751e8b465ee728b) (PreviewImporter) -> (artifact id: 'f32fb41df50996f26a9b5190b6b22cf1') in 0.0055629 seconds
Number of updated asset objects reloaded before import = 0Number of asset objects unloaded after import = 0

========================================================================
Received Import Request.
  Time since last request: 0.000032 seconds.
  path: Assets/Prefab/Item/GreyDye.prefab
  artifactKey: Guid(a3f668fbae9b75b4c9cfe1038e59d45d) Importer(815301076,1909f56bfc062723c751e8b465ee728b)
Start importing Assets/Prefab/Item/GreyDye.prefab using Guid(a3f668fbae9b75b4c9cfe1038e59d45d) Importer(815301076,1909f56bfc062723c751e8b465ee728b) (PreviewImporter) -> (artifact id: '616c515f51588a6889e45186ec684e7b') in 0.0092215 seconds
Number of updated asset objects reloaded before import = 0Number of asset objects unloaded after import = 9

========================================================================
Received Import Request.
  Time since last request: 0.000031 seconds.
  path: Assets/TextMesh Pro/Examples & Extras/Textures/Wipe Pattern - Radial Quad.psd
  artifactKey: Guid(2b5e9ae96c5644d8bae932f8b4ca68a2) Importer(2089858483,0ecaa5967403d082aa24f35e1b516d23)
Start importing Assets/TextMesh Pro/Examples & Extras/Textures/Wipe Pattern - Radial Quad.psd using Guid(2b5e9ae96c5644d8bae932f8b4ca68a2) Importer(2089858483,0ecaa5967403d082aa24f35e1b516d23) (ScriptedImporter) -> (artifact id: '6ad2204022c74d46c2e4656bc1097ed3') in 0.0386563 seconds
Number of updated asset objects reloaded before import = 0Number of asset objects unloaded after import = 1

========================================================================
Received Import Request.
  Time since last request: 0.000046 seconds.
  path: Assets/Terrain
  artifactKey: Guid(89c133a3080a01f498227da1646fae96) Importer(815301076,1909f56bfc062723c751e8b465ee728b)
Start importing Assets/Terrain using Guid(89c133a3080a01f498227da1646fae96) Importer(815301076,1909f56bfc062723c751e8b465ee728b) (PreviewImporter) -> (artifact id: '4df9021cbf51d548e8d3fff724148bae') in 0.0009327 seconds
Number of updated asset objects reloaded before import = 0Number of asset objects unloaded after import = 0

========================================================================
Received Import Request.
  Time since last request: 0.000032 seconds.
  path: Assets/Terrain/New Terrain 2.asset
  artifactKey: Guid(13b0a4b8f12527b4e927845b6401c2e0) Importer(815301076,1909f56bfc062723c751e8b465ee728b)
Start importing Assets/Terrain/New Terrain 2.asset using Guid(13b0a4b8f12527b4e927845b6401c2e0) Importer(815301076,1909f56bfc062723c751e8b465ee728b) (PreviewImporter)Tree prefab at index 0 is missing.
Tree prefab at index 1 is missing.
Tree prefab at index 2 is missing.
Tree prefab at index 3 is missing.
Tree prefab at index 4 is missing.
Tree prefab at index 5 is missing.
 -> (artifact id: 'eeb4a0aaaaffbc5647d13029aab9f409') in 0.0350394 seconds
Number of updated asset objects reloaded before import = 0Number of asset objects unloaded after import = 3

========================================================================
Received Import Request.
  Time since last request: 0.000027 seconds.
  path: Assets/Prefab/MapPrefab/Canvas.prefab
  artifactKey: Guid(d57635cf0daac1142bf2e6cf15b541ac) Importer(815301076,1909f56bfc062723c751e8b465ee728b)
Start importing Assets/Prefab/MapPrefab/Canvas.prefab using Guid(d57635cf0daac1142bf2e6cf15b541ac) Importer(815301076,1909f56bfc062723c751e8b465ee728b) (PreviewImporter)Refreshing native plugins compatible for Editor in 1.67 ms, found 3 plugins.
Preloading 0 native plugins for Editor in 0.00 ms.
 -> (artifact id: '28f362657cda1d7a97b493654c7598b3') in 0.0423902 seconds
Number of updated asset objects reloaded before import = 0Number of asset objects unloaded after import = 494

========================================================================
Received Import Request.
  Time since last request: 0.000035 seconds.
  path: Assets/TextMesh Pro/Shaders/TMP_SDF SSD.shader
  artifactKey: Guid(14eb328de4b8eb245bb7cea29e4ac00b) Importer(2089858483,0ecaa5967403d082aa24f35e1b516d23)
Start importing Assets/TextMesh Pro/Shaders/TMP_SDF SSD.shader using Guid(14eb328de4b8eb245bb7cea29e4ac00b) Importer(2089858483,0ecaa5967403d082aa24f35e1b516d23) (ScriptedImporter) -> (artifact id: '764d3477aee7ea90b4f135b65895564b') in 0.0401616 seconds
Number of updated asset objects reloaded before import = 0Number of asset objects unloaded after import = 1

========================================================================
Received Import Request.
  Time since last request: 0.000095 seconds.
  path: Assets/Scripts/Item/RedDye.asset
  artifactKey: Guid(fa9bf2b574828d2468750202bb803626) Importer(2089858483,0ecaa5967403d082aa24f35e1b516d23)
Start importing Assets/Scripts/Item/RedDye.asset using Guid(fa9bf2b574828d2468750202bb803626) Importer(2089858483,0ecaa5967403d082aa24f35e1b516d23) (ScriptedImporter) -> (artifact id: '080ec8f9b33d8ef81dce05d6d6d2fd54') in 0.0247863 seconds
Number of updated asset objects reloaded before import = 0Number of asset objects unloaded after import = 8

========================================================================
Received Import Request.
  Time since last request: 0.000026 seconds.
  path: Assets/TextMesh Pro/Examples & Extras/Scripts/EnvMapAnimator.cs
  artifactKey: Guid(a4b6f99e8bc54541bbd149b014ff441c) Importer(2089858483,0ecaa5967403d082aa24f35e1b516d23)
Start importing Assets/TextMesh Pro/Examples & Extras/Scripts/EnvMapAnimator.cs using Guid(a4b6f99e8bc54541bbd149b014ff441c) Importer(2089858483,0ecaa5967403d082aa24f35e1b516d23) (ScriptedImporter) -> (artifact id: 'ac687a0bbc8e2d6d1d2aa8374dd762c7') in 0.0247791 seconds
Number of updated asset objects reloaded before import = 0Number of asset objects unloaded after import = 0

========================================================================
Received Import Request.
  Time since last request: 0.000025 seconds.
  path: Assets/TextMesh Pro/Examples & Extras/Scenes/25 - Sunny Days Example.unity
  artifactKey: Guid(f9b4c22e15cff344ba9fc6542a58dd07) Importer(2089858483,0ecaa5967403d082aa24f35e1b516d23)
Start importing Assets/TextMesh Pro/Examples & Extras/Scenes/25 - Sunny Days Example.unity using Guid(f9b4c22e15cff344ba9fc6542a58dd07) Importer(2089858483,0ecaa5967403d082aa24f35e1b516d23) (ScriptedImporter) -> (artifact id: 'd0d4519c20c14296f582550257e5657e') in 0.0230343 seconds
Number of updated asset objects reloaded before import = 0Number of asset objects unloaded after import = 1

========================================================================
Received Import Request.
  Time since last request: 0.000029 seconds.
  path: Assets/Prefab/Bullet.prefab
  artifactKey: Guid(d73a9c4ae86251347a987e1dda006f49) Importer(2089858483,0ecaa5967403d082aa24f35e1b516d23)
Start importing Assets/Prefab/Bullet.prefab using Guid(d73a9c4ae86251347a987e1dda006f49) Importer(2089858483,0ecaa5967403d082aa24f35e1b516d23) (ScriptedImporter) -> (artifact id: 'a49e6d64fe6156b79a74e8759af1753d') in 0.0304798 seconds
Number of updated asset objects reloaded before import = 0Number of asset objects unloaded after import = 9

========================================================================
Received Import Request.
  Time since last request: 0.000064 seconds.
  path: Assets/TextMesh Pro/Examples & Extras/Resources/Color Gradient Presets/Light to Dark Green - Vertical.asset
  artifactKey: Guid(5cf8ae092ca54931b443bec5148f3c59) Importer(2089858483,0ecaa5967403d082aa24f35e1b516d23)
Start importing Assets/TextMesh Pro/Examples & Extras/Resources/Color Gradient Presets/Light to Dark Green - Vertical.asset using Guid(5cf8ae092ca54931b443bec5148f3c59) Importer(2089858483,0ecaa5967403d082aa24f35e1b516d23) (ScriptedImporter) -> (artifact id: '4ad90ab5758a3672e4460c3463d285d3') in 0.0246485 seconds
Number of updated asset objects reloaded before import = 0Number of asset objects unloaded after import = 1

========================================================================
Received Import Request.
  Time since last request: 0.000027 seconds.
  path: Assets/Animation/PlayerIdleBack.anim
  artifactKey: Guid(1cb9d1ac2e2d6874a92a143211e889ea) Importer(2089858483,0ecaa5967403d082aa24f35e1b516d23)
Start importing Assets/Animation/PlayerIdleBack.anim using Guid(1cb9d1ac2e2d6874a92a143211e889ea) Importer(2089858483,0ecaa5967403d082aa24f35e1b516d23) (ScriptedImporter) -> (artifact id: '3a9a8e377bdd1aa55989a9872767a82d') in 0.0421859 seconds
Number of updated asset objects reloaded before import = 0Number of asset objects unloaded after import = 1

========================================================================
Received Import Request.
  Time since last request: 0.000025 seconds.
  path: Assets/TextMesh Pro/Resources/Fonts & Materials/LiberationSans SDF - Fallback.asset
  artifactKey: Guid(2e498d1c8094910479dc3e1b768306a4) Importer(2089858483,0ecaa5967403d082aa24f35e1b516d23)
Start importing Assets/TextMesh Pro/Resources/Fonts & Materials/LiberationSans SDF - Fallback.asset using Guid(2e498d1c8094910479dc3e1b768306a4) Importer(2089858483,0ecaa5967403d082aa24f35e1b516d23) (ScriptedImporter) -> (artifact id: '7ab4665ba8cc774b8cce84a32032dacb') in 0.0542272 seconds
Number of updated asset objects reloaded before import = 0Number of asset objects unloaded after import = 5

========================================================================
Received Import Request.
  Time since last request: 0.000032 seconds.
  path: Assets/Assets/Font/KiwiSoda SDF.asset
  artifactKey: Guid(66a46ae7ed56a624db7e202b43f5c970) Importer(2089858483,0ecaa5967403d082aa24f35e1b516d23)
Start importing Assets/Assets/Font/KiwiSoda SDF.asset using Guid(66a46ae7ed56a624db7e202b43f5c970) Importer(2089858483,0ecaa5967403d082aa24f35e1b516d23) (ScriptedImporter) -> (artifact id: '813a65cad1158444208fef21925e890d') in 0.0539288 seconds
Number of updated asset objects reloaded before import = 0Number of asset objects unloaded after import = 3

========================================================================
Received Import Request.
  Time since last request: 0.000050 seconds.
  path: Assets/TextMesh Pro/Resources/Style Sheets/Default Style Sheet.asset
  artifactKey: Guid(f952c082cb03451daed3ee968ac6c63e) Importer(2089858483,0ecaa5967403d082aa24f35e1b516d23)
Start importing Assets/TextMesh Pro/Resources/Style Sheets/Default Style Sheet.asset using Guid(f952c082cb03451daed3ee968ac6c63e) Importer(2089858483,0ecaa5967403d082aa24f35e1b516d23) (ScriptedImporter) -> (artifact id: 'e675bfdc3af93cf20a3c6c02f1952a9c') in 0.0259465 seconds
Number of updated asset objects reloaded before import = 0Number of asset objects unloaded after import = 1

========================================================================
Received Import Request.
  Time since last request: 0.000033 seconds.
  path: Assets/TextMesh Pro/Resources/Fonts & Materials/LiberationSans SDF.asset
  artifactKey: Guid(8f586378b4e144a9851e7b34d9b748ee) Importer(2089858483,0ecaa5967403d082aa24f35e1b516d23)
Start importing Assets/TextMesh Pro/Resources/Fonts & Materials/LiberationSans SDF.asset using Guid(8f586378b4e144a9851e7b34d9b748ee) Importer(2089858483,0ecaa5967403d082aa24f35e1b516d23) (ScriptedImporter) -> (artifact id: 'ce2cdee1ae137c933ed131f47ed61bd0') in 0.0727695 seconds
Number of updated asset objects reloaded before import = 0Number of asset objects unloaded after import = 8

========================================================================
Received Import Request.
  Time since last request: 0.000044 seconds.
  path: Assets/TextMesh Pro/Examples & Extras/Fonts/Bangers.ttf
  artifactKey: Guid(5dd49b3eacc540408c98eee0de38e0f1) Importer(2089858483,0ecaa5967403d082aa24f35e1b516d23)
Start importing Assets/TextMesh Pro/Examples & Extras/Fonts/Bangers.ttf using Guid(5dd49b3eacc540408c98eee0de38e0f1) Importer(2089858483,0ecaa5967403d082aa24f35e1b516d23) (ScriptedImporter) -> (artifact id: '7a6d709ca25e58813fca9c0bd10b400d') in 0.1000486 seconds
Number of updated asset objects reloaded before import = 3Number of asset objects unloaded after import = 3

========================================================================
Received Import Request.
  Time since last request: 0.169452 seconds.
  path: Assets/SoudEffectManager.cs
  artifactKey: Guid(156f9663e4344e748acaa9df12f56617) Importer(2089858483,0ecaa5967403d082aa24f35e1b516d23)
Start importing Assets/SoudEffectManager.cs using Guid(156f9663e4344e748acaa9df12f56617) Importer(2089858483,0ecaa5967403d082aa24f35e1b516d23) (ScriptedImporter) -> (artifact id: '251edcefb5bc68f6bd85b3604edcc477') in 0.0470542 seconds
Number of updated asset objects reloaded before import = 0Number of asset objects unloaded after import = 0

========================================================================
Received Import Request.
  Time since last request: 0.000084 seconds.
  path: Assets/Prefab/Item/BrownDye.prefab
  artifactKey: Guid(2e1a2933ca1b4f64b832b39958336d6d) Importer(2089858483,0ecaa5967403d082aa24f35e1b516d23)
Start importing Assets/Prefab/Item/BrownDye.prefab using Guid(2e1a2933ca1b4f64b832b39958336d6d) Importer(2089858483,0ecaa5967403d082aa24f35e1b516d23) (ScriptedImporter) -> (artifact id: 'dc19295c7d401ad00893b72233b8277b') in 0.0880526 seconds
Number of updated asset objects reloaded before import = 0Number of asset objects unloaded after import = 9

========================================================================
Received Import Request.
  Time since last request: 0.000043 seconds.
  path: Assets/Prefab/Item/HealPotion.prefab
  artifactKey: Guid(57c9f2782e5c8f74a93564bbbb9e027f) Importer(2089858483,0ecaa5967403d082aa24f35e1b516d23)
Start importing Assets/Prefab/Item/HealPotion.prefab using Guid(57c9f2782e5c8f74a93564bbbb9e027f) Importer(2089858483,0ecaa5967403d082aa24f35e1b516d23) (ScriptedImporter) -> (artifact id: '282d985a9c6bdf0a288246bef0200ff9') in 0.0637953 seconds
Number of updated asset objects reloaded before import = 0Number of asset objects unloaded after import = 9

========================================================================
Received Import Request.
  Time since last request: 0.000045 seconds.
  path: Assets/Audio/Music/Catiso - Beast - COPYRIGHT FREE MUSIC - [CEM].mp3
  artifactKey: Guid(b77835d8ec2ef0f48bbd82ac5b2d19ed) Importer(2089858483,0ecaa5967403d082aa24f35e1b516d23)
Start importing Assets/Audio/Music/Catiso - Beast - COPYRIGHT FREE MUSIC - [CEM].mp3 using Guid(b77835d8ec2ef0f48bbd82ac5b2d19ed) Importer(2089858483,0ecaa5967403d082aa24f35e1b516d23) (ScriptedImporter) -> (artifact id: 'a5d5b08b0b95420f1875db6cd9af27be') in 0.1165902 seconds
Number of updated asset objects reloaded before import = 0Number of asset objects unloaded after import = 1

========================================================================
Received Import Request.
  Time since last request: 0.000046 seconds.
  path: Assets/Scenes/Credit.unity
  artifactKey: Guid(369546f8a2473084a8425c3b25a6d342) Importer(2089858483,0ecaa5967403d082aa24f35e1b516d23)
Start importing Assets/Scenes/Credit.unity using Guid(369546f8a2473084a8425c3b25a6d342) Importer(2089858483,0ecaa5967403d082aa24f35e1b516d23) (ScriptedImporter) -> (artifact id: '9ea28e4ba61b569c2ed95cf4f6c0fbee') in 0.0382631 seconds
Number of updated asset objects reloaded before import = 0Number of asset objects unloaded after import = 1

========================================================================
Received Import Request.
  Time since last request: 0.000041 seconds.
  path: Assets/Prefab/Item/LightBlueDye.prefab
  artifactKey: Guid(d52d4ef33412d92488be68ac673812b3) Importer(2089858483,0ecaa5967403d082aa24f35e1b516d23)
Start importing Assets/Prefab/Item/LightBlueDye.prefab using Guid(d52d4ef33412d92488be68ac673812b3) Importer(2089858483,0ecaa5967403d082aa24f35e1b516d23) (ScriptedImporter) -> (artifact id: '3c1627d0420af6cefa21fd42d4103dd6') in 0.0579216 seconds
Number of updated asset objects reloaded before import = 0Number of asset objects unloaded after import = 9

========================================================================
Received Import Request.
  Time since last request: 0.000074 seconds.
  path: Assets/Scripts/PauseManager.cs
  artifactKey: Guid(4dfa1053bfe974f4baf4eee2aba1e833) Importer(2089858483,0ecaa5967403d082aa24f35e1b516d23)
Start importing Assets/Scripts/PauseManager.cs using Guid(4dfa1053bfe974f4baf4eee2aba1e833) Importer(2089858483,0ecaa5967403d082aa24f35e1b516d23) (ScriptedImporter) -> (artifact id: 'cd92a84de35a688bcb00f295e87c1150') in 0.0450095 seconds
Number of updated asset objects reloaded before import = 0Number of asset objects unloaded after import = 0

========================================================================
Received Import Request.
  Time since last request: 0.000031 seconds.
  path: Assets/Prefab/Item/DoubleBullet.prefab
  artifactKey: Guid(f084295134b6ec64a85fed8604832ab6) Importer(2089858483,0ecaa5967403d082aa24f35e1b516d23)
Start importing Assets/Prefab/Item/DoubleBullet.prefab using Guid(f084295134b6ec64a85fed8604832ab6) Importer(2089858483,0ecaa5967403d082aa24f35e1b516d23) (ScriptedImporter) -> (artifact id: '5a51b055a0ad031fa7df129c939cbc46') in 0.1120388 seconds
Number of updated asset objects reloaded before import = 0Number of asset objects unloaded after import = 9

========================================================================
Received Import Request.
  Time since last request: 0.000046 seconds.
  path: Assets/Scripts/SettingsMenu.cs
  artifactKey: Guid(2bbbe9fcac37a24458527e0cd3f7154d) Importer(2089858483,0ecaa5967403d082aa24f35e1b516d23)
Start importing Assets/Scripts/SettingsMenu.cs using Guid(2bbbe9fcac37a24458527e0cd3f7154d) Importer(2089858483,0ecaa5967403d082aa24f35e1b516d23) (ScriptedImporter) -> (artifact id: '4d4b0d9abef8fee2591905ca3b0164bc') in 0.0455035 seconds
Number of updated asset objects reloaded before import = 0Number of asset objects unloaded after import = 0

========================================================================
Received Import Request.
  Time since last request: 0.000044 seconds.
  path: Assets/TextMesh Pro/Examples & Extras/Resources/Fonts & Materials/Unity SDF - HDRP LIT - Bloom.mat
  artifactKey: Guid(8d176c01131de8f46ad61094e29d79b2) Importer(2089858483,0ecaa5967403d082aa24f35e1b516d23)
Start importing Assets/TextMesh Pro/Examples & Extras/Resources/Fonts & Materials/Unity SDF - HDRP LIT - Bloom.mat using Guid(8d176c01131de8f46ad61094e29d79b2) Importer(2089858483,0ecaa5967403d082aa24f35e1b516d23) (ScriptedImporter) -> (artifact id: 'f1994c44546b1e1f7efdce33804c910c') in 0.0882792 seconds
Number of updated asset objects reloaded before import = 0Number of asset objects unloaded after import = 3

========================================================================
Received Import Request.
  Time since last request: 0.000053 seconds.
  path: Assets/Textures
  artifactKey: Guid(78293b6f6afc8524fb0ee75fbfc5f72c) Importer(815301076,1909f56bfc062723c751e8b465ee728b)
Start importing Assets/Textures using Guid(78293b6f6afc8524fb0ee75fbfc5f72c) Importer(815301076,1909f56bfc062723c751e8b465ee728b) (PreviewImporter) -> (artifact id: '57ce6818968b538a079759176f19d81f') in 0.0013117 seconds
Number of updated asset objects reloaded before import = 0Number of asset objects unloaded after import = 0

========================================================================
Received Import Request.
  Time since last request: 0.000066 seconds.
  path: Assets/TextMesh Pro/Examples & Extras/Textures/Gradient Vertical (Color).jpg
  artifactKey: Guid(03d0538de6e24c0f819bfc9ce084dfa9) Importer(2089858483,0ecaa5967403d082aa24f35e1b516d23)
Start importing Assets/TextMesh Pro/Examples & Extras/Textures/Gradient Vertical (Color).jpg using Guid(03d0538de6e24c0f819bfc9ce084dfa9) Importer(2089858483,0ecaa5967403d082aa24f35e1b516d23) (ScriptedImporter) -> (artifact id: '90d31249dbe993f34194653f2dfe8b12') in 0.096006 seconds
Number of updated asset objects reloaded before import = 0Number of asset objects unloaded after import = 1

========================================================================
Received Import Request.
  Time since last request: 0.000120 seconds.
  path: Assets/Assets/Font/ImportedFont/Deep Shadow.ttf
  artifactKey: Guid(7a759f93b65842d4a8bd58a3588ada81) Importer(2089858483,0ecaa5967403d082aa24f35e1b516d23)
Start importing Assets/Assets/Font/ImportedFont/Deep Shadow.ttf using Guid(7a759f93b65842d4a8bd58a3588ada81) Importer(2089858483,0ecaa5967403d082aa24f35e1b516d23) (ScriptedImporter) -> (artifact id: '8fa65972b48a9edadd3f266e3225b778') in 0.0960604 seconds
Number of updated asset objects reloaded before import = 0Number of asset objects unloaded after import = 3

========================================================================
Received Import Request.
  Time since last request: 0.000081 seconds.
  path: Assets/Audio/SFX/kick-hardstyle-149795.mp3
  artifactKey: Guid(64a6776da88df244d9214fd12fc306ed) Importer(2089858483,0ecaa5967403d082aa24f35e1b516d23)
Start importing Assets/Audio/SFX/kick-hardstyle-149795.mp3 using Guid(64a6776da88df244d9214fd12fc306ed) Importer(2089858483,0ecaa5967403d082aa24f35e1b516d23) (ScriptedImporter) -> (artifact id: '0965ba05f124d178bf4fd5ac547143f8') in 0.1246171 seconds
Number of updated asset objects reloaded before import = 0Number of asset objects unloaded after import = 1

========================================================================
Received Import Request.
  Time since last request: 0.000043 seconds.
  path: Assets/Settings/URP-HighFidelity-Renderer.asset
  artifactKey: Guid(c40be3174f62c4acf8c1216858c64956) Importer(2089858483,0ecaa5967403d082aa24f35e1b516d23)
Start importing Assets/Settings/URP-HighFidelity-Renderer.asset using Guid(c40be3174f62c4acf8c1216858c64956) Importer(2089858483,0ecaa5967403d082aa24f35e1b516d23) (ScriptedImporter) -> (artifact id: 'b50092f34153a0f189785eb78f137810') in 0.0913217 seconds
Number of updated asset objects reloaded before import = 0Number of asset objects unloaded after import = 1

========================================================================
Received Import Request.
  Time since last request: 0.000062 seconds.
  path: Assets/Scenes/MainMenu.unity
  artifactKey: Guid(5bb40be200116b94ab24454590ca8431) Importer(2089858483,0ecaa5967403d082aa24f35e1b516d23)
Start importing Assets/Scenes/MainMenu.unity using Guid(5bb40be200116b94ab24454590ca8431) Importer(2089858483,0ecaa5967403d082aa24f35e1b516d23) (ScriptedImporter) -> (artifact id: 'ddd68fd143f86de83ee7c4d0c5f0e696') in 0.0583977 seconds
Number of updated asset objects reloaded before import = 0Number of asset objects unloaded after import = 1

========================================================================
Received Import Request.
  Time since last request: 0.000046 seconds.
  path: Assets/TextMesh Pro/Examples & Extras/Fonts/Roboto-Bold.ttf
  artifactKey: Guid(4beb055f07aaff244873dec698d0363e) Importer(2089858483,0ecaa5967403d082aa24f35e1b516d23)
Start importing Assets/TextMesh Pro/Examples & Extras/Fonts/Roboto-Bold.ttf using Guid(4beb055f07aaff244873dec698d0363e) Importer(2089858483,0ecaa5967403d082aa24f35e1b516d23) (ScriptedImporter) -> (artifact id: 'cdd556d9c13aa177901d4a714baeddb3') in 0.0573608 seconds
Number of updated asset objects reloaded before import = 0Number of asset objects unloaded after import = 3

========================================================================
Received Import Request.
  Time since last request: 0.000067 seconds.
  path: Assets/Scripts/Item.cs
  artifactKey: Guid(79480a05706507e46a62dc28464acb70) Importer(2089858483,0ecaa5967403d082aa24f35e1b516d23)
Start importing Assets/Scripts/Item.cs using Guid(79480a05706507e46a62dc28464acb70) Importer(2089858483,0ecaa5967403d082aa24f35e1b516d23) (ScriptedImporter) -> (artifact id: '3ae272b140450b668d2200568a641a2b') in 0.0615397 seconds
Number of updated asset objects reloaded before import = 0Number of asset objects unloaded after import = 0

========================================================================
Received Import Request.
  Time since last request: 0.000094 seconds.
  path: Assets/TextMesh Pro/Examples & Extras/Scenes/17 - Old Computer Terminal.unity
  artifactKey: Guid(3e2e4d7b0bed4cf9ab827e9f32448f69) Importer(2089858483,0ecaa5967403d082aa24f35e1b516d23)
Start importing Assets/TextMesh Pro/Examples & Extras/Scenes/17 - Old Computer Terminal.unity using Guid(3e2e4d7b0bed4cf9ab827e9f32448f69) Importer(2089858483,0ecaa5967403d082aa24f35e1b516d23) (ScriptedImporter) -> (artifact id: 'ac7b85875424282ff3f2e16618044c77') in 0.0400776 seconds
Number of updated asset objects reloaded before import = 0Number of asset objects unloaded after import = 1

========================================================================
Received Import Request.
  Time since last request: 0.000053 seconds.
  path: Assets/Scripts/Timer.cs
  artifactKey: Guid(aa72db8c29264da4b895fd81d5c850c1) Importer(2089858483,0ecaa5967403d082aa24f35e1b516d23)
Start importing Assets/Scripts/Timer.cs using Guid(aa72db8c29264da4b895fd81d5c850c1) Importer(2089858483,0ecaa5967403d082aa24f35e1b516d23) (ScriptedImporter) -> (artifact id: '1c84f6eabf98f5c418ec19124b26ca42') in 0.0410008 seconds
Number of updated asset objects reloaded before import = 0Number of asset objects unloaded after import = 0

========================================================================
Received Import Request.
  Time since last request: 0.000188 seconds.
  path: Assets/TutorialInfo/Scripts/Readme.cs
  artifactKey: Guid(fcf7219bab7fe46a1ad266029b2fee19) Importer(2089858483,0ecaa5967403d082aa24f35e1b516d23)
Start importing Assets/TutorialInfo/Scripts/Readme.cs using Guid(fcf7219bab7fe46a1ad266029b2fee19) Importer(2089858483,0ecaa5967403d082aa24f35e1b516d23) (ScriptedImporter) -> (artifact id: 'b0dc9d8c6d6be108ec59727f264e1a6f') in 0.0506961 seconds
Number of updated asset objects reloaded before import = 0Number of asset objects unloaded after import = 0

========================================================================
Received Import Request.
  Time since last request: 0.000054 seconds.
  path: Assets/Scripts/Paint.cs
  artifactKey: Guid(17118d4ce6a156d46a8ef70609eca47b) Importer(2089858483,0ecaa5967403d082aa24f35e1b516d23)
Start importing Assets/Scripts/Paint.cs using Guid(17118d4ce6a156d46a8ef70609eca47b) Importer(2089858483,0ecaa5967403d082aa24f35e1b516d23) (ScriptedImporter) -> (artifact id: '26cfcc342344c114cdcb32057b8d2438') in 0.0471897 seconds
Number of updated asset objects reloaded before import = 0Number of asset objects unloaded after import = 0

========================================================================
Received Import Request.
  Time since last request: 0.000039 seconds.
  path: Assets/Textures/concrete_Wall_Albedo.jpg
  artifactKey: Guid(a3e168dcdf5f56f44aad44b52c87e64b) Importer(2089858483,0ecaa5967403d082aa24f35e1b516d23)
Start importing Assets/Textures/concrete_Wall_Albedo.jpg using Guid(a3e168dcdf5f56f44aad44b52c87e64b) Importer(2089858483,0ecaa5967403d082aa24f35e1b516d23) (ScriptedImporter) -> (artifact id: 'ba0f909f75e2dc760288ebe3f1fb3ecc') in 0.0709696 seconds
Number of updated asset objects reloaded before import = 0Number of asset objects unloaded after import = 1

========================================================================
Received Import Request.
  Time since last request: 0.000075 seconds.
  path: Assets/TextMesh Pro/Examples & Extras/Scripts/TMPro_InstructionOverlay.cs
  artifactKey: Guid(c3c1afeda5e545e0b19add5373896d2e) Importer(2089858483,0ecaa5967403d082aa24f35e1b516d23)
Start importing Assets/TextMesh Pro/Examples & Extras/Scripts/TMPro_InstructionOverlay.cs using Guid(c3c1afeda5e545e0b19add5373896d2e) Importer(2089858483,0ecaa5967403d082aa24f35e1b516d23) (ScriptedImporter) -> (artifact id: '4f2fc6db85f5f05d99a434d72dea6b06') in 0.0431302 seconds
Number of updated asset objects reloaded before import = 0Number of asset objects unloaded after import = 0

========================================================================
Received Import Request.
  Time since last request: 0.000028 seconds.
  path: Assets/TextMesh Pro/Examples & Extras/Textures/Wipe Pattern - Radial Double.psd
  artifactKey: Guid(7631f4eff8f74ed38eb3eb9db17134e1) Importer(2089858483,0ecaa5967403d082aa24f35e1b516d23)
Start importing Assets/TextMesh Pro/Examples & Extras/Textures/Wipe Pattern - Radial Double.psd using Guid(7631f4eff8f74ed38eb3eb9db17134e1) Importer(2089858483,0ecaa5967403d082aa24f35e1b516d23) (ScriptedImporter) -> (artifact id: 'e10002ea71158d4ae32d85a9b75957d4') in 0.0385632 seconds
Number of updated asset objects reloaded before import = 0Number of asset objects unloaded after import = 1

========================================================================
Received Import Request.
  Time since last request: 0.000046 seconds.
  path: Assets/TextMesh Pro/Resources/Sprite Assets/EmojiOne.asset
  artifactKey: Guid(c41005c129ba4d66911b75229fd70b45) Importer(2089858483,0ecaa5967403d082aa24f35e1b516d23)
Start importing Assets/TextMesh Pro/Resources/Sprite Assets/EmojiOne.asset using Guid(c41005c129ba4d66911b75229fd70b45) Importer(2089858483,0ecaa5967403d082aa24f35e1b516d23) (ScriptedImporter) -> (artifact id: '80e9d9832be8e9d07513cd85cc994818') in 0.0218155 seconds
Number of updated asset objects reloaded before import = 0Number of asset objects unloaded after import = 3

========================================================================
Received Import Request.
  Time since last request: 0.000037 seconds.
  path: Assets/Audio/Music/F.P Schubert  5 Piano Pieces D 459 Allegro 🎹 Musique classique libre de droits à télécharger 🎹.mp3
  artifactKey: Guid(6f704540a3fe31b49916d84b2bb264ca) Importer(2089858483,0ecaa5967403d082aa24f35e1b516d23)
Start importing Assets/Audio/Music/F.P Schubert  5 Piano Pieces D 459 Allegro 🎹 Musique classique libre de droits à télécharger 🎹.mp3 using Guid(6f704540a3fe31b49916d84b2bb264ca) Importer(2089858483,0ecaa5967403d082aa24f35e1b516d23) (ScriptedImporter) -> (artifact id: 'cbacfb5524eb42bdd5d9d7351c348cc5') in 0.0500035 seconds
Number of updated asset objects reloaded before import = 0Number of asset objects unloaded after import = 1

========================================================================
Received Import Request.
  Time since last request: 0.000026 seconds.
  path: Assets/TextMesh Pro/Shaders/TMP_Bitmap-Mobile.shader
  artifactKey: Guid(1e3b057af24249748ff873be7fafee47) Importer(2089858483,0ecaa5967403d082aa24f35e1b516d23)
Start importing Assets/TextMesh Pro/Shaders/TMP_Bitmap-Mobile.shader using Guid(1e3b057af24249748ff873be7fafee47) Importer(2089858483,0ecaa5967403d082aa24f35e1b516d23) (ScriptedImporter) -> (artifact id: 'b8951c21e0d30e5bda9b89292d7e438d') in 0.0261261 seconds
Number of updated asset objects reloaded before import = 0Number of asset objects unloaded after import = 1

========================================================================
Received Import Request.
  Time since last request: 0.000038 seconds.
  path: Assets/Prefab/Item/CritticBullet.prefab
  artifactKey: Guid(3529081571bef8e419b8e2017b685336) Importer(2089858483,0ecaa5967403d082aa24f35e1b516d23)
Start importing Assets/Prefab/Item/CritticBullet.prefab using Guid(3529081571bef8e419b8e2017b685336) Importer(2089858483,0ecaa5967403d082aa24f35e1b516d23) (ScriptedImporter) -> (artifact id: 'e7811d0c988b1af28194abb6d4f74bf2') in 0.0288109 seconds
Number of updated asset objects reloaded before import = 0Number of asset objects unloaded after import = 9

========================================================================
Received Import Request.
  Time since last request: 0.000037 seconds.
  path: Assets/TextMesh Pro/Examples & Extras/Resources/Fonts & Materials/LiberationSans SDF - Soft Mask.mat
  artifactKey: Guid(42df1c7856584b6b8db9a509b6b10074) Importer(2089858483,0ecaa5967403d082aa24f35e1b516d23)
Start importing Assets/TextMesh Pro/Examples & Extras/Resources/Fonts & Materials/LiberationSans SDF - Soft Mask.mat using Guid(42df1c7856584b6b8db9a509b6b10074) Importer(2089858483,0ecaa5967403d082aa24f35e1b516d23) (ScriptedImporter) -> (artifact id: '34c802bf5ac377ccc19af0a0700823a1') in 0.0394435 seconds
Number of updated asset objects reloaded before import = 0Number of asset objects unloaded after import = 3

========================================================================
Received Import Request.
  Time since last request: 0.000027 seconds.
  path: Assets/TextMesh Pro/Examples & Extras/Fonts/Roboto-Bold - AFL.txt
  artifactKey: Guid(f28c334d44214474d9702d3ad79ecb0a) Importer(2089858483,0ecaa5967403d082aa24f35e1b516d23)
Start importing Assets/TextMesh Pro/Examples & Extras/Fonts/Roboto-Bold - AFL.txt using Guid(f28c334d44214474d9702d3ad79ecb0a) Importer(2089858483,0ecaa5967403d082aa24f35e1b516d23) (ScriptedImporter) -> (artifact id: '98d3a90f7d2613b82d9681ddfdc6732e') in 0.0247549 seconds
Number of updated asset objects reloaded before import = 0Number of asset objects unloaded after import = 1

========================================================================
Received Import Request.
  Time since last request: 0.000028 seconds.
  path: Assets/Prefab/Item/RedDye.prefab
  artifactKey: Guid(392a588e5f198fc4ba2a12f08cad404d) Importer(2089858483,0ecaa5967403d082aa24f35e1b516d23)
Start importing Assets/Prefab/Item/RedDye.prefab using Guid(392a588e5f198fc4ba2a12f08cad404d) Importer(2089858483,0ecaa5967403d082aa24f35e1b516d23) (ScriptedImporter) -> (artifact id: 'b2c7c5cdc77f6e5f13878f5e02628f7e') in 0.0435182 seconds
Number of updated asset objects reloaded before import = 0Number of asset objects unloaded after import = 9

========================================================================
Received Import Request.
  Time since last request: 0.000036 seconds.
  path: Assets/TextMesh Pro/Examples & Extras/Fonts/Unity.ttf
  artifactKey: Guid(f4eec857a4fdf2f43be0e9f3d1a984e7) Importer(2089858483,0ecaa5967403d082aa24f35e1b516d23)
Start importing Assets/TextMesh Pro/Examples & Extras/Fonts/Unity.ttf using Guid(f4eec857a4fdf2f43be0e9f3d1a984e7) Importer(2089858483,0ecaa5967403d082aa24f35e1b516d23) (ScriptedImporter) -> (artifact id: '74eb3149770d7388148b86a465e815f3') in 0.0257179 seconds
Number of updated asset objects reloaded before import = 0Number of asset objects unloaded after import = 3

========================================================================
Received Import Request.
  Time since last request: 0.000026 seconds.
  path: Assets/TextMesh Pro/Examples & Extras/Textures/Sunny Days - Seamless.jpg
  artifactKey: Guid(17c350171f7a3ca479f830547c66d187) Importer(2089858483,0ecaa5967403d082aa24f35e1b516d23)
Start importing Assets/TextMesh Pro/Examples & Extras/Textures/Sunny Days - Seamless.jpg using Guid(17c350171f7a3ca479f830547c66d187) Importer(2089858483,0ecaa5967403d082aa24f35e1b516d23) (ScriptedImporter) -> (artifact id: '0bd8cbd7283040ec2ffaa39b70518cab') in 0.0314968 seconds
Number of updated asset objects reloaded before import = 0Number of asset objects unloaded after import = 1

========================================================================
Received Import Request.
  Time since last request: 0.000026 seconds.
  path: Assets/TextMesh Pro/Examples & Extras/Scenes/21 - Script Example.unity
  artifactKey: Guid(50f52f9274434ecfb34dd87f0836f323) Importer(2089858483,0ecaa5967403d082aa24f35e1b516d23)
Start importing Assets/TextMesh Pro/Examples & Extras/Scenes/21 - Script Example.unity using Guid(50f52f9274434ecfb34dd87f0836f323) Importer(2089858483,0ecaa5967403d082aa24f35e1b516d23) (ScriptedImporter) -> (artifact id: '9227fb37fec98615928f760752437f0a') in 0.0255686 seconds
Number of updated asset objects reloaded before import = 0Number of asset objects unloaded after import = 1

========================================================================
Received Import Request.
  Time since last request: 0.000028 seconds.
  path: Assets/TextMesh Pro/Examples & Extras/Prefabs/Text Popup.prefab
  artifactKey: Guid(b06f0e6c1dfa4356ac918da1bb32c603) Importer(2089858483,0ecaa5967403d082aa24f35e1b516d23)
Start importing Assets/TextMesh Pro/Examples & Extras/Prefabs/Text Popup.prefab using Guid(b06f0e6c1dfa4356ac918da1bb32c603) Importer(2089858483,0ecaa5967403d082aa24f35e1b516d23) (ScriptedImporter) -> (artifact id: '19e76513c9293b9bdf18249f15d67e0a') in 0.1517997 seconds
Number of updated asset objects reloaded before import = 0Number of asset objects unloaded after import = 21

========================================================================
Received Import Request.
  Time since last request: 0.000039 seconds.
  path: Assets/Scripts/EnemySpawn.cs
  artifactKey: Guid(b554412e3cbee594186c7d02b1232c95) Importer(2089858483,0ecaa5967403d082aa24f35e1b516d23)
Start importing Assets/Scripts/EnemySpawn.cs using Guid(b554412e3cbee594186c7d02b1232c95) Importer(2089858483,0ecaa5967403d082aa24f35e1b516d23) (ScriptedImporter) -> (artifact id: '058ebd23b903dd44b99e93a774d2f7de') in 0.0220607 seconds
Number of updated asset objects reloaded before import = 0Number of asset objects unloaded after import = 0

========================================================================
Received Import Request.
  Time since last request: 0.000048 seconds.
  path: Assets/TextMesh Pro/Examples & Extras/Scripts/Benchmark03.cs
  artifactKey: Guid(a73109742c8d47ac822895a473300c29) Importer(2089858483,0ecaa5967403d082aa24f35e1b516d23)
Start importing Assets/TextMesh Pro/Examples & Extras/Scripts/Benchmark03.cs using Guid(a73109742c8d47ac822895a473300c29) Importer(2089858483,0ecaa5967403d082aa24f35e1b516d23) (ScriptedImporter) -> (artifact id: 'f932aa3e354f17e8380d715dbafd7d6a') in 0.1550584 seconds
Number of updated asset objects reloaded before import = 0Number of asset objects unloaded after import = 0

========================================================================
Received Import Request.
  Time since last request: 0.000073 seconds.
  path: Assets/TextMesh Pro/Examples & Extras/Resources/Fonts & Materials/Anton SDF - Drop Shadow.mat
  artifactKey: Guid(749b9069dc4742c5bfa5c74644049926) Importer(2089858483,0ecaa5967403d082aa24f35e1b516d23)
Start importing Assets/TextMesh Pro/Examples & Extras/Resources/Fonts & Materials/Anton SDF - Drop Shadow.mat using Guid(749b9069dc4742c5bfa5c74644049926) Importer(2089858483,0ecaa5967403d082aa24f35e1b516d23) (ScriptedImporter) -> (artifact id: 'b2f2b04eb0ed4dae125a2dfe34d696b9') in 0.1035386 seconds
Number of updated asset objects reloaded before import = 0Number of asset objects unloaded after import = 2

========================================================================
Received Import Request.
  Time since last request: 0.000041 seconds.
  path: Assets/TutorialInfo
  artifactKey: Guid(ba062aa6c92b140379dbc06b43dd3b9b) Importer(815301076,1909f56bfc062723c751e8b465ee728b)
Start importing Assets/TutorialInfo using Guid(ba062aa6c92b140379dbc06b43dd3b9b) Importer(815301076,1909f56bfc062723c751e8b465ee728b) (PreviewImporter) -> (artifact id: '0071cc214c7aa6e6ff730080dacceb93') in 0.0011119 seconds
Number of updated asset objects reloaded before import = 0Number of asset objects unloaded after import = 0

========================================================================
Received Import Request.
  Time since last request: 0.000083 seconds.
  path: Assets/TextMesh Pro/Examples & Extras/Resources/Fonts & Materials/Anton SDF - Outline.mat
  artifactKey: Guid(a00013af81304728b2be1f4309ee2433) Importer(2089858483,0ecaa5967403d082aa24f35e1b516d23)
Start importing Assets/TextMesh Pro/Examples & Extras/Resources/Fonts & Materials/Anton SDF - Outline.mat using Guid(a00013af81304728b2be1f4309ee2433) Importer(2089858483,0ecaa5967403d082aa24f35e1b516d23) (ScriptedImporter) -> (artifact id: '2893ac14852e7b9b6cee99abf300b2a4') in 0.0570237 seconds
Number of updated asset objects reloaded before import = 0Number of asset objects unloaded after import = 2

========================================================================
Received Import Request.
  Time since last request: 0.000048 seconds.
  path: Assets/UniversalRenderPipelineGlobalSettings.asset
  artifactKey: Guid(18dc0cd2c080841dea60987a38ce93fa) Importer(2089858483,0ecaa5967403d082aa24f35e1b516d23)
Start importing Assets/UniversalRenderPipelineGlobalSettings.asset using Guid(18dc0cd2c080841dea60987a38ce93fa) Importer(2089858483,0ecaa5967403d082aa24f35e1b516d23) (ScriptedImporter) -> (artifact id: '26840bff0b2357e02be0a30f79a93b9f') in 0.2968004 seconds
Number of updated asset objects reloaded before import = 0Number of asset objects unloaded after import = 0

========================================================================
Received Import Request.
  Time since last request: 0.000073 seconds.
  path: Assets/TextMesh Pro/Examples & Extras/Resources/Fonts & Materials/Anton SDF.asset
  artifactKey: Guid(8a89fa14b10d46a99122fd4f73fca9a2) Importer(2089858483,0ecaa5967403d082aa24f35e1b516d23)
Start importing Assets/TextMesh Pro/Examples & Extras/Resources/Fonts & Materials/Anton SDF.asset using Guid(8a89fa14b10d46a99122fd4f73fca9a2) Importer(2089858483,0ecaa5967403d082aa24f35e1b516d23) (ScriptedImporter) -> (artifact id: '93e52f0b366684faa1365af1fefd12a2') in 0.0802779 seconds
Number of updated asset objects reloaded before import = 0Number of asset objects unloaded after import = 5

========================================================================
Received Import Request.
  Time since last request: 0.000047 seconds.
  path: Assets/Scripts/AtelierPlayerMovement.cs
  artifactKey: Guid(a0c702458e3cc424cbc897eed460a2a7) Importer(2089858483,0ecaa5967403d082aa24f35e1b516d23)
Start importing Assets/Scripts/AtelierPlayerMovement.cs using Guid(a0c702458e3cc424cbc897eed460a2a7) Importer(2089858483,0ecaa5967403d082aa24f35e1b516d23) (ScriptedImporter) -> (artifact id: '0f77562dcd3cf70410cf085fee70bff8') in 0.0430096 seconds
Number of updated asset objects reloaded before import = 0Number of asset objects unloaded after import = 0

========================================================================
Received Import Request.
  Time since last request: 0.000073 seconds.
  path: Assets/Scripts/Paintable.cs
  artifactKey: Guid(7bd34569dddff6448be6fa769f7a419c) Importer(2089858483,0ecaa5967403d082aa24f35e1b516d23)
Start importing Assets/Scripts/Paintable.cs using Guid(7bd34569dddff6448be6fa769f7a419c) Importer(2089858483,0ecaa5967403d082aa24f35e1b516d23) (ScriptedImporter) -> (artifact id: '5d8a17d5199fca952fb1a940c8ea7b3b') in 0.0564612 seconds
Number of updated asset objects reloaded before import = 0Number of asset objects unloaded after import = 0

========================================================================
Received Import Request.
  Time since last request: 0.000041 seconds.
  path: Assets/Assets/Font/ImportedFont/Deep Shadow Under.ttf
  artifactKey: Guid(b103b278d3157f64d8474ef7e3e8f148) Importer(2089858483,0ecaa5967403d082aa24f35e1b516d23)
Start importing Assets/Assets/Font/ImportedFont/Deep Shadow Under.ttf using Guid(b103b278d3157f64d8474ef7e3e8f148) Importer(2089858483,0ecaa5967403d082aa24f35e1b516d23) (ScriptedImporter) -> (artifact id: 'ac407f53d1ed90cb70e78f0a7d53f34d') in 0.107314 seconds
Number of updated asset objects reloaded before import = 0Number of asset objects unloaded after import = 3

========================================================================
Received Import Request.
  Time since last request: 0.000036 seconds.
  path: Assets/TutorialInfo/Scripts
  artifactKey: Guid(5a9bcd70e6a4b4b05badaa72e827d8e0) Importer(815301076,1909f56bfc062723c751e8b465ee728b)
Start importing Assets/TutorialInfo/Scripts using Guid(5a9bcd70e6a4b4b05badaa72e827d8e0) Importer(815301076,1909f56bfc062723c751e8b465ee728b) (PreviewImporter) -> (artifact id: 'daa0ee15e127744276225ba98f34da91') in 0.0012578 seconds
Number of updated asset objects reloaded before import = 0Number of asset objects unloaded after import = 0

========================================================================
Received Import Request.
  Time since last request: 0.000109 seconds.
  path: Assets/Assets/Font/Melted Monster SDF.asset
  artifactKey: Guid(e77cd50e2f8837144aef229765f031bd) Importer(2089858483,0ecaa5967403d082aa24f35e1b516d23)
Start importing Assets/Assets/Font/Melted Monster SDF.asset using Guid(e77cd50e2f8837144aef229765f031bd) Importer(2089858483,0ecaa5967403d082aa24f35e1b516d23) (ScriptedImporter) -> (artifact id: '5eac01be6dcf14c840876828a0488729') in 0.1338369 seconds
Number of updated asset objects reloaded before import = 0Number of asset objects unloaded after import = 3

========================================================================
Received Import Request.
  Time since last request: 0.000079 seconds.
  path: Assets/Assets/Font/ImportedFont/pixelmix.ttf
  artifactKey: Guid(38194a15dcc5ad446a7b8cd0162c978e) Importer(2089858483,0ecaa5967403d082aa24f35e1b516d23)
Start importing Assets/Assets/Font/ImportedFont/pixelmix.ttf using Guid(38194a15dcc5ad446a7b8cd0162c978e) Importer(2089858483,0ecaa5967403d082aa24f35e1b516d23) (ScriptedImporter) -> (artifact id: '73bd8e50c2189df2eeca80658a3f5cb7') in 0.0593258 seconds
Number of updated asset objects reloaded before import = 0Number of asset objects unloaded after import = 3

========================================================================
Received Import Request.
  Time since last request: 0.000061 seconds.
  path: Assets/Animation/Player.controller
  artifactKey: Guid(77d804687e96eff4587b569002920a02) Importer(2089858483,0ecaa5967403d082aa24f35e1b516d23)
Start importing Assets/Animation/Player.controller using Guid(77d804687e96eff4587b569002920a02) Importer(2089858483,0ecaa5967403d082aa24f35e1b516d23) (ScriptedImporter) -> (artifact id: 'd800066ac10a06bb6a4e0925748483b1') in 0.0718501 seconds
Number of updated asset objects reloaded before import = 0Number of asset objects unloaded after import = 31

========================================================================
Received Import Request.
  Time since last request: 0.000068 seconds.
  path: Assets/TextMesh Pro/Examples & Extras/Resources/Fonts & Materials/Bangers SDF.asset
  artifactKey: Guid(125cb55b44b24c4393181402bc6200e6) Importer(2089858483,0ecaa5967403d082aa24f35e1b516d23)
Start importing Assets/TextMesh Pro/Examples & Extras/Resources/Fonts & Materials/Bangers SDF.asset using Guid(125cb55b44b24c4393181402bc6200e6) Importer(2089858483,0ecaa5967403d082aa24f35e1b516d23) (ScriptedImporter) -> (artifact id: 'dc60b71e9e0a80d6fde0b8efe296767d') in 0.0843854 seconds
Number of updated asset objects reloaded before import = 0Number of asset objects unloaded after import = 5

========================================================================
Received Import Request.
  Time since last request: 0.000109 seconds.
  path: Assets/Prefab/Item/OrangeDye.prefab
  artifactKey: Guid(71f18bd0f05cad44a94ca6bcfd52333f) Importer(2089858483,0ecaa5967403d082aa24f35e1b516d23)
Start importing Assets/Prefab/Item/OrangeDye.prefab using Guid(71f18bd0f05cad44a94ca6bcfd52333f) Importer(2089858483,0ecaa5967403d082aa24f35e1b516d23) (ScriptedImporter) -> (artifact id: '0b2fa2c27e2210b926aaae1ccdb59c1c') in 0.0714567 seconds
Number of updated asset objects reloaded before import = 0Number of asset objects unloaded after import = 9

========================================================================
Received Import Request.
  Time since last request: 0.000060 seconds.
  path: Assets/Prefab/Slot.prefab
  artifactKey: Guid(451a963908d309b49aa15f2051da8535) Importer(2089858483,0ecaa5967403d082aa24f35e1b516d23)
Start importing Assets/Prefab/Slot.prefab using Guid(451a963908d309b49aa15f2051da8535) Importer(2089858483,0ecaa5967403d082aa24f35e1b516d23) (ScriptedImporter) -> (artifact id: '4283357300882230f7d1d36a3d52dfb6') in 0.1670811 seconds
Number of updated asset objects reloaded before import = 0Number of asset objects unloaded after import = 18

========================================================================
Received Import Request.
  Time since last request: 0.000055 seconds.
  path: Assets/TextMesh Pro/Examples & Extras/Materials/Ground - URP.mat
  artifactKey: Guid(71529b88994c1a341b22bc57c038674a) Importer(2089858483,0ecaa5967403d082aa24f35e1b516d23)
Start importing Assets/TextMesh Pro/Examples & Extras/Materials/Ground - URP.mat using Guid(71529b88994c1a341b22bc57c038674a) Importer(2089858483,0ecaa5967403d082aa24f35e1b516d23) (ScriptedImporter) -> (artifact id: 'db0616033b2a9ac4551b1271232ac44c') in 0.0556932 seconds
Number of updated asset objects reloaded before import = 0Number of asset objects unloaded after import = 2

========================================================================
Received Import Request.
  Time since last request: 0.000042 seconds.
  path: Assets/Scripts/StateVariableController.cs
  artifactKey: Guid(76fa4238d8fbada44a9b37a4472998d7) Importer(2089858483,0ecaa5967403d082aa24f35e1b516d23)
Start importing Assets/Scripts/StateVariableController.cs using Guid(76fa4238d8fbada44a9b37a4472998d7) Importer(2089858483,0ecaa5967403d082aa24f35e1b516d23) (ScriptedImporter) -> (artifact id: '775d809256db8417f2f9ae96ed4af1e5') in 0.0599022 seconds
Number of updated asset objects reloaded before import = 0Number of asset objects unloaded after import = 0

========================================================================
Received Import Request.
  Time since last request: 0.000066 seconds.
  path: Assets/Prefab/MapPrefab/GameController.prefab
  artifactKey: Guid(6ac3ced7deaf21447a88acbb629141a6) Importer(2089858483,0ecaa5967403d082aa24f35e1b516d23)
Start importing Assets/Prefab/MapPrefab/GameController.prefab using Guid(6ac3ced7deaf21447a88acbb629141a6) Importer(2089858483,0ecaa5967403d082aa24f35e1b516d23) (ScriptedImporter) -> (artifact id: 'c3cd4a107b51fb214e2cfcbd83d06475') in 0.1088542 seconds
Number of updated asset objects reloaded before import = 0Number of asset objects unloaded after import = 148

========================================================================
Received Import Request.
  Time since last request: 0.000051 seconds.
  path: Assets/Prefab/MapPrefab/Circle.prefab
  artifactKey: Guid(174c69fb5fb0f804e92be55dfcd4c653) Importer(2089858483,0ecaa5967403d082aa24f35e1b516d23)
Start importing Assets/Prefab/MapPrefab/Circle.prefab using Guid(174c69fb5fb0f804e92be55dfcd4c653) Importer(2089858483,0ecaa5967403d082aa24f35e1b516d23) (ScriptedImporter) -> (artifact id: 'b3891eaff44ebf9651142f9b81ab0210') in 0.0505138 seconds
Number of updated asset objects reloaded before import = 0Number of asset objects unloaded after import = 5

========================================================================
Received Import Request.
  Time since last request: 0.000080 seconds.
  path: Assets/Assets/Font/Deep Shadow Over SDF.asset
  artifactKey: Guid(18dfd805d23d28b42957f4af2f3bbf3b) Importer(2089858483,0ecaa5967403d082aa24f35e1b516d23)
Start importing Assets/Assets/Font/Deep Shadow Over SDF.asset using Guid(18dfd805d23d28b42957f4af2f3bbf3b) Importer(2089858483,0ecaa5967403d082aa24f35e1b516d23) (ScriptedImporter) -> (artifact id: '07de3ddf51e8281cb174f919e5d19ec8') in 0.0901812 seconds
Number of updated asset objects reloaded before import = 0Number of asset objects unloaded after import = 3

========================================================================
Received Import Request.
  Time since last request: 0.000036 seconds.
  path: Assets/TextMesh Pro/Examples & Extras/Scenes/05 - Style Tags.unity
  artifactKey: Guid(70615243e2be4a81afaab9bf5d273d65) Importer(2089858483,0ecaa5967403d082aa24f35e1b516d23)
Start importing Assets/TextMesh Pro/Examples & Extras/Scenes/05 - Style Tags.unity using Guid(70615243e2be4a81afaab9bf5d273d65) Importer(2089858483,0ecaa5967403d082aa24f35e1b516d23) (ScriptedImporter) -> (artifact id: 'ed4f73fa36475df2884d86e0d1571e62') in 0.0434798 seconds
Number of updated asset objects reloaded before import = 0Number of asset objects unloaded after import = 1

========================================================================
Received Import Request.
  Time since last request: 0.000053 seconds.
  path: Assets/TextMesh Pro/Examples & Extras/Materials/Crate - URP.mat
  artifactKey: Guid(3b5cc91c3bf8cf74391252247f52fb59) Importer(2089858483,0ecaa5967403d082aa24f35e1b516d23)
Start importing Assets/TextMesh Pro/Examples & Extras/Materials/Crate - URP.mat using Guid(3b5cc91c3bf8cf74391252247f52fb59) Importer(2089858483,0ecaa5967403d082aa24f35e1b516d23) (ScriptedImporter) -> (artifact id: 'c5e119ffcf53768fa6ae0c93788154f2') in 0.0553557 seconds
Number of updated asset objects reloaded before import = 0Number of asset objects unloaded after import = 3

========================================================================
Received Import Request.
  Time since last request: 0.000100 seconds.
  path: Assets/Animation/PlayerWalkFront.anim
  artifactKey: Guid(1e7a38006df633b4a9667047460a735c) Importer(2089858483,0ecaa5967403d082aa24f35e1b516d23)
Start importing Assets/Animation/PlayerWalkFront.anim using Guid(1e7a38006df633b4a9667047460a735c) Importer(2089858483,0ecaa5967403d082aa24f35e1b516d23) (ScriptedImporter) -> (artifact id: '18f822a9a0362cc317a9e62f796c60d3') in 0.0836492 seconds
Number of updated asset objects reloaded before import = 0Number of asset objects unloaded after import = 1

========================================================================
Received Import Request.
  Time since last request: 0.000077 seconds.
  path: Assets/Assets/Font/ImportedFont/KiwiSoda.ttf
  artifactKey: Guid(b5bd5a607ba78074b9801c9947ba551e) Importer(2089858483,0ecaa5967403d082aa24f35e1b516d23)
Start importing Assets/Assets/Font/ImportedFont/KiwiSoda.ttf using Guid(b5bd5a607ba78074b9801c9947ba551e) Importer(2089858483,0ecaa5967403d082aa24f35e1b516d23) (ScriptedImporter) -> (artifact id: '6178f09887974d84aa90b32ebc193edb') in 0.0564602 seconds
Number of updated asset objects reloaded before import = 0Number of asset objects unloaded after import = 3

========================================================================
Received Import Request.
  Time since last request: 0.000038 seconds.
  path: Assets/TextMesh Pro/Examples & Extras/Textures/Text Overflow - Linked Text UI Screenshot.png
  artifactKey: Guid(c76d18757a194d618355f05f815cb0a1) Importer(2089858483,0ecaa5967403d082aa24f35e1b516d23)
Start importing Assets/TextMesh Pro/Examples & Extras/Textures/Text Overflow - Linked Text UI Screenshot.png using Guid(c76d18757a194d618355f05f815cb0a1) Importer(2089858483,0ecaa5967403d082aa24f35e1b516d23) (ScriptedImporter) -> (artifact id: '83ee604d163384ac7cf52607247e62e8') in 0.0622522 seconds
Number of updated asset objects reloaded before import = 0Number of asset objects unloaded after import = 1

========================================================================
Received Import Request.
  Time since last request: 0.000038 seconds.
  path: Assets/TutorialInfo/Scripts/Editor/ReadmeEditor.cs
  artifactKey: Guid(476cc7d7cd9874016adc216baab94a0a) Importer(2089858483,0ecaa5967403d082aa24f35e1b516d23)
Start importing Assets/TutorialInfo/Scripts/Editor/ReadmeEditor.cs using Guid(476cc7d7cd9874016adc216baab94a0a) Importer(2089858483,0ecaa5967403d082aa24f35e1b516d23) (ScriptedImporter) -> (artifact id: '9a8adbc34b8268fe2b1dff8cec6b3299') in 0.0218736 seconds
Number of updated asset objects reloaded before import = 0Number of asset objects unloaded after import = 0

========================================================================
Received Import Request.
  Time since last request: 0.000055 seconds.
  path: Assets/Animation/PlayerHurt.anim
  artifactKey: Guid(31ab396bb1639594292507751ff9b534) Importer(2089858483,0ecaa5967403d082aa24f35e1b516d23)
Start importing Assets/Animation/PlayerHurt.anim using Guid(31ab396bb1639594292507751ff9b534) Importer(2089858483,0ecaa5967403d082aa24f35e1b516d23) (ScriptedImporter) -> (artifact id: '40ea9e2358865c2354f668ee30cd57fe') in 0.0221761 seconds
Number of updated asset objects reloaded before import = 0Number of asset objects unloaded after import = 1

========================================================================
Received Import Request.
  Time since last request: 0.000026 seconds.
  path: Assets/Animation/PlayerWalkBack.anim
  artifactKey: Guid(dc84d7a7e9b02b044a77be4ce7191eb4) Importer(2089858483,0ecaa5967403d082aa24f35e1b516d23)
Start importing Assets/Animation/PlayerWalkBack.anim using Guid(dc84d7a7e9b02b044a77be4ce7191eb4) Importer(2089858483,0ecaa5967403d082aa24f35e1b516d23) (ScriptedImporter) -> (artifact id: '5d7964e43700de0e173a3e81d4e7bd2d') in 0.0212723 seconds
Number of updated asset objects reloaded before import = 0Number of asset objects unloaded after import = 1

========================================================================
Received Import Request.
  Time since last request: 0.000039 seconds.
  path: Assets/Scripts/AudioManager.cs
  artifactKey: Guid(a7b96c53932062b4e945ae4e163438db) Importer(2089858483,0ecaa5967403d082aa24f35e1b516d23)
Start importing Assets/Scripts/AudioManager.cs using Guid(a7b96c53932062b4e945ae4e163438db) Importer(2089858483,0ecaa5967403d082aa24f35e1b516d23) (ScriptedImporter) -> (artifact id: '90f53d2f834a9a6951dce071a9495fae') in 0.0217397 seconds
Number of updated asset objects reloaded before import = 0Number of asset objects unloaded after import = 0

========================================================================
Received Import Request.
  Time since last request: 0.000035 seconds.
  path: Assets/TextMesh Pro/Examples & Extras/Scenes/16 - Linked text overflow mode example.unity
  artifactKey: Guid(9442cda25baa4a0bb544c4d095b00caa) Importer(2089858483,0ecaa5967403d082aa24f35e1b516d23)
Start importing Assets/TextMesh Pro/Examples & Extras/Scenes/16 - Linked text overflow mode example.unity using Guid(9442cda25baa4a0bb544c4d095b00caa) Importer(2089858483,0ecaa5967403d082aa24f35e1b516d23) (ScriptedImporter) -> (artifact id: '317c03721c6caa3f8c959d49dadfe691') in 0.0196516 seconds
Number of updated asset objects reloaded before import = 0Number of asset objects unloaded after import = 1

========================================================================
Received Import Request.
  Time since last request: 0.000025 seconds.
  path: Assets/Scripts/Item/CritticBullet.asset
  artifactKey: Guid(12baa351da4dfb44f93add4e45d960f1) Importer(2089858483,0ecaa5967403d082aa24f35e1b516d23)
Start importing Assets/Scripts/Item/CritticBullet.asset using Guid(12baa351da4dfb44f93add4e45d960f1) Importer(2089858483,0ecaa5967403d082aa24f35e1b516d23) (ScriptedImporter) -> (artifact id: '2faced1bb52b5604e4ba02fd79ea4c4f') in 0.0230504 seconds
Number of updated asset objects reloaded before import = 0Number of asset objects unloaded after import = 8

========================================================================
Received Import Request.
  Time since last request: 0.000026 seconds.
  path: Assets/TextMesh Pro/Examples & Extras/Scenes/26 - Dropdown Placeholder Example.unity
  artifactKey: Guid(0851605490a599b46b6ac5cb681d93ea) Importer(2089858483,0ecaa5967403d082aa24f35e1b516d23)
Start importing Assets/TextMesh Pro/Examples & Extras/Scenes/26 - Dropdown Placeholder Example.unity using Guid(0851605490a599b46b6ac5cb681d93ea) Importer(2089858483,0ecaa5967403d082aa24f35e1b516d23) (ScriptedImporter) -> (artifact id: '148a5732129ecda2f6f1fd3dd4fb3dc5') in 0.0198931 seconds
Number of updated asset objects reloaded before import = 0Number of asset objects unloaded after import = 1

========================================================================
Received Import Request.
  Time since last request: 0.000030 seconds.
  path: Assets/Assets/Prototype_Player.png
  artifactKey: Guid(fdd70aab1f05e9348b4da660e2f126f1) Importer(2089858483,0ecaa5967403d082aa24f35e1b516d23)
Start importing Assets/Assets/Prototype_Player.png using Guid(fdd70aab1f05e9348b4da660e2f126f1) Importer(2089858483,0ecaa5967403d082aa24f35e1b516d23) (ScriptedImporter) -> (artifact id: 'ec678dd8c7a565e18971de1107fbb7e4') in 0.056671 seconds
Number of updated asset objects reloaded before import = 0Number of asset objects unloaded after import = 21

========================================================================
Received Import Request.
  Time since last request: 0.000044 seconds.
  path: Assets/Scripts/Credit.cs
  artifactKey: Guid(569963e198804444b93e1953f33a74d8) Importer(2089858483,0ecaa5967403d082aa24f35e1b516d23)
Start importing Assets/Scripts/Credit.cs using Guid(569963e198804444b93e1953f33a74d8) Importer(2089858483,0ecaa5967403d082aa24f35e1b516d23) (ScriptedImporter) -> (artifact id: '4e940e2f4922e14eaca1c300e478764c') in 0.0211392 seconds
Number of updated asset objects reloaded before import = 0Number of asset objects unloaded after import = 0

========================================================================
Received Import Request.
  Time since last request: 0.000026 seconds.
  path: Assets/Animation/UI/Text.anim
  artifactKey: Guid(eb43856e693b59d409a2f75c698f8a22) Importer(2089858483,0ecaa5967403d082aa24f35e1b516d23)
Start importing Assets/Animation/UI/Text.anim using Guid(eb43856e693b59d409a2f75c698f8a22) Importer(2089858483,0ecaa5967403d082aa24f35e1b516d23) (ScriptedImporter) -> (artifact id: '93f1f8582c26108dc2784863c8229a25') in 0.0303829 seconds
Number of updated asset objects reloaded before import = 0Number of asset objects unloaded after import = 1

========================================================================
Received Import Request.
  Time since last request: 0.000038 seconds.
  path: Assets/TextMesh Pro/Examples & Extras/Scripts/VertexColorCycler.cs
  artifactKey: Guid(91b8ba3d52e041fab2d0e0f169855539) Importer(2089858483,0ecaa5967403d082aa24f35e1b516d23)
Start importing Assets/TextMesh Pro/Examples & Extras/Scripts/VertexColorCycler.cs using Guid(91b8ba3d52e041fab2d0e0f169855539) Importer(2089858483,0ecaa5967403d082aa24f35e1b516d23) (ScriptedImporter) -> (artifact id: '3ff033aabe3c397d682ac3578a6ecdd2') in 0.0199114 seconds
Number of updated asset objects reloaded before import = 0Number of asset objects unloaded after import = 0

========================================================================
Received Import Request.
  Time since last request: 0.000038 seconds.
  path: Assets/TextMesh Pro/Examples & Extras/Scenes/19 - Masking Texture & Soft Mask.unity
  artifactKey: Guid(9abcd5bd764646568a6ea70d00f9264c) Importer(2089858483,0ecaa5967403d082aa24f35e1b516d23)
Start importing Assets/TextMesh Pro/Examples & Extras/Scenes/19 - Masking Texture & Soft Mask.unity using Guid(9abcd5bd764646568a6ea70d00f9264c) Importer(2089858483,0ecaa5967403d082aa24f35e1b516d23) (ScriptedImporter) -> (artifact id: '4ac13161135a94dcc3e031cef8f25edf') in 0.0280309 seconds
Number of updated asset objects reloaded before import = 0Number of asset objects unloaded after import = 1

========================================================================
Received Import Request.
  Time since last request: 0.000032 seconds.
  path: Assets/Animation/PlyerIdleFront.anim
  artifactKey: Guid(b18c1f79a17e50b4ebbc886753670d21) Importer(2089858483,0ecaa5967403d082aa24f35e1b516d23)
Start importing Assets/Animation/PlyerIdleFront.anim using Guid(b18c1f79a17e50b4ebbc886753670d21) Importer(2089858483,0ecaa5967403d082aa24f35e1b516d23) (ScriptedImporter) -> (artifact id: '021b11ef8eb1fb23827e03f956447e0f') in 0.0577824 seconds
Number of updated asset objects reloaded before import = 0Number of asset objects unloaded after import = 1

========================================================================
Received Prepare
Refreshing native plugins compatible for Editor in 3.19 ms, found 3 plugins.
Preloading 0 native plugins for Editor in 0.00 ms.
Unloading 19 Unused Serialized files (Serialized files now loaded: 0)
Unloading 6356 unused Assets / (4.4 MB). Loaded Objects now: 7404.
Memory consumption went from 147.5 MB to 143.1 MB.
Total: 49.679600 ms (FindLiveObjects: 2.634700 ms CreateObjectMapping: 2.433100 ms MarkObjects: 39.747700 ms  DeleteObjects: 4.861800 ms)

Prepare: number of updated asset objects reloaded= 0
========================================================================
Received Prepare
Begin MonoManager ReloadAssembly
[Licensing::Client] Successfully resolved entitlement details
- Loaded All Assemblies, in  3.821 seconds
Refreshing native plugins compatible for Editor in 9.39 ms, found 3 plugins.
Native extension for WindowsStandalone target not found
[Package Manager] Failed to launch server process. Reason: Unity was launched with the -noUpm command-line argument
[Package Manager] Unable to send message (not connected to server process).
[Package Manager] Cannot connect to Unity Package Manager local server
The project currently uses the compatibility mode where the Render Graph API is disabled. Support for this mode will be removed in future Unity versions. Migrate existing ScriptableRenderPasses to the new RenderGraph API. After the migration, disable the compatibility mode in Edit > Projects Settings > Graphics > Render Graph.
UnityEngine.Debug:ExtractStackTraceNoAlloc (byte*,int,string)
UnityEngine.StackTraceUtility:ExtractStackTrace ()
UnityEngine.DebugLogHandler:Internal_Log (UnityEngine.LogType,UnityEngine.LogOption,string,UnityEngine.Object)
UnityEngine.DebugLogHandler:LogFormat (UnityEngine.LogType,UnityEngine.Object,string,object[])
UnityEngine.Logger:Log (UnityEngine.LogType,object)
UnityEngine.Debug:LogWarning (object)
UnityEngine.Rendering.Universal.WarnUsingNonRenderGraph:EmitConsoleWarning () (at ./Library/PackageCache/com.unity.render-pipelines.universal@ba467ec059b9/Runtime/Data/UniversalRenderPipelineAsset.cs:432)
System.Reflection.RuntimeMethodInfo:Invoke (object,System.Reflection.BindingFlags,System.Reflection.Binder,object[],System.Globalization.CultureInfo)
System.Reflection.MethodBase:Invoke (object,object[])
UnityEditor.EditorAssemblies:ProcessInitializeOnLoadMethodAttributes ()

(Filename: ./Library/PackageCache/com.unity.render-pipelines.universal@ba467ec059b9/Runtime/Data/UniversalRenderPipelineAsset.cs Line: 432)

[MODES] ModeService[none].Initialize
[MODES] ModeService[none].LoadModes
Mono: successfully reloaded assembly
- Finished resetting the current domain, in  4.107 seconds
Domain Reload Profiling: 7918ms
	BeginReloadAssembly (877ms)
		ExecutionOrderSort (0ms)
		DisableScriptedObjects (59ms)
		BackupInstance (0ms)
		ReleaseScriptingObjects (1ms)
		CreateAndSetChildDomain (295ms)
	RebuildCommonClasses (92ms)
	RebuildNativeTypeToScriptingClass (31ms)
	initialDomainReloadingComplete (84ms)
	LoadAllAssembliesAndSetupDomain (2725ms)
		LoadAssemblies (1503ms)
		RebuildTransferFunctionScriptingTraits (0ms)
		AnalyzeDomain (1551ms)
			TypeCache.Refresh (47ms)
				TypeCache.ScanAssembly (4ms)
			BuildScriptInfoCaches (1419ms)
			ResolveRequiredComponents (67ms)
	FinalizeReload (4108ms)
		ReleaseScriptCaches (0ms)
		RebuildScriptCaches (0ms)
		SetupLoadedEditorAssemblies (3317ms)
			LogAssemblyErrors (0ms)
			InitializePlatformSupportModulesInManaged (15ms)
			SetLoadedEditorAssemblies (33ms)
			BeforeProcessingInitializeOnLoad (1114ms)
			ProcessInitializeOnLoadAttributes (1843ms)
			ProcessInitializeOnLoadMethodAttributes (297ms)
			AfterProcessingInitializeOnLoad (15ms)
			EditorAssembliesLoaded (1ms)
		ExecutionOrderSort2 (0ms)
		AwakeInstancesAfterBackupRestoration (34ms)
Refreshing native plugins compatible for Editor in 1.68 ms, found 3 plugins.
Preloading 0 native plugins for Editor in 0.00 ms.
Unloading 16 Unused Serialized files (Serialized files now loaded: 0)
Unloading 6353 unused Assets / (4.3 MB). Loaded Objects now: 7284.
Memory consumption went from 144.3 MB to 140.0 MB.
Total: 22.184200 ms (FindLiveObjects: 1.302000 ms CreateObjectMapping: 1.335500 ms MarkObjects: 14.988300 ms  DeleteObjects: 4.557300 ms)

Prepare: number of updated asset objects reloaded= 0
========================================================================
Received Prepare
Refreshing native plugins compatible for Editor in 4.90 ms, found 3 plugins.
Preloading 0 native plugins for Editor in 0.00 ms.
Unloading 16 Unused Serialized files (Serialized files now loaded: 0)
Unloading 6347 unused Assets / (2.6 MB). Loaded Objects now: 7284.
Memory consumption went from 144.3 MB to 141.8 MB.
Total: 264.561900 ms (FindLiveObjects: 1.052600 ms CreateObjectMapping: 2.680100 ms MarkObjects: 197.975500 ms  DeleteObjects: 62.851800 ms)

Prepare: number of updated asset objects reloaded= 0
========================================================================
Received Import Request.
  Time since last request: 35.977447 seconds.
  path: Assets/Scripts/PlayerSpawn.cs
  artifactKey: Guid(d736320b7cc5e954699fa6b8b6431389) Importer(815301076,1909f56bfc062723c751e8b465ee728b)
Start importing Assets/Scripts/PlayerSpawn.cs using Guid(d736320b7cc5e954699fa6b8b6431389) Importer(815301076,1909f56bfc062723c751e8b465ee728b) (PreviewImporter) -> (artifact id: 'b10ef870e033406a1b671cfd31793fe0') in 0.0783652 seconds
Number of updated asset objects reloaded before import = 0Number of asset objects unloaded after import = 0

========================================================================
Received Import Request.
  Time since last request: 0.000048 seconds.
  path: Assets/Scripts
  artifactKey: Guid(45b4de803cedfda429209fd2e5e22ca1) Importer(815301076,1909f56bfc062723c751e8b465ee728b)
Start importing Assets/Scripts using Guid(45b4de803cedfda429209fd2e5e22ca1) Importer(815301076,1909f56bfc062723c751e8b465ee728b) (PreviewImporter) -> (artifact id: 'e103cab067efc2cb9e1c42a1bbd1141a') in 0.0010237 seconds
Number of updated asset objects reloaded before import = 0Number of asset objects unloaded after import = 0

========================================================================
Received Import Request.
  Time since last request: 0.000023 seconds.
  path: Assets/Scripts/Paints
  artifactKey: Guid(ba985e85846f30b42974113b0003ce67) Importer(815301076,1909f56bfc062723c751e8b465ee728b)
Start importing Assets/Scripts/Paints using Guid(ba985e85846f30b42974113b0003ce67) Importer(815301076,1909f56bfc062723c751e8b465ee728b) (PreviewImporter) -> (artifact id: '1f4be1df1feecaa84e360d1015c1750b') in 0.0046101 seconds
Number of updated asset objects reloaded before import = 0Number of asset objects unloaded after import = 0

========================================================================
Received Import Request.
  Time since last request: 0.000040 seconds.
  path: Assets/Scripts/Item
  artifactKey: Guid(b0d3676c9bfefe242afde313c0d5e939) Importer(815301076,1909f56bfc062723c751e8b465ee728b)
Start importing Assets/Scripts/Item using Guid(b0d3676c9bfefe242afde313c0d5e939) Importer(815301076,1909f56bfc062723c751e8b465ee728b) (PreviewImporter) -> (artifact id: '1ce806c9ea002dd84381c3f07414f70d') in 0.0013175 seconds
Number of updated asset objects reloaded before import = 0Number of asset objects unloaded after import = 0

========================================================================
Received Prepare
Begin MonoManager ReloadAssembly
- Loaded All Assemblies, in  1.768 seconds
Refreshing native plugins compatible for Editor in 7.49 ms, found 3 plugins.
Native extension for WindowsStandalone target not found
[Package Manager] Failed to launch server process. Reason: Unity was launched with the -noUpm command-line argument
[Package Manager] Unable to send message (not connected to server process).
[Package Manager] Cannot connect to Unity Package Manager local server
The project currently uses the compatibility mode where the Render Graph API is disabled. Support for this mode will be removed in future Unity versions. Migrate existing ScriptableRenderPasses to the new RenderGraph API. After the migration, disable the compatibility mode in Edit > Projects Settings > Graphics > Render Graph.
UnityEngine.Debug:ExtractStackTraceNoAlloc (byte*,int,string)
UnityEngine.StackTraceUtility:ExtractStackTrace ()
UnityEngine.DebugLogHandler:Internal_Log (UnityEngine.LogType,UnityEngine.LogOption,string,UnityEngine.Object)
UnityEngine.DebugLogHandler:LogFormat (UnityEngine.LogType,UnityEngine.Object,string,object[])
UnityEngine.Logger:Log (UnityEngine.LogType,object)
UnityEngine.Debug:LogWarning (object)
UnityEngine.Rendering.Universal.WarnUsingNonRenderGraph:EmitConsoleWarning () (at ./Library/PackageCache/com.unity.render-pipelines.universal@ba467ec059b9/Runtime/Data/UniversalRenderPipelineAsset.cs:432)
System.Reflection.RuntimeMethodInfo:Invoke (object,System.Reflection.BindingFlags,System.Reflection.Binder,object[],System.Globalization.CultureInfo)
System.Reflection.MethodBase:Invoke (object,object[])
UnityEditor.EditorAssemblies:ProcessInitializeOnLoadMethodAttributes ()

(Filename: ./Library/PackageCache/com.unity.render-pipelines.universal@ba467ec059b9/Runtime/Data/UniversalRenderPipelineAsset.cs Line: 432)

[MODES] ModeService[none].Initialize
[MODES] ModeService[none].LoadModes
Mono: successfully reloaded assembly
- Finished resetting the current domain, in  2.383 seconds
Domain Reload Profiling: 4145ms
	BeginReloadAssembly (405ms)
		ExecutionOrderSort (0ms)
		DisableScriptedObjects (10ms)
		BackupInstance (0ms)
		ReleaseScriptingObjects (0ms)
		CreateAndSetChildDomain (92ms)
	RebuildCommonClasses (73ms)
	RebuildNativeTypeToScriptingClass (27ms)
	initialDomainReloadingComplete (70ms)
	LoadAllAssembliesAndSetupDomain (1187ms)
		LoadAssemblies (788ms)
		RebuildTransferFunctionScriptingTraits (0ms)
		AnalyzeDomain (594ms)
			TypeCache.Refresh (20ms)
				TypeCache.ScanAssembly (3ms)
			BuildScriptInfoCaches (527ms)
			ResolveRequiredComponents (38ms)
	FinalizeReload (2384ms)
		ReleaseScriptCaches (0ms)
		RebuildScriptCaches (0ms)
		SetupLoadedEditorAssemblies (1857ms)
			LogAssemblyErrors (0ms)
			InitializePlatformSupportModulesInManaged (6ms)
			SetLoadedEditorAssemblies (23ms)
			BeforeProcessingInitializeOnLoad (636ms)
			ProcessInitializeOnLoadAttributes (1048ms)
			ProcessInitializeOnLoadMethodAttributes (132ms)
			AfterProcessingInitializeOnLoad (11ms)
			EditorAssembliesLoaded (0ms)
		ExecutionOrderSort2 (0ms)
		AwakeInstancesAfterBackupRestoration (25ms)
Refreshing native plugins compatible for Editor in 1.46 ms, found 3 plugins.
Preloading 0 native plugins for Editor in 0.00 ms.
Unloading 16 Unused Serialized files (Serialized files now loaded: 0)
Unloading 6353 unused Assets / (4.5 MB). Loaded Objects now: 7286.
Memory consumption went from 144.2 MB to 139.7 MB.
Total: 12.625700 ms (FindLiveObjects: 0.993000 ms CreateObjectMapping: 1.292100 ms MarkObjects: 7.234500 ms  DeleteObjects: 3.104700 ms)

Prepare: number of updated asset objects reloaded= 0
========================================================================
Received Import Request.
  Time since last request: 15.757659 seconds.
  path: Assets/Scripts/PaintingData.cs
  artifactKey: Guid(a9e1810f17217074a98d80180faf657f) Importer(815301076,1909f56bfc062723c751e8b465ee728b)
Start importing Assets/Scripts/PaintingData.cs using Guid(a9e1810f17217074a98d80180faf657f) Importer(815301076,1909f56bfc062723c751e8b465ee728b) (PreviewImporter) -> (artifact id: 'a5f2bd82ae6744c97b57df61127e89ad') in 0.0045754 seconds
Number of updated asset objects reloaded before import = 0Number of asset objects unloaded after import = 0

========================================================================
Received Import Request.
  Time since last request: 0.000017 seconds.
  path: Assets/Scripts/Paint.cs
  artifactKey: Guid(17118d4ce6a156d46a8ef70609eca47b) Importer(815301076,1909f56bfc062723c751e8b465ee728b)
Start importing Assets/Scripts/Paint.cs using Guid(17118d4ce6a156d46a8ef70609eca47b) Importer(815301076,1909f56bfc062723c751e8b465ee728b) (PreviewImporter) -> (artifact id: '5099b334eaf2f4f53c28f9f2e78b2b4f') in 0.0008487 seconds
Number of updated asset objects reloaded before import = 0Number of asset objects unloaded after import = 0

========================================================================
Received Import Request.
  Time since last request: 0.000056 seconds.
  path: Assets/Scripts/PaintManager.cs
  artifactKey: Guid(ba1470271a1cba2479b91189f434c122) Importer(815301076,1909f56bfc062723c751e8b465ee728b)
Start importing Assets/Scripts/PaintManager.cs using Guid(ba1470271a1cba2479b91189f434c122) Importer(815301076,1909f56bfc062723c751e8b465ee728b) (PreviewImporter) -> (artifact id: 'ae0e47bf5c5fe3aa317cd2f39365a862') in 0.0009549 seconds
Number of updated asset objects reloaded before import = 0Number of asset objects unloaded after import = 0

========================================================================
Received Prepare
Refreshing native plugins compatible for Editor in 1.86 ms, found 3 plugins.
Preloading 0 native plugins for Editor in 0.00 ms.
Unloading 16 Unused Serialized files (Serialized files now loaded: 0)
Unloading 6343 unused Assets / (4.5 MB). Loaded Objects now: 7282.
Memory consumption went from 144.4 MB to 139.8 MB.
Total: 19.814900 ms (FindLiveObjects: 0.997200 ms CreateObjectMapping: 2.008000 ms MarkObjects: 11.965700 ms  DeleteObjects: 4.842200 ms)

Prepare: number of updated asset objects reloaded= 0
========================================================================
Received Import Request.
  Time since last request: 11.508368 seconds.
  path: Assets/Assets/Prototype_PlayerhURT.png
  artifactKey: Guid(48ea4fcffcbbe05439f44b7bcd19e284) Importer(2089858483,0ecaa5967403d082aa24f35e1b516d23)
Start importing Assets/Assets/Prototype_PlayerhURT.png using Guid(48ea4fcffcbbe05439f44b7bcd19e284) Importer(2089858483,0ecaa5967403d082aa24f35e1b516d23) (ScriptedImporter) -> (artifact id: '01263b81312ac9fe717d6fc63221e40e') in 1.0872884 seconds
Number of updated asset objects reloaded before import = 0Number of asset objects unloaded after import = 22

========================================================================
Received Import Request.
  Time since last request: 0.000037 seconds.
  path: Assets/Assets/Font/ImportedFont/pixelmix_bold.ttf
  artifactKey: Guid(8f64581f93579d24b92b6432848c7aff) Importer(2089858483,0ecaa5967403d082aa24f35e1b516d23)
Start importing Assets/Assets/Font/ImportedFont/pixelmix_bold.ttf using Guid(8f64581f93579d24b92b6432848c7aff) Importer(2089858483,0ecaa5967403d082aa24f35e1b516d23) (ScriptedImporter) -> (artifact id: 'f09ebe035f433194c1be43258f5b6538') in 0.0964526 seconds
Number of updated asset objects reloaded before import = 0Number of asset objects unloaded after import = 3

========================================================================
Received Import Request.
  Time since last request: 0.000074 seconds.
  path: Assets/Scripts/Singleton.cs
  artifactKey: Guid(ef64ff067c344454ea18adbb5caf34d8) Importer(815301076,1909f56bfc062723c751e8b465ee728b)
Start importing Assets/Scripts/Singleton.cs using Guid(ef64ff067c344454ea18adbb5caf34d8) Importer(815301076,1909f56bfc062723c751e8b465ee728b) (PreviewImporter) -> (artifact id: '3810d6d07c069bca57560695551271b4') in 0.0032648 seconds
Number of updated asset objects reloaded before import = 0Number of asset objects unloaded after import = 0

========================================================================
Received Import Request.
  Time since last request: 0.000024 seconds.
  path: Assets/Assets/Font/ImportedFont/Deep Shadow Over.ttf
  artifactKey: Guid(966dee5467598ad47a5e7fbc48463faf) Importer(2089858483,0ecaa5967403d082aa24f35e1b516d23)
Start importing Assets/Assets/Font/ImportedFont/Deep Shadow Over.ttf using Guid(966dee5467598ad47a5e7fbc48463faf) Importer(2089858483,0ecaa5967403d082aa24f35e1b516d23) (ScriptedImporter) -> (artifact id: '8a3024c68c5d4ec14f36d1cf70f84874') in 0.0542387 seconds
Number of updated asset objects reloaded before import = 0Number of asset objects unloaded after import = 3

========================================================================
Received Import Request.
  Time since last request: 0.000038 seconds.
  path: Assets/Scripts/PlayerSpawn.cs
  artifactKey: Guid(d736320b7cc5e954699fa6b8b6431389) Importer(2089858483,0ecaa5967403d082aa24f35e1b516d23)
Start importing Assets/Scripts/PlayerSpawn.cs using Guid(d736320b7cc5e954699fa6b8b6431389) Importer(2089858483,0ecaa5967403d082aa24f35e1b516d23) (ScriptedImporter) -> (artifact id: '2d05b55828218df0a86ceff8f682c58d') in 0.0557039 seconds
Number of updated asset objects reloaded before import = 0Number of asset objects unloaded after import = 0

========================================================================
Received Import Request.
  Time since last request: 0.000032 seconds.
  path: Assets/Scripts/SoudEffectManager.cs
  artifactKey: Guid(156f9663e4344e748acaa9df12f56617) Importer(2089858483,0ecaa5967403d082aa24f35e1b516d23)
Start importing Assets/Scripts/SoudEffectManager.cs using Guid(156f9663e4344e748acaa9df12f56617) Importer(2089858483,0ecaa5967403d082aa24f35e1b516d23) (ScriptedImporter) -> (artifact id: 'c5e98520d8626977e784525e3fdd8d43') in 0.0398219 seconds
Number of updated asset objects reloaded before import = 0Number of asset objects unloaded after import = 0

========================================================================
Received Import Request.
  Time since last request: 0.000025 seconds.
  path: Assets/TextMesh Pro/Examples & Extras/Fonts/Oswald-Bold - OFL.txt
  artifactKey: Guid(d2cf87a8a7a94aa8b80dff1c807c1178) Importer(2089858483,0ecaa5967403d082aa24f35e1b516d23)
Start importing Assets/TextMesh Pro/Examples & Extras/Fonts/Oswald-Bold - OFL.txt using Guid(d2cf87a8a7a94aa8b80dff1c807c1178) Importer(2089858483,0ecaa5967403d082aa24f35e1b516d23) (ScriptedImporter) -> (artifact id: '1f22dc12be9efe4365fe9a0ab251a003') in 0.0738716 seconds
Number of updated asset objects reloaded before import = 0Number of asset objects unloaded after import = 1

========================================================================
Received Import Request.
  Time since last request: 0.000203 seconds.
  path: Assets/TextMesh Pro/Examples & Extras/Resources/Color Gradient Presets/Yellow to Orange - Vertical.asset
  artifactKey: Guid(69a525efa7e6472eab268f6ea605f06e) Importer(2089858483,0ecaa5967403d082aa24f35e1b516d23)
Start importing Assets/TextMesh Pro/Examples & Extras/Resources/Color Gradient Presets/Yellow to Orange - Vertical.asset using Guid(69a525efa7e6472eab268f6ea605f06e) Importer(2089858483,0ecaa5967403d082aa24f35e1b516d23) (ScriptedImporter) -> (artifact id: '0247c898faf0aa9ebac4fe059ce5a2c6') in 0.1548017 seconds
Number of updated asset objects reloaded before import = 0Number of asset objects unloaded after import = 1

========================================================================
Received Import Request.
  Time since last request: 11.440731 seconds.
  path: Assets/Scripts/Player
  artifactKey: Guid(aea5961c33e20f64c87aeed7ffeaeb52) Importer(815301076,1909f56bfc062723c751e8b465ee728b)
Start importing Assets/Scripts/Player using Guid(aea5961c33e20f64c87aeed7ffeaeb52) Importer(815301076,1909f56bfc062723c751e8b465ee728b) (PreviewImporter) -> (artifact id: '114d82178c95fb1a567e907eba065daf') in 0.0011178 seconds
Number of updated asset objects reloaded before import = 0Number of asset objects unloaded after import = 0

========================================================================
Received Import Request.
  Time since last request: 0.732398 seconds.
  path: Assets/Scripts/Player
  artifactKey: Guid(aea5961c33e20f64c87aeed7ffeaeb52) Importer(2089858483,0ecaa5967403d082aa24f35e1b516d23)
Start importing Assets/Scripts/Player using Guid(aea5961c33e20f64c87aeed7ffeaeb52) Importer(2089858483,0ecaa5967403d082aa24f35e1b516d23) (ScriptedImporter) -> (artifact id: 'f2e207788f0dd19fe796852e5076e0b6') in 0.0479125 seconds
Number of updated asset objects reloaded before import = 0Number of asset objects unloaded after import = 1

========================================================================
Received Import Request.
  Time since last request: 3.496711 seconds.
  path: Assets/Scripts/PlayerCombat.cs
  artifactKey: Guid(8e5355fa29e183a4f89b44219c4cce15) Importer(815301076,1909f56bfc062723c751e8b465ee728b)
Start importing Assets/Scripts/PlayerCombat.cs using Guid(8e5355fa29e183a4f89b44219c4cce15) Importer(815301076,1909f56bfc062723c751e8b465ee728b) (PreviewImporter) -> (artifact id: '262fcd7be0d7c7b731706755f54a1b65') in 0.0014333 seconds
Number of updated asset objects reloaded before import = 0Number of asset objects unloaded after import = 0

========================================================================
Received Import Request.
  Time since last request: 2.717449 seconds.
  path: Assets/Scripts/PlayerMovement.cs
  artifactKey: Guid(5ff90b9ebd84c64458b4215c4d8173d5) Importer(815301076,1909f56bfc062723c751e8b465ee728b)
Start importing Assets/Scripts/PlayerMovement.cs using Guid(5ff90b9ebd84c64458b4215c4d8173d5) Importer(815301076,1909f56bfc062723c751e8b465ee728b) (PreviewImporter) -> (artifact id: 'ea455d3745cdf7702599a9ce102a7f71') in 0.0023492 seconds
Number of updated asset objects reloaded before import = 0Number of asset objects unloaded after import = 0

========================================================================
Received Prepare
Refreshing native plugins compatible for Editor in 6.08 ms, found 3 plugins.
Preloading 0 native plugins for Editor in 0.00 ms.
Unloading 16 Unused Serialized files (Serialized files now loaded: 0)
Unloading 6343 unused Assets / (3.7 MB). Loaded Objects now: 7282.
Memory consumption went from 144.6 MB to 140.9 MB.
Total: 48.130400 ms (FindLiveObjects: 4.626300 ms CreateObjectMapping: 2.514000 ms MarkObjects: 31.161900 ms  DeleteObjects: 9.827000 ms)

Prepare: number of updated asset objects reloaded= 0
========================================================================
Received Import Request.
  Time since last request: 8.492931 seconds.
  path: Assets/Scripts/Player/PlayerMovement.cs
  artifactKey: Guid(5ff90b9ebd84c64458b4215c4d8173d5) Importer(2089858483,0ecaa5967403d082aa24f35e1b516d23)
Start importing Assets/Scripts/Player/PlayerMovement.cs using Guid(5ff90b9ebd84c64458b4215c4d8173d5) Importer(2089858483,0ecaa5967403d082aa24f35e1b516d23) (ScriptedImporter) -> (artifact id: '3bb74a9ad97287abe886b1e68b1c7619') in 0.3437129 seconds
Number of updated asset objects reloaded before import = 0Number of asset objects unloaded after import = 0

========================================================================
Received Import Request.
  Time since last request: 0.000125 seconds.
  path: Assets/Scripts/Player/PlayerHealth.cs
  artifactKey: Guid(5694d18381a127548b9831e4dfe22a8e) Importer(2089858483,0ecaa5967403d082aa24f35e1b516d23)
Start importing Assets/Scripts/Player/PlayerHealth.cs using Guid(5694d18381a127548b9831e4dfe22a8e) Importer(2089858483,0ecaa5967403d082aa24f35e1b516d23) (ScriptedImporter) -> (artifact id: '7daa468bd10bc5e75cd5f487cb857764') in 0.0795297 seconds
Number of updated asset objects reloaded before import = 0Number of asset objects unloaded after import = 0

========================================================================
Received Import Request.
  Time since last request: 0.000034 seconds.
  path: Assets/Scripts/Player/PlayerCombat.cs
  artifactKey: Guid(8e5355fa29e183a4f89b44219c4cce15) Importer(2089858483,0ecaa5967403d082aa24f35e1b516d23)
Start importing Assets/Scripts/Player/PlayerCombat.cs using Guid(8e5355fa29e183a4f89b44219c4cce15) Importer(2089858483,0ecaa5967403d082aa24f35e1b516d23) (ScriptedImporter) -> (artifact id: '72bedfc7f6b84a991c682cf7d58ad574') in 0.5495471 seconds
Number of updated asset objects reloaded before import = 0Number of asset objects unloaded after import = 0

========================================================================
Received Import Request.
  Time since last request: 0.000053 seconds.
  path: Assets/Scripts/Player/PlayerSpawn.cs
  artifactKey: Guid(d736320b7cc5e954699fa6b8b6431389) Importer(2089858483,0ecaa5967403d082aa24f35e1b516d23)
Start importing Assets/Scripts/Player/PlayerSpawn.cs using Guid(d736320b7cc5e954699fa6b8b6431389) Importer(2089858483,0ecaa5967403d082aa24f35e1b516d23) (ScriptedImporter) -> (artifact id: '9500fdc96fa54d5a5df2e8d1ca4863ea') in 1.0904753 seconds
Number of updated asset objects reloaded before import = 0Number of asset objects unloaded after import = 0

========================================================================
Received Import Request.
  Time since last request: 0.000064 seconds.
  path: Assets/Scripts/AtelierPlayerMovement.cs
  artifactKey: Guid(a0c702458e3cc424cbc897eed460a2a7) Importer(815301076,1909f56bfc062723c751e8b465ee728b)
Start importing Assets/Scripts/AtelierPlayerMovement.cs using Guid(a0c702458e3cc424cbc897eed460a2a7) Importer(815301076,1909f56bfc062723c751e8b465ee728b) (PreviewImporter) -> (artifact id: '6d991ca4d70c07d9298e284773b8e990') in 0.0024266 seconds
Number of updated asset objects reloaded before import = 0Number of asset objects unloaded after import = 0

========================================================================
Received Prepare
Refreshing native plugins compatible for Editor in 2.71 ms, found 3 plugins.
Preloading 0 native plugins for Editor in 0.00 ms.
Unloading 16 Unused Serialized files (Serialized files now loaded: 0)
Unloading 6342 unused Assets / (3.3 MB). Loaded Objects now: 7281.
Memory consumption went from 144.6 MB to 141.3 MB.
Total: 22.790600 ms (FindLiveObjects: 1.287000 ms CreateObjectMapping: 1.944300 ms MarkObjects: 15.121400 ms  DeleteObjects: 4.436300 ms)

Prepare: number of updated asset objects reloaded= 0
========================================================================
Received Import Request.
  Time since last request: 12.811323 seconds.
  path: Assets/Scripts/Audio
  artifactKey: Guid(2eabd416ee301dd4e9b0098b38436a7e) Importer(815301076,1909f56bfc062723c751e8b465ee728b)
Start importing Assets/Scripts/Audio using Guid(2eabd416ee301dd4e9b0098b38436a7e) Importer(815301076,1909f56bfc062723c751e8b465ee728b) (PreviewImporter) -> (artifact id: '33e9b65d068cb2b37d9a59e28b2babb4') in 0.0079385 seconds
Number of updated asset objects reloaded before import = 0Number of asset objects unloaded after import = 0

========================================================================
Received Import Request.
  Time since last request: 0.752012 seconds.
  path: Assets/Scripts/Audio
  artifactKey: Guid(2eabd416ee301dd4e9b0098b38436a7e) Importer(2089858483,0ecaa5967403d082aa24f35e1b516d23)
Start importing Assets/Scripts/Audio using Guid(2eabd416ee301dd4e9b0098b38436a7e) Importer(2089858483,0ecaa5967403d082aa24f35e1b516d23) (ScriptedImporter) -> (artifact id: 'b364c2407afcd169af0137fe6d01fdbf') in 0.040933 seconds
Number of updated asset objects reloaded before import = 0Number of asset objects unloaded after import = 1

========================================================================
Received Prepare
Refreshing native plugins compatible for Editor in 10.20 ms, found 3 plugins.
Preloading 0 native plugins for Editor in 0.00 ms.
Unloading 16 Unused Serialized files (Serialized files now loaded: 0)
Unloading 6342 unused Assets / (3.4 MB). Loaded Objects now: 7281.
Memory consumption went from 144.6 MB to 141.2 MB.
Total: 90.841200 ms (FindLiveObjects: 3.902300 ms CreateObjectMapping: 6.131400 ms MarkObjects: 59.988700 ms  DeleteObjects: 20.814700 ms)

Prepare: number of updated asset objects reloaded= 0
========================================================================
Received Import Request.
  Time since last request: 3.004708 seconds.
  path: Assets/Scripts/Audio/AudioManager.cs
  artifactKey: Guid(a7b96c53932062b4e945ae4e163438db) Importer(2089858483,0ecaa5967403d082aa24f35e1b516d23)
Start importing Assets/Scripts/Audio/AudioManager.cs using Guid(a7b96c53932062b4e945ae4e163438db) Importer(2089858483,0ecaa5967403d082aa24f35e1b516d23) (ScriptedImporter) -> (artifact id: '73e470f8a3cb0606e292228ac8b19ea0') in 0.1213856 seconds
Number of updated asset objects reloaded before import = 0Number of asset objects unloaded after import = 0

========================================================================
Received Prepare
Refreshing native plugins compatible for Editor in 12.96 ms, found 3 plugins.
Preloading 0 native plugins for Editor in 0.00 ms.
Unloading 16 Unused Serialized files (Serialized files now loaded: 0)
Unloading 6342 unused Assets / (3.4 MB). Loaded Objects now: 7281.
Memory consumption went from 144.6 MB to 141.3 MB.
Total: 285.441600 ms (FindLiveObjects: 10.322700 ms CreateObjectMapping: 21.871600 ms MarkObjects: 239.254100 ms  DeleteObjects: 13.982700 ms)

Prepare: number of updated asset objects reloaded= 0
========================================================================
Received Import Request.
  Time since last request: 3.868314 seconds.
  path: Assets/Scripts/CollisionPainter.cs
  artifactKey: Guid(f7bf443f31d336945b9c99289a171e70) Importer(815301076,1909f56bfc062723c751e8b465ee728b)
Start importing Assets/Scripts/CollisionPainter.cs using Guid(f7bf443f31d336945b9c99289a171e70) Importer(815301076,1909f56bfc062723c751e8b465ee728b) (PreviewImporter) -> (artifact id: 'baf7520e6646e490bd4065e022cf1e2d') in 0.0354823 seconds
Number of updated asset objects reloaded before import = 0Number of asset objects unloaded after import = 0

========================================================================
Received Import Request.
  Time since last request: 0.000047 seconds.
  path: Assets/Scripts/Audio/SoudEffectManager.cs
  artifactKey: Guid(156f9663e4344e748acaa9df12f56617) Importer(2089858483,0ecaa5967403d082aa24f35e1b516d23)
Start importing Assets/Scripts/Audio/SoudEffectManager.cs using Guid(156f9663e4344e748acaa9df12f56617) Importer(2089858483,0ecaa5967403d082aa24f35e1b516d23) (ScriptedImporter) -> (artifact id: '87cb6bdc9d99c9f9feff142dac3f8160') in 0.7118414 seconds
Number of updated asset objects reloaded before import = 0Number of asset objects unloaded after import = 0

========================================================================
Received Prepare
Refreshing native plugins compatible for Editor in 2.38 ms, found 3 plugins.
Preloading 0 native plugins for Editor in 0.00 ms.
Unloading 16 Unused Serialized files (Serialized files now loaded: 0)
Unloading 6341 unused Assets / (4.5 MB). Loaded Objects now: 7280.
Memory consumption went from 144.6 MB to 140.1 MB.
Total: 30.674500 ms (FindLiveObjects: 1.190600 ms CreateObjectMapping: 3.033200 ms MarkObjects: 21.564100 ms  DeleteObjects: 4.884900 ms)

Prepare: number of updated asset objects reloaded= 0
========================================================================
Received Import Request.
  Time since last request: 6.888143 seconds.
  path: Assets/Scripts/GiantCanvas.cs
  artifactKey: Guid(86c1111756233c04098ac78ca9af8848) Importer(815301076,1909f56bfc062723c751e8b465ee728b)
Start importing Assets/Scripts/GiantCanvas.cs using Guid(86c1111756233c04098ac78ca9af8848) Importer(815301076,1909f56bfc062723c751e8b465ee728b) (PreviewImporter) -> (artifact id: '011d4de8e4cbd165cfff78e28322db9d') in 0.0134247 seconds
Number of updated asset objects reloaded before import = 0Number of asset objects unloaded after import = 0

========================================================================
Received Prepare
Refreshing native plugins compatible for Editor in 1.65 ms, found 3 plugins.
Preloading 0 native plugins for Editor in 0.00 ms.
Unloading 16 Unused Serialized files (Serialized files now loaded: 0)
Unloading 6340 unused Assets / (5.4 MB). Loaded Objects now: 7279.
Memory consumption went from 144.6 MB to 139.2 MB.
Total: 20.393800 ms (FindLiveObjects: 0.935100 ms CreateObjectMapping: 1.874700 ms MarkObjects: 13.085400 ms  DeleteObjects: 4.497400 ms)

Prepare: number of updated asset objects reloaded= 0
========================================================================
Received Import Request.
  Time since last request: 12.606003 seconds.
  path: Assets/Scripts/InitializePainting.cs
  artifactKey: Guid(9d4a2fb095ffe9c488e767f7e8e4f37c) Importer(815301076,1909f56bfc062723c751e8b465ee728b)
Start importing Assets/Scripts/InitializePainting.cs using Guid(9d4a2fb095ffe9c488e767f7e8e4f37c) Importer(815301076,1909f56bfc062723c751e8b465ee728b) (PreviewImporter) -> (artifact id: '101f170eca2f1dc0ff4b40e99b9a3a7d') in 0.0069109 seconds
Number of updated asset objects reloaded before import = 0Number of asset objects unloaded after import = 0

========================================================================
Received Prepare
Refreshing native plugins compatible for Editor in 4.18 ms, found 3 plugins.
Preloading 0 native plugins for Editor in 0.00 ms.
Unloading 16 Unused Serialized files (Serialized files now loaded: 0)
Unloading 6339 unused Assets / (4.3 MB). Loaded Objects now: 7278.
Memory consumption went from 144.6 MB to 140.3 MB.
Total: 26.808800 ms (FindLiveObjects: 1.068400 ms CreateObjectMapping: 2.002900 ms MarkObjects: 18.273100 ms  DeleteObjects: 5.463000 ms)

Prepare: number of updated asset objects reloaded= 0
========================================================================
Received Import Request.
  Time since last request: 15.444900 seconds.
  path: Assets/Scripts/ParticlesController.cs
  artifactKey: Guid(0211e224cd6367641aa4283402cad70c) Importer(815301076,1909f56bfc062723c751e8b465ee728b)
Start importing Assets/Scripts/ParticlesController.cs using Guid(0211e224cd6367641aa4283402cad70c) Importer(815301076,1909f56bfc062723c751e8b465ee728b) (PreviewImporter) -> (artifact id: 'd887a88f16c3d10ee3a92a58a3d8053f') in 0.0093016 seconds
Number of updated asset objects reloaded before import = 0Number of asset objects unloaded after import = 0

========================================================================
Received Prepare
Refreshing native plugins compatible for Editor in 1.67 ms, found 3 plugins.
Preloading 0 native plugins for Editor in 0.00 ms.
Unloading 16 Unused Serialized files (Serialized files now loaded: 0)
Unloading 6338 unused Assets / (3.7 MB). Loaded Objects now: 7277.
Memory consumption went from 144.6 MB to 140.9 MB.
Total: 29.015800 ms (FindLiveObjects: 1.262500 ms CreateObjectMapping: 1.749100 ms MarkObjects: 13.387700 ms  DeleteObjects: 12.615000 ms)

Prepare: number of updated asset objects reloaded= 0
========================================================================
Received Import Request.
  Time since last request: 10.906042 seconds.
  path: Assets/Scripts/ScoreManager.cs
  artifactKey: Guid(f2268ec63ce835844bffe377b9c4c9f4) Importer(815301076,1909f56bfc062723c751e8b465ee728b)
Start importing Assets/Scripts/ScoreManager.cs using Guid(f2268ec63ce835844bffe377b9c4c9f4) Importer(815301076,1909f56bfc062723c751e8b465ee728b) (PreviewImporter) -> (artifact id: 'd0daa083066e362b0f5c09431b884bd2') in 0.0198402 seconds
Number of updated asset objects reloaded before import = 0Number of asset objects unloaded after import = 0

========================================================================
Received Prepare
Refreshing native plugins compatible for Editor in 2.10 ms, found 3 plugins.
Preloading 0 native plugins for Editor in 0.00 ms.
Unloading 16 Unused Serialized files (Serialized files now loaded: 0)
Unloading 6337 unused Assets / (4.1 MB). Loaded Objects now: 7276.
Memory consumption went from 144.6 MB to 140.5 MB.
Total: 18.654800 ms (FindLiveObjects: 1.107700 ms CreateObjectMapping: 1.549500 ms MarkObjects: 12.620900 ms  DeleteObjects: 3.375600 ms)

Prepare: number of updated asset objects reloaded= 0
========================================================================
Received Import Request.
  Time since last request: 15.926352 seconds.
  path: Assets/Scripts/StateVariableController.cs
  artifactKey: Guid(76fa4238d8fbada44a9b37a4472998d7) Importer(815301076,1909f56bfc062723c751e8b465ee728b)
Start importing Assets/Scripts/StateVariableController.cs using Guid(76fa4238d8fbada44a9b37a4472998d7) Importer(815301076,1909f56bfc062723c751e8b465ee728b) (PreviewImporter) -> (artifact id: '95733721ee1961023c0986b702261507') in 0.0098314 seconds
Number of updated asset objects reloaded before import = 0Number of asset objects unloaded after import = 0

========================================================================
Received Prepare
Refreshing native plugins compatible for Editor in 2.01 ms, found 3 plugins.
Preloading 0 native plugins for Editor in 0.00 ms.
Unloading 16 Unused Serialized files (Serialized files now loaded: 0)
Unloading 6336 unused Assets / (5.4 MB). Loaded Objects now: 7275.
Memory consumption went from 144.6 MB to 139.2 MB.
Total: 25.229200 ms (FindLiveObjects: 4.608900 ms CreateObjectMapping: 1.625300 ms MarkObjects: 14.229700 ms  DeleteObjects: 4.763900 ms)

Prepare: number of updated asset objects reloaded= 0
========================================================================
Received Import Request.
  Time since last request: 8.330312 seconds.
  path: Assets/Scripts/Timer.cs
  artifactKey: Guid(aa72db8c29264da4b895fd81d5c850c1) Importer(815301076,1909f56bfc062723c751e8b465ee728b)
Start importing Assets/Scripts/Timer.cs using Guid(aa72db8c29264da4b895fd81d5c850c1) Importer(815301076,1909f56bfc062723c751e8b465ee728b) (PreviewImporter) -> (artifact id: '7f3b7e670b4c8426efc11b88359718ed') in 0.049436 seconds
Number of updated asset objects reloaded before import = 0Number of asset objects unloaded after import = 0

========================================================================
Received Prepare
Refreshing native plugins compatible for Editor in 2.34 ms, found 3 plugins.
Preloading 0 native plugins for Editor in 0.00 ms.
Unloading 16 Unused Serialized files (Serialized files now loaded: 0)
Unloading 6335 unused Assets / (4.4 MB). Loaded Objects now: 7274.
Memory consumption went from 144.6 MB to 140.2 MB.
Total: 25.360100 ms (FindLiveObjects: 1.178900 ms CreateObjectMapping: 2.179200 ms MarkObjects: 14.654000 ms  DeleteObjects: 7.346900 ms)

Prepare: number of updated asset objects reloaded= 0
========================================================================
Received Import Request.
  Time since last request: 17.850732 seconds.
  path: Assets/Scripts/GameOverManager.cs
  artifactKey: Guid(a2992af5e4428ac49be9fb2ba5a31081) Importer(815301076,1909f56bfc062723c751e8b465ee728b)
Start importing Assets/Scripts/GameOverManager.cs using Guid(a2992af5e4428ac49be9fb2ba5a31081) Importer(815301076,1909f56bfc062723c751e8b465ee728b) (PreviewImporter) -> (artifact id: 'cc47bd94d25303ae566981b25c7feaed') in 0.0046219 seconds
Number of updated asset objects reloaded before import = 0Number of asset objects unloaded after import = 0

========================================================================
Received Import Request.
  Time since last request: 1.888166 seconds.
  path: Assets/Scripts/EnemySpawn.cs
  artifactKey: Guid(b554412e3cbee594186c7d02b1232c95) Importer(815301076,1909f56bfc062723c751e8b465ee728b)
Start importing Assets/Scripts/EnemySpawn.cs using Guid(b554412e3cbee594186c7d02b1232c95) Importer(815301076,1909f56bfc062723c751e8b465ee728b) (PreviewImporter) -> (artifact id: '0be2756a8775a2a44bc5d4e15f25b0fa') in 0.0015896 seconds
Number of updated asset objects reloaded before import = 0Number of asset objects unloaded after import = 0

========================================================================
Received Import Request.
  Time since last request: 1.290650 seconds.
  path: Assets/Scripts/EnemyHealth.cs
  artifactKey: Guid(14050b210885a234c8673bb98d6afe11) Importer(815301076,1909f56bfc062723c751e8b465ee728b)
Start importing Assets/Scripts/EnemyHealth.cs using Guid(14050b210885a234c8673bb98d6afe11) Importer(815301076,1909f56bfc062723c751e8b465ee728b) (PreviewImporter) -> (artifact id: 'f0dd0fdfb72354432554c733f22a2bbb') in 0.0055049 seconds
Number of updated asset objects reloaded before import = 0Number of asset objects unloaded after import = 0

========================================================================
Received Import Request.
  Time since last request: 0.768793 seconds.
  path: Assets/Scripts/EnemyBehavior.cs
  artifactKey: Guid(13bbc5a489f53a6479a4c2a4a5bf66df) Importer(815301076,1909f56bfc062723c751e8b465ee728b)
Start importing Assets/Scripts/EnemyBehavior.cs using Guid(13bbc5a489f53a6479a4c2a4a5bf66df) Importer(815301076,1909f56bfc062723c751e8b465ee728b) (PreviewImporter) -> (artifact id: '65ee08e93c47a5b5f7481f5bec8ba7b4') in 0.0029319 seconds
Number of updated asset objects reloaded before import = 0Number of asset objects unloaded after import = 0

========================================================================
Received Import Request.
  Time since last request: 1.275274 seconds.
  path: Assets/Scripts/Bullet.cs
  artifactKey: Guid(aa3ce9af397878a4bb08d964b4067513) Importer(815301076,1909f56bfc062723c751e8b465ee728b)
Start importing Assets/Scripts/Bullet.cs using Guid(aa3ce9af397878a4bb08d964b4067513) Importer(815301076,1909f56bfc062723c751e8b465ee728b) (PreviewImporter) -> (artifact id: '743ec0c84b7fd27c71a59df9429d220d') in 0.0016952 seconds
Number of updated asset objects reloaded before import = 0Number of asset objects unloaded after import = 0

========================================================================
Received Prepare
Refreshing native plugins compatible for Editor in 1.67 ms, found 3 plugins.
Preloading 0 native plugins for Editor in 0.00 ms.
Unloading 16 Unused Serialized files (Serialized files now loaded: 0)
Unloading 6334 unused Assets / (4.2 MB). Loaded Objects now: 7273.
Memory consumption went from 144.6 MB to 140.4 MB.
Total: 32.614300 ms (FindLiveObjects: 1.204200 ms CreateObjectMapping: 1.338200 ms MarkObjects: 21.517900 ms  DeleteObjects: 8.552400 ms)

Prepare: number of updated asset objects reloaded= 0
========================================================================
Received Import Request.
  Time since last request: 10.274394 seconds.
  path: Assets/Scripts/PauseManager.cs
  artifactKey: Guid(4dfa1053bfe974f4baf4eee2aba1e833) Importer(815301076,1909f56bfc062723c751e8b465ee728b)
Start importing Assets/Scripts/PauseManager.cs using Guid(4dfa1053bfe974f4baf4eee2aba1e833) Importer(815301076,1909f56bfc062723c751e8b465ee728b) (PreviewImporter) -> (artifact id: 'b88f64ff86d96bd83b3fd4f362f167b4') in 0.0158699 seconds
Number of updated asset objects reloaded before import = 0Number of asset objects unloaded after import = 0

========================================================================
Received Import Request.
  Time since last request: 0.008459 seconds.
  path: Assets/Scripts/SettingsMenu.cs
  artifactKey: Guid(2bbbe9fcac37a24458527e0cd3f7154d) Importer(815301076,1909f56bfc062723c751e8b465ee728b)
Start importing Assets/Scripts/SettingsMenu.cs using Guid(2bbbe9fcac37a24458527e0cd3f7154d) Importer(815301076,1909f56bfc062723c751e8b465ee728b) (PreviewImporter) -> (artifact id: '699c238cd68bd21a859fd42ecf63615e') in 0.0015545 seconds
Number of updated asset objects reloaded before import = 0Number of asset objects unloaded after import = 0

========================================================================
Received Import Request.
  Time since last request: 6.721637 seconds.
  path: Assets/Scripts/New Material.mat
  artifactKey: Guid(5be2d60420fc8c24a938ffc169421023) Importer(815301076,1909f56bfc062723c751e8b465ee728b)
Start importing Assets/Scripts/New Material.mat using Guid(5be2d60420fc8c24a938ffc169421023) Importer(815301076,1909f56bfc062723c751e8b465ee728b) (PreviewImporter) -> (artifact id: '2108adc878b9d7bb8e10eac2bb1d90d8') in 1.2515246 seconds
Number of updated asset objects reloaded before import = 0Number of asset objects unloaded after import = 2

========================================================================
Received Import Request.
  Time since last request: 0.000032 seconds.
  path: Assets/Scenes/LevelTestScene/Global Volume Profile.asset
  artifactKey: Guid(d022594f56165e34093a4f686448992f) Importer(2089858483,0ecaa5967403d082aa24f35e1b516d23)
Start importing Assets/Scenes/LevelTestScene/Global Volume Profile.asset using Guid(d022594f56165e34093a4f686448992f) Importer(2089858483,0ecaa5967403d082aa24f35e1b516d23) (ScriptedImporter) -> (artifact id: '50658bcf82fdfff9f4a53f6d4ae8fbc5') in 0.0198257 seconds
Number of updated asset objects reloaded before import = 0Number of asset objects unloaded after import = 3

========================================================================
Received Import Request.
  Time since last request: 0.000051 seconds.
  path: Assets/Scripts/New Material.mat
  artifactKey: Guid(5be2d60420fc8c24a938ffc169421023) Importer(2089858483,0ecaa5967403d082aa24f35e1b516d23)
Start importing Assets/Scripts/New Material.mat using Guid(5be2d60420fc8c24a938ffc169421023) Importer(2089858483,0ecaa5967403d082aa24f35e1b516d23) (ScriptedImporter) -> (artifact id: 'e56ca089f5ae62e90cb5ba31b689036e') in 0.0197987 seconds
Number of updated asset objects reloaded before import = 0Number of asset objects unloaded after import = 1

========================================================================
Received Import Request.
  Time since last request: 0.000042 seconds.
  path: Assets/Scripts/Inventory.cs
  artifactKey: Guid(ff405886be6864444bb5cfe4de5711ed) Importer(815301076,1909f56bfc062723c751e8b465ee728b)
Start importing Assets/Scripts/Inventory.cs using Guid(ff405886be6864444bb5cfe4de5711ed) Importer(815301076,1909f56bfc062723c751e8b465ee728b) (PreviewImporter) -> (artifact id: '7b80616fa92dc4e28a44a05eba156299') in 0.0007478 seconds
Number of updated asset objects reloaded before import = 0Number of asset objects unloaded after import = 0

========================================================================
Received Import Request.
  Time since last request: 5.402465 seconds.
  path: Assets/Scripts/Menu
  artifactKey: Guid(3ff888b012f76d24992834022a26d675) Importer(815301076,1909f56bfc062723c751e8b465ee728b)
Start importing Assets/Scripts/Menu using Guid(3ff888b012f76d24992834022a26d675) Importer(815301076,1909f56bfc062723c751e8b465ee728b) (PreviewImporter) -> (artifact id: '46c8deb5e366cb25ad1eb593c52a02a3') in 0.0018854 seconds
Number of updated asset objects reloaded before import = 0Number of asset objects unloaded after import = 0

========================================================================
Received Import Request.
  Time since last request: 1.551248 seconds.
  path: Assets/Scripts/ItemEffect.cs
  artifactKey: Guid(fd5233f1bae844b4eb35a741ed966619) Importer(815301076,1909f56bfc062723c751e8b465ee728b)
Start importing Assets/Scripts/ItemEffect.cs using Guid(fd5233f1bae844b4eb35a741ed966619) Importer(815301076,1909f56bfc062723c751e8b465ee728b) (PreviewImporter) -> (artifact id: '35046257c722b6ace97d76007eb011ab') in 0.0038627 seconds
Number of updated asset objects reloaded before import = 0Number of asset objects unloaded after import = 0

========================================================================
Received Import Request.
  Time since last request: 1.702185 seconds.
  path: Assets/Scripts/MainMenu.cs
  artifactKey: Guid(20e2ecb4756fdcf4f86573202c2589a5) Importer(815301076,1909f56bfc062723c751e8b465ee728b)
Start importing Assets/Scripts/MainMenu.cs using Guid(20e2ecb4756fdcf4f86573202c2589a5) Importer(815301076,1909f56bfc062723c751e8b465ee728b) (PreviewImporter) -> (artifact id: '57ea489d9fd4020e969c0c2ff622b976') in 0.0010632 seconds
Number of updated asset objects reloaded before import = 0Number of asset objects unloaded after import = 0

========================================================================
Received Import Request.
  Time since last request: 0.861192 seconds.
  path: Assets/Scripts/Menu
  artifactKey: Guid(3ff888b012f76d24992834022a26d675) Importer(2089858483,0ecaa5967403d082aa24f35e1b516d23)
Start importing Assets/Scripts/Menu using Guid(3ff888b012f76d24992834022a26d675) Importer(2089858483,0ecaa5967403d082aa24f35e1b516d23) (ScriptedImporter) -> (artifact id: '9b1e35fbbf5eeab52f447ce783884f84') in 0.0474581 seconds
Number of updated asset objects reloaded before import = 0Number of asset objects unloaded after import = 1

========================================================================
Received Prepare
Refreshing native plugins compatible for Editor in 21.33 ms, found 3 plugins.
Preloading 0 native plugins for Editor in 0.00 ms.
Unloading 16 Unused Serialized files (Serialized files now loaded: 0)
Unloading 6336 unused Assets / (3.8 MB). Loaded Objects now: 7415.
Memory consumption went from 145.1 MB to 141.4 MB.
Total: 448.636500 ms (FindLiveObjects: 1.873400 ms CreateObjectMapping: 2.141300 ms MarkObjects: 325.370000 ms  DeleteObjects: 119.250100 ms)

Prepare: number of updated asset objects reloaded= 0
========================================================================
Received Import Request.
  Time since last request: 6.293231 seconds.
  path: Assets/Scripts/Menu/MainMenu.cs
  artifactKey: Guid(20e2ecb4756fdcf4f86573202c2589a5) Importer(2089858483,0ecaa5967403d082aa24f35e1b516d23)
Start importing Assets/Scripts/Menu/MainMenu.cs using Guid(20e2ecb4756fdcf4f86573202c2589a5) Importer(2089858483,0ecaa5967403d082aa24f35e1b516d23) (ScriptedImporter) -> (artifact id: 'adfad88209fc472d8a2968300d47f625') in 0.0470441 seconds
Number of updated asset objects reloaded before import = 0Number of asset objects unloaded after import = 0

========================================================================
Received Prepare
Refreshing native plugins compatible for Editor in 2.73 ms, found 3 plugins.
Preloading 0 native plugins for Editor in 0.00 ms.
Unloading 16 Unused Serialized files (Serialized files now loaded: 0)
Unloading 6334 unused Assets / (4.5 MB). Loaded Objects now: 7415.
Memory consumption went from 145.1 MB to 140.6 MB.
Total: 19.683400 ms (FindLiveObjects: 0.981600 ms CreateObjectMapping: 1.373100 ms MarkObjects: 12.322800 ms  DeleteObjects: 5.004500 ms)

Prepare: number of updated asset objects reloaded= 0
========================================================================
Received Import Request.
  Time since last request: 8.222503 seconds.
  path: Assets/Scripts/Enemy
  artifactKey: Guid(9b328fd91de5b854bb0a79222e16155e) Importer(815301076,1909f56bfc062723c751e8b465ee728b)
Start importing Assets/Scripts/Enemy using Guid(9b328fd91de5b854bb0a79222e16155e) Importer(815301076,1909f56bfc062723c751e8b465ee728b) (PreviewImporter) -> (artifact id: 'c32c21655729485a45cc6d122b143181') in 0.0066665 seconds
Number of updated asset objects reloaded before import = 0Number of asset objects unloaded after import = 0

========================================================================
Received Import Request.
  Time since last request: 0.423411 seconds.
  path: Assets/Scripts/Menu/PauseManager.cs
  artifactKey: Guid(4dfa1053bfe974f4baf4eee2aba1e833) Importer(2089858483,0ecaa5967403d082aa24f35e1b516d23)
Start importing Assets/Scripts/Menu/PauseManager.cs using Guid(4dfa1053bfe974f4baf4eee2aba1e833) Importer(2089858483,0ecaa5967403d082aa24f35e1b516d23) (ScriptedImporter) -> (artifact id: '040a43162caf240ec46f8d0586928c1f') in 0.0512896 seconds
Number of updated asset objects reloaded before import = 0Number of asset objects unloaded after import = 0

========================================================================
Received Import Request.
  Time since last request: 0.000050 seconds.
  path: Assets/Scripts/Menu/SettingsMenu.cs
  artifactKey: Guid(2bbbe9fcac37a24458527e0cd3f7154d) Importer(2089858483,0ecaa5967403d082aa24f35e1b516d23)
Start importing Assets/Scripts/Menu/SettingsMenu.cs using Guid(2bbbe9fcac37a24458527e0cd3f7154d) Importer(2089858483,0ecaa5967403d082aa24f35e1b516d23) (ScriptedImporter) -> (artifact id: '7f91b035fef94e4651b2970a408c4208') in 0.0414885 seconds
Number of updated asset objects reloaded before import = 0Number of asset objects unloaded after import = 0

========================================================================
Received Import Request.
  Time since last request: 0.529327 seconds.
  path: Assets/Scripts/Enemy
  artifactKey: Guid(9b328fd91de5b854bb0a79222e16155e) Importer(2089858483,0ecaa5967403d082aa24f35e1b516d23)
Start importing Assets/Scripts/Enemy using Guid(9b328fd91de5b854bb0a79222e16155e) Importer(2089858483,0ecaa5967403d082aa24f35e1b516d23) (ScriptedImporter) -> (artifact id: 'd75aa9948aeff68b2b0144655ff65673') in 0.0417256 seconds
Number of updated asset objects reloaded before import = 0Number of asset objects unloaded after import = 1

========================================================================
Received Import Request.
  Time since last request: 0.683281 seconds.
  path: Assets/Scripts/Menu/Credit.cs
  artifactKey: Guid(569963e198804444b93e1953f33a74d8) Importer(2089858483,0ecaa5967403d082aa24f35e1b516d23)
Start importing Assets/Scripts/Menu/Credit.cs using Guid(569963e198804444b93e1953f33a74d8) Importer(2089858483,0ecaa5967403d082aa24f35e1b516d23) (ScriptedImporter) -> (artifact id: 'e6f962c1b21dce335074304177ab876b') in 0.0561996 seconds
Number of updated asset objects reloaded before import = 0Number of asset objects unloaded after import = 0

========================================================================
Received Prepare
Refreshing native plugins compatible for Editor in 8.63 ms, found 3 plugins.
Preloading 0 native plugins for Editor in 0.00 ms.
Unloading 16 Unused Serialized files (Serialized files now loaded: 0)
Unloading 6334 unused Assets / (2.2 MB). Loaded Objects now: 7415.
Memory consumption went from 145.1 MB to 142.9 MB.
Total: 149.589400 ms (FindLiveObjects: 1.428600 ms CreateObjectMapping: 9.076000 ms MarkObjects: 66.693600 ms  DeleteObjects: 72.389600 ms)

Prepare: number of updated asset objects reloaded= 0
========================================================================
Received Import Request.
  Time since last request: 3.779774 seconds.
  path: Assets/Scripts/Enemy/EnemyHealth.cs
  artifactKey: Guid(14050b210885a234c8673bb98d6afe11) Importer(2089858483,0ecaa5967403d082aa24f35e1b516d23)
Start importing Assets/Scripts/Enemy/EnemyHealth.cs using Guid(14050b210885a234c8673bb98d6afe11) Importer(2089858483,0ecaa5967403d082aa24f35e1b516d23) (ScriptedImporter) -> (artifact id: '28ffc7e52049faa0c033c1f4d8ca8d79') in 0.0402798 seconds
Number of updated asset objects reloaded before import = 0Number of asset objects unloaded after import = 0

========================================================================
Received Import Request.
  Time since last request: 0.000050 seconds.
  path: Assets/Scripts/Enemy/EnemyBehavior.cs
  artifactKey: Guid(13bbc5a489f53a6479a4c2a4a5bf66df) Importer(2089858483,0ecaa5967403d082aa24f35e1b516d23)
Start importing Assets/Scripts/Enemy/EnemyBehavior.cs using Guid(13bbc5a489f53a6479a4c2a4a5bf66df) Importer(2089858483,0ecaa5967403d082aa24f35e1b516d23) (ScriptedImporter) -> (artifact id: '7e60979ac38bcf4e2af8b400672b69a7') in 0.032875 seconds
Number of updated asset objects reloaded before import = 0Number of asset objects unloaded after import = 0

========================================================================
Received Import Request.
  Time since last request: 0.000061 seconds.
  path: Assets/Scripts/Enemy/EnemySpawn.cs
  artifactKey: Guid(b554412e3cbee594186c7d02b1232c95) Importer(2089858483,0ecaa5967403d082aa24f35e1b516d23)
Start importing Assets/Scripts/Enemy/EnemySpawn.cs using Guid(b554412e3cbee594186c7d02b1232c95) Importer(2089858483,0ecaa5967403d082aa24f35e1b516d23) (ScriptedImporter) -> (artifact id: '2508d2faddb56f50b8ebcc5c8b2942ea') in 0.0239076 seconds
Number of updated asset objects reloaded before import = 0Number of asset objects unloaded after import = 0

========================================================================
Received Import Request.
  Time since last request: 14.886003 seconds.
  path: Assets/Scripts/Items(a supprimer))
  artifactKey: Guid(2d1639b5619d2394d9ab4d49e8b9ed47) Importer(815301076,1909f56bfc062723c751e8b465ee728b)
Start importing Assets/Scripts/Items(a supprimer)) using Guid(2d1639b5619d2394d9ab4d49e8b9ed47) Importer(815301076,1909f56bfc062723c751e8b465ee728b) (PreviewImporter) -> (artifact id: '7ad3283d8bef33b2ab610e7e0dcbecea') in 0.0015591 seconds
Number of updated asset objects reloaded before import = 0Number of asset objects unloaded after import = 0

========================================================================
Received Import Request.
  Time since last request: 0.743307 seconds.
  path: Assets/Scripts/Items(a supprimer))
  artifactKey: Guid(2d1639b5619d2394d9ab4d49e8b9ed47) Importer(2089858483,0ecaa5967403d082aa24f35e1b516d23)
Start importing Assets/Scripts/Items(a supprimer)) using Guid(2d1639b5619d2394d9ab4d49e8b9ed47) Importer(2089858483,0ecaa5967403d082aa24f35e1b516d23) (ScriptedImporter) -> (artifact id: 'bc9b345e4bc29d27012c27b7b6e4bac9') in 0.0413184 seconds
Number of updated asset objects reloaded before import = 0Number of asset objects unloaded after import = 1

========================================================================
Received Prepare
Refreshing native plugins compatible for Editor in 2.77 ms, found 3 plugins.
Preloading 0 native plugins for Editor in 0.00 ms.
Unloading 16 Unused Serialized files (Serialized files now loaded: 0)
Unloading 6334 unused Assets / (5.2 MB). Loaded Objects now: 7415.
Memory consumption went from 145.1 MB to 139.9 MB.
Total: 26.209200 ms (FindLiveObjects: 1.859400 ms CreateObjectMapping: 2.381300 ms MarkObjects: 15.026100 ms  DeleteObjects: 6.941000 ms)

Prepare: number of updated asset objects reloaded= 0
========================================================================
Received Import Request.
  Time since last request: 10.022916 seconds.
  path: Assets/Scripts/Items(a supprimer))/ItemEffect.cs
  artifactKey: Guid(fd5233f1bae844b4eb35a741ed966619) Importer(2089858483,0ecaa5967403d082aa24f35e1b516d23)
Start importing Assets/Scripts/Items(a supprimer))/ItemEffect.cs using Guid(fd5233f1bae844b4eb35a741ed966619) Importer(2089858483,0ecaa5967403d082aa24f35e1b516d23) (ScriptedImporter) -> (artifact id: '49b570553b17a31a59dbd0ac7510acc3') in 0.0337689 seconds
Number of updated asset objects reloaded before import = 0Number of asset objects unloaded after import = 0

========================================================================
Received Import Request.
  Time since last request: 0.000032 seconds.
  path: Assets/Scripts/Items(a supprimer))/Inventory.cs
  artifactKey: Guid(ff405886be6864444bb5cfe4de5711ed) Importer(2089858483,0ecaa5967403d082aa24f35e1b516d23)
Start importing Assets/Scripts/Items(a supprimer))/Inventory.cs using Guid(ff405886be6864444bb5cfe4de5711ed) Importer(2089858483,0ecaa5967403d082aa24f35e1b516d23) (ScriptedImporter) -> (artifact id: 'd582dd18a6c50556a63b5c79c27c8764') in 0.0241363 seconds
Number of updated asset objects reloaded before import = 0Number of asset objects unloaded after import = 0

========================================================================
Received Import Request.
  Time since last request: 0.000035 seconds.
  path: Assets/Scripts/Items(a supprimer))/ItemData.cs
  artifactKey: Guid(e03c73b3d6730cd40ab4f46d2f75c392) Importer(2089858483,0ecaa5967403d082aa24f35e1b516d23)
Start importing Assets/Scripts/Items(a supprimer))/ItemData.cs using Guid(e03c73b3d6730cd40ab4f46d2f75c392) Importer(2089858483,0ecaa5967403d082aa24f35e1b516d23) (ScriptedImporter) -> (artifact id: 'edd92a10c3322f8cb19650c6d8ae8619') in 0.0281237 seconds
Number of updated asset objects reloaded before import = 0Number of asset objects unloaded after import = 0

========================================================================
Received Import Request.
  Time since last request: 0.000043 seconds.
  path: Assets/Scripts/Items(a supprimer))/Slot.cs
  artifactKey: Guid(68554a7c256af7643a138fac14e5628f) Importer(2089858483,0ecaa5967403d082aa24f35e1b516d23)
Start importing Assets/Scripts/Items(a supprimer))/Slot.cs using Guid(68554a7c256af7643a138fac14e5628f) Importer(2089858483,0ecaa5967403d082aa24f35e1b516d23) (ScriptedImporter) -> (artifact id: 'd750752a3ed3735c7b0581dd0e5800ae') in 0.0367484 seconds
Number of updated asset objects reloaded before import = 0Number of asset objects unloaded after import = 0

========================================================================
Received Import Request.
  Time since last request: 0.000036 seconds.
  path: Assets/Scripts/Items(a supprimer))/Item.cs
  artifactKey: Guid(79480a05706507e46a62dc28464acb70) Importer(2089858483,0ecaa5967403d082aa24f35e1b516d23)
Start importing Assets/Scripts/Items(a supprimer))/Item.cs using Guid(79480a05706507e46a62dc28464acb70) Importer(2089858483,0ecaa5967403d082aa24f35e1b516d23) (ScriptedImporter) -> (artifact id: '85723132b38069f7b2f11caf5ca3f410') in 0.0296005 seconds
Number of updated asset objects reloaded before import = 0Number of asset objects unloaded after import = 0

========================================================================
Received Import Request.
  Time since last request: 0.000046 seconds.
  path: Assets/Scripts/Items(a supprimer))/ItemActionPanel.cs
  artifactKey: Guid(f240e34cd7c495840a8fd086adf52fd7) Importer(2089858483,0ecaa5967403d082aa24f35e1b516d23)
Start importing Assets/Scripts/Items(a supprimer))/ItemActionPanel.cs using Guid(f240e34cd7c495840a8fd086adf52fd7) Importer(2089858483,0ecaa5967403d082aa24f35e1b516d23) (ScriptedImporter) -> (artifact id: 'a3f9532da77c48ef014058ee40958ff8') in 0.0504929 seconds
Number of updated asset objects reloaded before import = 0Number of asset objects unloaded after import = 0

========================================================================
Received Import Request.
  Time since last request: 2.546004 seconds.
  path: Assets/Scripts/Manager
  artifactKey: Guid(0fc7e336ffe40ad4ba1725e4b2e2d8d9) Importer(815301076,1909f56bfc062723c751e8b465ee728b)
Start importing Assets/Scripts/Manager using Guid(0fc7e336ffe40ad4ba1725e4b2e2d8d9) Importer(815301076,1909f56bfc062723c751e8b465ee728b) (PreviewImporter) -> (artifact id: '302f798f2472ea89d676a10b16266c1d') in 0.006509 seconds
Number of updated asset objects reloaded before import = 0Number of asset objects unloaded after import = 0

========================================================================
Received Import Request.
  Time since last request: 0.000111 seconds.
  path: Assets/Scripts/Manager
  artifactKey: Guid(0fc7e336ffe40ad4ba1725e4b2e2d8d9) Importer(2089858483,0ecaa5967403d082aa24f35e1b516d23)
Start importing Assets/Scripts/Manager using Guid(0fc7e336ffe40ad4ba1725e4b2e2d8d9) Importer(2089858483,0ecaa5967403d082aa24f35e1b516d23) (ScriptedImporter) -> (artifact id: 'ee182907678075cbc93876ce8ea24837') in 0.0456692 seconds
Number of updated asset objects reloaded before import = 0Number of asset objects unloaded after import = 1

========================================================================
Received Import Request.
  Time since last request: 0.335297 seconds.
  path: Assets/Scripts/Managers
  artifactKey: Guid(0fc7e336ffe40ad4ba1725e4b2e2d8d9) Importer(815301076,1909f56bfc062723c751e8b465ee728b)
Start importing Assets/Scripts/Managers using Guid(0fc7e336ffe40ad4ba1725e4b2e2d8d9) Importer(815301076,1909f56bfc062723c751e8b465ee728b) (PreviewImporter) -> (artifact id: '0f82f7ad6164b00378dc25dd3504a040') in 0.0028284 seconds
Number of updated asset objects reloaded before import = 0Number of asset objects unloaded after import = 0

========================================================================
Received Import Request.
  Time since last request: 0.650276 seconds.
  path: Assets/Scripts/Managers
  artifactKey: Guid(0fc7e336ffe40ad4ba1725e4b2e2d8d9) Importer(2089858483,0ecaa5967403d082aa24f35e1b516d23)
Start importing Assets/Scripts/Managers using Guid(0fc7e336ffe40ad4ba1725e4b2e2d8d9) Importer(2089858483,0ecaa5967403d082aa24f35e1b516d23) (ScriptedImporter) -> (artifact id: 'e02c8aafaf9ee22f7f38302431c3b997') in 0.0490931 seconds
Number of updated asset objects reloaded before import = 0Number of asset objects unloaded after import = 1

========================================================================
Received Prepare
Refreshing native plugins compatible for Editor in 4.69 ms, found 3 plugins.
Preloading 0 native plugins for Editor in 0.00 ms.
Unloading 16 Unused Serialized files (Serialized files now loaded: 0)
Unloading 6334 unused Assets / (4.7 MB). Loaded Objects now: 7415.
Memory consumption went from 145.2 MB to 140.5 MB.
Total: 22.577500 ms (FindLiveObjects: 1.376800 ms CreateObjectMapping: 2.207900 ms MarkObjects: 13.936800 ms  DeleteObjects: 5.054800 ms)

Prepare: number of updated asset objects reloaded= 0
========================================================================
Received Import Request.
  Time since last request: 3.861979 seconds.
  path: Assets/Scripts/Managers/GameOverManager.cs
  artifactKey: Guid(a2992af5e4428ac49be9fb2ba5a31081) Importer(2089858483,0ecaa5967403d082aa24f35e1b516d23)
Start importing Assets/Scripts/Managers/GameOverManager.cs using Guid(a2992af5e4428ac49be9fb2ba5a31081) Importer(2089858483,0ecaa5967403d082aa24f35e1b516d23) (ScriptedImporter) -> (artifact id: '443291082727e936e26c5f74f284ce10') in 0.0363336 seconds
Number of updated asset objects reloaded before import = 0Number of asset objects unloaded after import = 0

========================================================================
Received Import Request.
  Time since last request: 0.000167 seconds.
  path: Assets/Scripts/Managers/Singleton.cs
  artifactKey: Guid(ef64ff067c344454ea18adbb5caf34d8) Importer(2089858483,0ecaa5967403d082aa24f35e1b516d23)
Start importing Assets/Scripts/Managers/Singleton.cs using Guid(ef64ff067c344454ea18adbb5caf34d8) Importer(2089858483,0ecaa5967403d082aa24f35e1b516d23) (ScriptedImporter) -> (artifact id: '6ce8860dcc942956cfac22115e5d129e') in 0.0240284 seconds
Number of updated asset objects reloaded before import = 0Number of asset objects unloaded after import = 0

========================================================================
Received Import Request.
  Time since last request: 7.679915 seconds.
  path: Assets/Scripts/PNJ
  artifactKey: Guid(1380cd319b6b53849a1a9adb38561fac) Importer(815301076,1909f56bfc062723c751e8b465ee728b)
Start importing Assets/Scripts/PNJ using Guid(1380cd319b6b53849a1a9adb38561fac) Importer(815301076,1909f56bfc062723c751e8b465ee728b) (PreviewImporter) -> (artifact id: 'a1459094be2655650a80bd9b0590ad0d') in 0.0029627 seconds
Number of updated asset objects reloaded before import = 0Number of asset objects unloaded after import = 0

========================================================================
Received Import Request.
  Time since last request: 0.760780 seconds.
  path: Assets/Scripts/PNJ
  artifactKey: Guid(1380cd319b6b53849a1a9adb38561fac) Importer(2089858483,0ecaa5967403d082aa24f35e1b516d23)
Start importing Assets/Scripts/PNJ using Guid(1380cd319b6b53849a1a9adb38561fac) Importer(2089858483,0ecaa5967403d082aa24f35e1b516d23) (ScriptedImporter) -> (artifact id: 'e3a6506141b643f74f1e0222f2b89cb7') in 0.0537474 seconds
Number of updated asset objects reloaded before import = 0Number of asset objects unloaded after import = 1

========================================================================
Received Import Request.
  Time since last request: 17.548423 seconds.
  path: Assets/Animation/Player
  artifactKey: Guid(4d4f0281a08a47a48bc8d2ab097efa85) Importer(815301076,1909f56bfc062723c751e8b465ee728b)
Start importing Assets/Animation/Player using Guid(4d4f0281a08a47a48bc8d2ab097efa85) Importer(815301076,1909f56bfc062723c751e8b465ee728b) (PreviewImporter) -> (artifact id: 'e1168390056b8e9b80f2999fd204e1e1') in 0.0018952 seconds
Number of updated asset objects reloaded before import = 0Number of asset objects unloaded after import = 0

========================================================================
Received Import Request.
  Time since last request: 0.779081 seconds.
  path: Assets/Animation/Player
  artifactKey: Guid(4d4f0281a08a47a48bc8d2ab097efa85) Importer(2089858483,0ecaa5967403d082aa24f35e1b516d23)
Start importing Assets/Animation/Player using Guid(4d4f0281a08a47a48bc8d2ab097efa85) Importer(2089858483,0ecaa5967403d082aa24f35e1b516d23) (ScriptedImporter) -> (artifact id: '6b0782fbd0d3f6dd8401bfe20d88c5b6') in 0.0477186 seconds
Number of updated asset objects reloaded before import = 0Number of asset objects unloaded after import = 1

========================================================================
Received Import Request.
  Time since last request: 0.604682 seconds.
  path: Assets/Animation/Player.controller
  artifactKey: Guid(77d804687e96eff4587b569002920a02) Importer(815301076,1909f56bfc062723c751e8b465ee728b)
Start importing Assets/Animation/Player.controller using Guid(77d804687e96eff4587b569002920a02) Importer(815301076,1909f56bfc062723c751e8b465ee728b) (PreviewImporter) -> (artifact id: '0fc4c5d2352ed73329fabbb2ad02a1ff') in 0.0242794 seconds
Number of updated asset objects reloaded before import = 0Number of asset objects unloaded after import = 31

========================================================================
Received Import Request.
  Time since last request: 3.253142 seconds.
  path: Assets/Animation/Nouveau dossier
  artifactKey: Guid(b2f5f93da4fa1d345946f56e78eae04d) Importer(815301076,1909f56bfc062723c751e8b465ee728b)
Start importing Assets/Animation/Nouveau dossier using Guid(b2f5f93da4fa1d345946f56e78eae04d) Importer(815301076,1909f56bfc062723c751e8b465ee728b) (PreviewImporter) -> (artifact id: '47e9bdef64c4f7a6496271f486489ebe') in 0.0019311 seconds
Number of updated asset objects reloaded before import = 0Number of asset objects unloaded after import = 0

========================================================================
Received Import Request.
  Time since last request: 0.109994 seconds.
  path: Assets/Animation/Player/PlayerWalkFront.anim
  artifactKey: Guid(1e7a38006df633b4a9667047460a735c) Importer(2089858483,0ecaa5967403d082aa24f35e1b516d23)
Start importing Assets/Animation/Player/PlayerWalkFront.anim using Guid(1e7a38006df633b4a9667047460a735c) Importer(2089858483,0ecaa5967403d082aa24f35e1b516d23) (ScriptedImporter) -> (artifact id: '648a6faefd9e204acded336a6f1906ef') in 0.0771613 seconds
Number of updated asset objects reloaded before import = 0Number of asset objects unloaded after import = 1

========================================================================
Received Import Request.
  Time since last request: 0.000034 seconds.
  path: Assets/Animation/Player/PlayerDeath.anim
  artifactKey: Guid(d54655bdb9fc5c543bffd6ba5d81c1da) Importer(2089858483,0ecaa5967403d082aa24f35e1b516d23)
Start importing Assets/Animation/Player/PlayerDeath.anim using Guid(d54655bdb9fc5c543bffd6ba5d81c1da) Importer(2089858483,0ecaa5967403d082aa24f35e1b516d23) (ScriptedImporter) -> (artifact id: '7f6083c852280cb3cc65d44a264ab258') in 0.0503564 seconds
Number of updated asset objects reloaded before import = 0Number of asset objects unloaded after import = 1

========================================================================
Received Import Request.
  Time since last request: 0.000074 seconds.
  path: Assets/Animation/Player/PlayerWalk.anim
  artifactKey: Guid(bffeaeea797064745bff37376f315163) Importer(2089858483,0ecaa5967403d082aa24f35e1b516d23)
Start importing Assets/Animation/Player/PlayerWalk.anim using Guid(bffeaeea797064745bff37376f315163) Importer(2089858483,0ecaa5967403d082aa24f35e1b516d23) (ScriptedImporter) -> (artifact id: '89f4519c9961d63e43a553010cd7871a') in 0.0535879 seconds
Number of updated asset objects reloaded before import = 0Number of asset objects unloaded after import = 1

========================================================================
Received Import Request.
  Time since last request: 0.000044 seconds.
  path: Assets/Animation/Player/PlayerWalkNextTo.anim
  artifactKey: Guid(aa47e59d833d772499535c611a845c19) Importer(2089858483,0ecaa5967403d082aa24f35e1b516d23)
Start importing Assets/Animation/Player/PlayerWalkNextTo.anim using Guid(aa47e59d833d772499535c611a845c19) Importer(2089858483,0ecaa5967403d082aa24f35e1b516d23) (ScriptedImporter) -> (artifact id: 'bd57b2f28e4127e428e2ab48ba87a12f') in 0.0495204 seconds
Number of updated asset objects reloaded before import = 0Number of asset objects unloaded after import = 1

========================================================================
Received Import Request.
  Time since last request: 0.000039 seconds.
  path: Assets/Animation/Player/PlayerIdleNextTo.anim
  artifactKey: Guid(6bf70cf0432f48346a7706137defea33) Importer(2089858483,0ecaa5967403d082aa24f35e1b516d23)
Start importing Assets/Animation/Player/PlayerIdleNextTo.anim using Guid(6bf70cf0432f48346a7706137defea33) Importer(2089858483,0ecaa5967403d082aa24f35e1b516d23) (ScriptedImporter) -> (artifact id: '2c11e4c58cf3171a8d42d30aa6cc1c7b') in 0.0216437 seconds
Number of updated asset objects reloaded before import = 0Number of asset objects unloaded after import = 1

========================================================================
Received Import Request.
  Time since last request: 0.000049 seconds.
  path: Assets/Animation/Player/PlayerIdleBack.anim
  artifactKey: Guid(1cb9d1ac2e2d6874a92a143211e889ea) Importer(2089858483,0ecaa5967403d082aa24f35e1b516d23)
Start importing Assets/Animation/Player/PlayerIdleBack.anim using Guid(1cb9d1ac2e2d6874a92a143211e889ea) Importer(2089858483,0ecaa5967403d082aa24f35e1b516d23) (ScriptedImporter) -> (artifact id: '02fb476ff532ad9b2dc26ea95a1ec191') in 0.0216156 seconds
Number of updated asset objects reloaded before import = 0Number of asset objects unloaded after import = 1

========================================================================
Received Import Request.
  Time since last request: 0.000037 seconds.
  path: Assets/Animation/Player/Player.controller
  artifactKey: Guid(77d804687e96eff4587b569002920a02) Importer(2089858483,0ecaa5967403d082aa24f35e1b516d23)
Start importing Assets/Animation/Player/Player.controller using Guid(77d804687e96eff4587b569002920a02) Importer(2089858483,0ecaa5967403d082aa24f35e1b516d23) (ScriptedImporter) -> (artifact id: '7c424f43fe655f9ac16ea58277d6230f') in 0.0247339 seconds
Number of updated asset objects reloaded before import = 0Number of asset objects unloaded after import = 31

========================================================================
Received Import Request.
  Time since last request: 0.000035 seconds.
  path: Assets/Animation/Player/PlayerWalkBack.anim
  artifactKey: Guid(dc84d7a7e9b02b044a77be4ce7191eb4) Importer(2089858483,0ecaa5967403d082aa24f35e1b516d23)
Start importing Assets/Animation/Player/PlayerWalkBack.anim using Guid(dc84d7a7e9b02b044a77be4ce7191eb4) Importer(2089858483,0ecaa5967403d082aa24f35e1b516d23) (ScriptedImporter) -> (artifact id: '9a4dde5b9c6f2eed9db6cf5744b4f0ad') in 0.0239196 seconds
Number of updated asset objects reloaded before import = 0Number of asset objects unloaded after import = 1

========================================================================
Received Import Request.
  Time since last request: 0.000039 seconds.
  path: Assets/Animation/Player/PlayerHurt.anim
  artifactKey: Guid(31ab396bb1639594292507751ff9b534) Importer(2089858483,0ecaa5967403d082aa24f35e1b516d23)
Start importing Assets/Animation/Player/PlayerHurt.anim using Guid(31ab396bb1639594292507751ff9b534) Importer(2089858483,0ecaa5967403d082aa24f35e1b516d23) (ScriptedImporter) -> (artifact id: '8453c1a97a0a541038ed0a7c3ad6136e') in 0.0267787 seconds
Number of updated asset objects reloaded before import = 0Number of asset objects unloaded after import = 1

========================================================================
Received Import Request.
  Time since last request: 0.000060 seconds.
  path: Assets/Animation/Player/PlyerIdleFront.anim
  artifactKey: Guid(b18c1f79a17e50b4ebbc886753670d21) Importer(2089858483,0ecaa5967403d082aa24f35e1b516d23)
Start importing Assets/Animation/Player/PlyerIdleFront.anim using Guid(b18c1f79a17e50b4ebbc886753670d21) Importer(2089858483,0ecaa5967403d082aa24f35e1b516d23) (ScriptedImporter) -> (artifact id: '802a219f4f5189648191704d93b7b8f4') in 0.0227228 seconds
Number of updated asset objects reloaded before import = 0Number of asset objects unloaded after import = 1

========================================================================
Received Import Request.
  Time since last request: 1.131330 seconds.
  path: Assets/Animation/Gun
  artifactKey: Guid(eefef6925e5783147a7201c1dd4f91ec) Importer(815301076,1909f56bfc062723c751e8b465ee728b)
Start importing Assets/Animation/Gun using Guid(eefef6925e5783147a7201c1dd4f91ec) Importer(815301076,1909f56bfc062723c751e8b465ee728b) (PreviewImporter) -> (artifact id: 'a8b22c1a463e07ffa4b3f4ba6bde447a') in 0.0010597 seconds
Number of updated asset objects reloaded before import = 0Number of asset objects unloaded after import = 0

========================================================================
Received Import Request.
  Time since last request: 7.899102 seconds.
  path: Assets/TextMesh Pro
  artifactKey: Guid(f54d1bd14bd3ca042bd867b519fee8cc) Importer(815301076,1909f56bfc062723c751e8b465ee728b)
Start importing Assets/TextMesh Pro using Guid(f54d1bd14bd3ca042bd867b519fee8cc) Importer(815301076,1909f56bfc062723c751e8b465ee728b) (PreviewImporter) -> (artifact id: 'bd53921f18f4e8578fade51701fd5565') in 0.003474 seconds
Number of updated asset objects reloaded before import = 0Number of asset objects unloaded after import = 0

========================================================================
Received Prepare
Refreshing native plugins compatible for Editor in 3.02 ms, found 3 plugins.
Preloading 0 native plugins for Editor in 0.00 ms.
Unloading 16 Unused Serialized files (Serialized files now loaded: 0)
Unloading 6334 unused Assets / (5.8 MB). Loaded Objects now: 7415.
Memory consumption went from 145.0 MB to 139.3 MB.
Total: 33.047200 ms (FindLiveObjects: 1.741700 ms CreateObjectMapping: 1.367800 ms MarkObjects: 17.642200 ms  DeleteObjects: 12.294100 ms)

Prepare: number of updated asset objects reloaded= 12
========================================================================
Received Import Request.
  Time since last request: 9.474229 seconds.
  path: Assets/Settings/TextMesh Pro/Fonts
  artifactKey: Guid(6ab70aee4d56447429c680537fbf93ed) Importer(2089858483,0ecaa5967403d082aa24f35e1b516d23)
Start importing Assets/Settings/TextMesh Pro/Fonts using Guid(6ab70aee4d56447429c680537fbf93ed) Importer(2089858483,0ecaa5967403d082aa24f35e1b516d23) (ScriptedImporter) -> (artifact id: '1e87d8b83a1e5615847e0e5eccaf6bb7') in 0.0949862 seconds
Number of updated asset objects reloaded before import = 0Number of asset objects unloaded after import = 1

========================================================================
Received Import Request.
  Time since last request: 0.000082 seconds.
  path: Assets/Settings/TextMesh Pro/Examples & Extras/Materials/Small Crate_diffuse.mat
  artifactKey: Guid(22262639920f43d6be32430e4e58350d) Importer(2089858483,0ecaa5967403d082aa24f35e1b516d23)
Start importing Assets/Settings/TextMesh Pro/Examples & Extras/Materials/Small Crate_diffuse.mat using Guid(22262639920f43d6be32430e4e58350d) Importer(2089858483,0ecaa5967403d082aa24f35e1b516d23) (ScriptedImporter) -> (artifact id: '30449a081c97e21659f4989d95356206') in 1.5751403 seconds
Number of updated asset objects reloaded before import = 0Number of asset objects unloaded after import = 3

========================================================================
Received Import Request.
  Time since last request: 0.000083 seconds.
  path: Assets/Settings/TextMesh Pro/Resources/Fonts & Materials/LiberationSans SDF - Drop Shadow.mat
  artifactKey: Guid(e73a58f6e2794ae7b1b7e50b7fb811b0) Importer(2089858483,0ecaa5967403d082aa24f35e1b516d23)
Start importing Assets/Settings/TextMesh Pro/Resources/Fonts & Materials/LiberationSans SDF - Drop Shadow.mat using Guid(e73a58f6e2794ae7b1b7e50b7fb811b0) Importer(2089858483,0ecaa5967403d082aa24f35e1b516d23) (ScriptedImporter) -> (artifact id: '48e29a48d8b5482389419ed405ff0886') in 0.1337422 seconds
Number of updated asset objects reloaded before import = 0Number of asset objects unloaded after import = 2

========================================================================
Received Import Request.
  Time since last request: 0.000045 seconds.
  path: Assets/Settings/TextMesh Pro/Resources/LineBreaking Leading Characters.txt
  artifactKey: Guid(d82c1b31c7e74239bff1220585707d2b) Importer(2089858483,0ecaa5967403d082aa24f35e1b516d23)
Start importing Assets/Settings/TextMesh Pro/Resources/LineBreaking Leading Characters.txt using Guid(d82c1b31c7e74239bff1220585707d2b) Importer(2089858483,0ecaa5967403d082aa24f35e1b516d23) (ScriptedImporter) -> (artifact id: '3abcdf7e4c25c9c943b6cf8c316472c1') in 0.0257497 seconds
Number of updated asset objects reloaded before import = 0Number of asset objects unloaded after import = 1

========================================================================
Received Import Request.
  Time since last request: 0.000074 seconds.
  path: Assets/Settings/TextMesh Pro/Examples & Extras/Resources/Fonts & Materials/Unity SDF.asset
  artifactKey: Guid(c9adb1f542a93ae489bacfeae21e8394) Importer(2089858483,0ecaa5967403d082aa24f35e1b516d23)
Start importing Assets/Settings/TextMesh Pro/Examples & Extras/Resources/Fonts & Materials/Unity SDF.asset using Guid(c9adb1f542a93ae489bacfeae21e8394) Importer(2089858483,0ecaa5967403d082aa24f35e1b516d23) (ScriptedImporter) -> (artifact id: '730a97cd227fd9602df57880bd72f1ba') in 0.0954831 seconds
Number of updated asset objects reloaded before import = 0Number of asset objects unloaded after import = 4

========================================================================
Received Import Request.
  Time since last request: 0.000052 seconds.
  path: Assets/Settings/TextMesh Pro/Examples & Extras/Scenes/24 - Surface Shader Example URP.unity
  artifactKey: Guid(57694ed9d1cd1e340a4924c0f2eac8e3) Importer(2089858483,0ecaa5967403d082aa24f35e1b516d23)
Start importing Assets/Settings/TextMesh Pro/Examples & Extras/Scenes/24 - Surface Shader Example URP.unity using Guid(57694ed9d1cd1e340a4924c0f2eac8e3) Importer(2089858483,0ecaa5967403d082aa24f35e1b516d23) (ScriptedImporter) -> (artifact id: '0f79615aded7e1c9bd22ddab20f44b49') in 0.0348654 seconds
Number of updated asset objects reloaded before import = 0Number of asset objects unloaded after import = 1

========================================================================
Received Import Request.
  Time since last request: 0.000053 seconds.
  path: Assets/Settings/TextMesh Pro/Examples & Extras/Scenes/28 - HDRP Shader Example/Sky and Fog Volume Profile.asset
  artifactKey: Guid(83ba2e375bed45f48bce43e5a5f7c88a) Importer(2089858483,0ecaa5967403d082aa24f35e1b516d23)
Start importing Assets/Settings/TextMesh Pro/Examples & Extras/Scenes/28 - HDRP Shader Example/Sky and Fog Volume Profile.asset using Guid(83ba2e375bed45f48bce43e5a5f7c88a) Importer(2089858483,0ecaa5967403d082aa24f35e1b516d23) (ScriptedImporter) -> (artifact id: '374b52f926fb894cdc4c9a81540870fc') in 0.0355244 seconds
Number of updated asset objects reloaded before import = 0Number of asset objects unloaded after import = 2

========================================================================
Received Import Request.
  Time since last request: 0.000042 seconds.
  path: Assets/Settings/TextMesh Pro/Examples & Extras/Fonts/Anton OFL.txt
  artifactKey: Guid(73a79399807f4e8388c2cbb5494681ca) Importer(2089858483,0ecaa5967403d082aa24f35e1b516d23)
Start importing Assets/Settings/TextMesh Pro/Examples & Extras/Fonts/Anton OFL.txt using Guid(73a79399807f4e8388c2cbb5494681ca) Importer(2089858483,0ecaa5967403d082aa24f35e1b516d23) (ScriptedImporter) -> (artifact id: 'a66084ff9c2abe24b1b8d317533bfd73') in 0.0201851 seconds
Number of updated asset objects reloaded before import = 0Number of asset objects unloaded after import = 1

========================================================================
Received Import Request.
  Time since last request: 0.000062 seconds.
  path: Assets/Settings/TextMesh Pro/Examples & Extras/Fonts/Oswald-Bold.ttf
  artifactKey: Guid(c9f6d0e7bc8541498c9a4799ba184ede) Importer(2089858483,0ecaa5967403d082aa24f35e1b516d23)
Start importing Assets/Settings/TextMesh Pro/Examples & Extras/Fonts/Oswald-Bold.ttf using Guid(c9f6d0e7bc8541498c9a4799ba184ede) Importer(2089858483,0ecaa5967403d082aa24f35e1b516d23) (ScriptedImporter) -> (artifact id: 'f176ca7ec7f6a6d5a81fce317ddcd402') in 0.031009 seconds
Number of updated asset objects reloaded before import = 0Number of asset objects unloaded after import = 3

========================================================================
Received Import Request.
  Time since last request: 0.000056 seconds.
  path: Assets/Settings/TextMesh Pro/Examples & Extras/Resources/Color Gradient Presets/Blue to Purple - Vertical.asset
  artifactKey: Guid(479a66fa4b094512a62b0a8e553ad95a) Importer(2089858483,0ecaa5967403d082aa24f35e1b516d23)
Start importing Assets/Settings/TextMesh Pro/Examples & Extras/Resources/Color Gradient Presets/Blue to Purple - Vertical.asset using Guid(479a66fa4b094512a62b0a8e553ad95a) Importer(2089858483,0ecaa5967403d082aa24f35e1b516d23) (ScriptedImporter) -> (artifact id: '4959958b92bfe7f0f5a5505c9b69deaa') in 0.1548873 seconds
Number of updated asset objects reloaded before import = 0Number of asset objects unloaded after import = 1

========================================================================
Received Import Request.
  Time since last request: 0.000033 seconds.
  path: Assets/Settings/TextMesh Pro/Sprites/EmojiOne.json
  artifactKey: Guid(8f05276190cf498a8153f6cbe761d4e6) Importer(2089858483,0ecaa5967403d082aa24f35e1b516d23)
Start importing Assets/Settings/TextMesh Pro/Sprites/EmojiOne.json using Guid(8f05276190cf498a8153f6cbe761d4e6) Importer(2089858483,0ecaa5967403d082aa24f35e1b516d23) (ScriptedImporter) -> (artifact id: '567864294d0259dc90e38768a4704476') in 0.0316914 seconds
Number of updated asset objects reloaded before import = 0Number of asset objects unloaded after import = 1

========================================================================
Received Import Request.
  Time since last request: 0.000050 seconds.
  path: Assets/Settings/TextMesh Pro/Examples & Extras/Scripts/TextConsoleSimulator.cs
  artifactKey: Guid(43bcd35a1c0c40ccb6d472893fe2093f) Importer(2089858483,0ecaa5967403d082aa24f35e1b516d23)
Start importing Assets/Settings/TextMesh Pro/Examples & Extras/Scripts/TextConsoleSimulator.cs using Guid(43bcd35a1c0c40ccb6d472893fe2093f) Importer(2089858483,0ecaa5967403d082aa24f35e1b516d23) (ScriptedImporter) -> (artifact id: '9b89fd9fd92d9c1d29b23f1799173a45') in 0.0240331 seconds
Number of updated asset objects reloaded before import = 0Number of asset objects unloaded after import = 0

========================================================================
Received Import Request.
  Time since last request: 0.000038 seconds.
  path: Assets/Settings/TextMesh Pro/Examples & Extras/Scenes/12a - Text Interactions.unity
  artifactKey: Guid(08572ab7713642c8a60789750f0bce5c) Importer(2089858483,0ecaa5967403d082aa24f35e1b516d23)
Start importing Assets/Settings/TextMesh Pro/Examples & Extras/Scenes/12a - Text Interactions.unity using Guid(08572ab7713642c8a60789750f0bce5c) Importer(2089858483,0ecaa5967403d082aa24f35e1b516d23) (ScriptedImporter) -> (artifact id: '191f38330e62c4c9d76952c658fad733') in 0.019191 seconds
Number of updated asset objects reloaded before import = 0Number of asset objects unloaded after import = 1

========================================================================
Received Import Request.
  Time since last request: 0.000026 seconds.
  path: Assets/Settings/TextMesh Pro/Examples & Extras/Scenes
  artifactKey: Guid(db1090641b3241f6995b587eb21637bc) Importer(2089858483,0ecaa5967403d082aa24f35e1b516d23)
Start importing Assets/Settings/TextMesh Pro/Examples & Extras/Scenes using Guid(db1090641b3241f6995b587eb21637bc) Importer(2089858483,0ecaa5967403d082aa24f35e1b516d23) (ScriptedImporter) -> (artifact id: '6b2b8a21c8d02fed31a46577006d31f9') in 0.0188551 seconds
Number of updated asset objects reloaded before import = 0Number of asset objects unloaded after import = 1

========================================================================
Received Import Request.
  Time since last request: 0.000036 seconds.
  path: Assets/Settings/TextMesh Pro/Examples & Extras/Resources/Fonts & Materials/Roboto-Bold SDF - HDRP Unlit.mat
  artifactKey: Guid(2ddca8f46aa0838419d568affb0ca6b4) Importer(2089858483,0ecaa5967403d082aa24f35e1b516d23)
Start importing Assets/Settings/TextMesh Pro/Examples & Extras/Resources/Fonts & Materials/Roboto-Bold SDF - HDRP Unlit.mat using Guid(2ddca8f46aa0838419d568affb0ca6b4) Importer(2089858483,0ecaa5967403d082aa24f35e1b516d23) (ScriptedImporter) -> (artifact id: 'fa1f1799ef002b83f63b589f6ee875eb') in 0.0434615 seconds
Number of updated asset objects reloaded before import = 0Number of asset objects unloaded after import = 4

========================================================================
Received Import Request.
  Time since last request: 0.000071 seconds.
  path: Assets/Settings/TextMesh Pro/Examples & Extras/Scripts/ShaderPropAnimator.cs
  artifactKey: Guid(2787a46a4dc848c1b4b7b9307b614bfd) Importer(2089858483,0ecaa5967403d082aa24f35e1b516d23)
Start importing Assets/Settings/TextMesh Pro/Examples & Extras/Scripts/ShaderPropAnimator.cs using Guid(2787a46a4dc848c1b4b7b9307b614bfd) Importer(2089858483,0ecaa5967403d082aa24f35e1b516d23) (ScriptedImporter) -> (artifact id: '174a2dda8a84356b81712a43d41adc14') in 0.0192181 seconds
Number of updated asset objects reloaded before import = 0Number of asset objects unloaded after import = 0

========================================================================
Received Import Request.
  Time since last request: 0.000027 seconds.
  path: Assets/Settings/TextMesh Pro/Examples & Extras/Resources/Fonts & Materials/Bangers SDF - Outline.mat
  artifactKey: Guid(f629c6e43dba4bf38cb74d8860150664) Importer(2089858483,0ecaa5967403d082aa24f35e1b516d23)
Start importing Assets/Settings/TextMesh Pro/Examples & Extras/Resources/Fonts & Materials/Bangers SDF - Outline.mat using Guid(f629c6e43dba4bf38cb74d8860150664) Importer(2089858483,0ecaa5967403d082aa24f35e1b516d23) (ScriptedImporter) -> (artifact id: '41f76f9410c2e38daf4ef91d87bfd7b2') in 0.0238797 seconds
Number of updated asset objects reloaded before import = 0Number of asset objects unloaded after import = 2

========================================================================
Received Import Request.
  Time since last request: 0.000034 seconds.
  path: Assets/Settings/TextMesh Pro/Examples & Extras/Scripts/TMP_DigitValidator.cs
  artifactKey: Guid(1a7eb92a01ed499a987bde9def05fbce) Importer(2089858483,0ecaa5967403d082aa24f35e1b516d23)
Start importing Assets/Settings/TextMesh Pro/Examples & Extras/Scripts/TMP_DigitValidator.cs using Guid(1a7eb92a01ed499a987bde9def05fbce) Importer(2089858483,0ecaa5967403d082aa24f35e1b516d23) (ScriptedImporter) -> (artifact id: 'b861115a16868a4aa4857306df87e524') in 0.029657 seconds
Number of updated asset objects reloaded before import = 0Number of asset objects unloaded after import = 0

========================================================================
Received Import Request.
  Time since last request: 0.000046 seconds.
  path: Assets/Settings/TextMesh Pro/Examples & Extras/Scripts/SkewTextExample.cs
  artifactKey: Guid(d412675cfb3441efa3bf8dcd9b7624dc) Importer(2089858483,0ecaa5967403d082aa24f35e1b516d23)
Start importing Assets/Settings/TextMesh Pro/Examples & Extras/Scripts/SkewTextExample.cs using Guid(d412675cfb3441efa3bf8dcd9b7624dc) Importer(2089858483,0ecaa5967403d082aa24f35e1b516d23) (ScriptedImporter) -> (artifact id: 'b59cb89623e6efd27d7dfa0c0af69d6a') in 0.0548933 seconds
Number of updated asset objects reloaded before import = 0Number of asset objects unloaded after import = 0

========================================================================
Received Import Request.
  Time since last request: 0.000051 seconds.
  path: Assets/Settings/TextMesh Pro/Examples & Extras/Scripts/VertexShakeB.cs
  artifactKey: Guid(e4e0d9ccee5f4950be8979268c9014e0) Importer(2089858483,0ecaa5967403d082aa24f35e1b516d23)
Start importing Assets/Settings/TextMesh Pro/Examples & Extras/Scripts/VertexShakeB.cs using Guid(e4e0d9ccee5f4950be8979268c9014e0) Importer(2089858483,0ecaa5967403d082aa24f35e1b516d23) (ScriptedImporter) -> (artifact id: 'c9bf712a32c37184cc0494889c1816f1') in 0.0476268 seconds
Number of updated asset objects reloaded before import = 0Number of asset objects unloaded after import = 0

========================================================================
Received Import Request.
  Time since last request: 0.000053 seconds.
  path: Assets/Settings/TextMesh Pro/Examples & Extras/Scripts/Benchmark04.cs
  artifactKey: Guid(dc20866c0d5e413ab7559440e15333ae) Importer(2089858483,0ecaa5967403d082aa24f35e1b516d23)
Start importing Assets/Settings/TextMesh Pro/Examples & Extras/Scripts/Benchmark04.cs using Guid(dc20866c0d5e413ab7559440e15333ae) Importer(2089858483,0ecaa5967403d082aa24f35e1b516d23) (ScriptedImporter) -> (artifact id: '80b6eea9ac1ea5fbe5f804642b963415') in 0.0512833 seconds
Number of updated asset objects reloaded before import = 0Number of asset objects unloaded after import = 0

========================================================================
Received Import Request.
  Time since last request: 0.000039 seconds.
  path: Assets/Settings/TextMesh Pro/Examples & Extras/Resources/Fonts & Materials/Bangers SDF Logo.mat
  artifactKey: Guid(f4e195ac1e204eff960149d1cb34e18c) Importer(2089858483,0ecaa5967403d082aa24f35e1b516d23)
Start importing Assets/Settings/TextMesh Pro/Examples & Extras/Resources/Fonts & Materials/Bangers SDF Logo.mat using Guid(f4e195ac1e204eff960149d1cb34e18c) Importer(2089858483,0ecaa5967403d082aa24f35e1b516d23) (ScriptedImporter) -> (artifact id: '14fb559c3ad4d3eb9caadbfd3e32875f') in 0.0627567 seconds
Number of updated asset objects reloaded before import = 0Number of asset objects unloaded after import = 4

========================================================================
Received Import Request.
  Time since last request: 0.000127 seconds.
  path: Assets/Settings/TextMesh Pro/Shaders/TMPro.cginc
  artifactKey: Guid(407bc68d299748449bbf7f48ee690f8d) Importer(2089858483,0ecaa5967403d082aa24f35e1b516d23)
Start importing Assets/Settings/TextMesh Pro/Shaders/TMPro.cginc using Guid(407bc68d299748449bbf7f48ee690f8d) Importer(2089858483,0ecaa5967403d082aa24f35e1b516d23) (ScriptedImporter) -> (artifact id: 'fb057c2b272b5db629a636b3b982323d') in 0.0448849 seconds
Number of updated asset objects reloaded before import = 0Number of asset objects unloaded after import = 1

========================================================================
Received Import Request.
  Time since last request: 0.000151 seconds.
  path: Assets/Settings/TextMesh Pro/Examples & Extras/Scenes/07 - Superscript & Subscript Example.unity
  artifactKey: Guid(03ec435d4b7140e9b2d87f79136d8374) Importer(2089858483,0ecaa5967403d082aa24f35e1b516d23)
Start importing Assets/Settings/TextMesh Pro/Examples & Extras/Scenes/07 - Superscript & Subscript Example.unity using Guid(03ec435d4b7140e9b2d87f79136d8374) Importer(2089858483,0ecaa5967403d082aa24f35e1b516d23) (ScriptedImporter) -> (artifact id: '6cc8937c0579184aa07c54ef8a3efa0d') in 0.0641863 seconds
Number of updated asset objects reloaded before import = 0Number of asset objects unloaded after import = 1

========================================================================
Received Import Request.
  Time since last request: 0.000099 seconds.
  path: Assets/Settings/TextMesh Pro/Examples & Extras/Textures/Wipe Pattern - Circle.psd
  artifactKey: Guid(10c49fcd9c64421db7c0133e61e55f97) Importer(2089858483,0ecaa5967403d082aa24f35e1b516d23)
Start importing Assets/Settings/TextMesh Pro/Examples & Extras/Textures/Wipe Pattern - Circle.psd using Guid(10c49fcd9c64421db7c0133e61e55f97) Importer(2089858483,0ecaa5967403d082aa24f35e1b516d23) (ScriptedImporter) -> (artifact id: '5ded47a553499abb05aa53dcd90e2c3a') in 0.0876404 seconds
Number of updated asset objects reloaded before import = 0Number of asset objects unloaded after import = 1

========================================================================
Received Import Request.
  Time since last request: 0.000048 seconds.
  path: Assets/Settings/TextMesh Pro/Examples & Extras/Prefabs/TextMeshPro - Prefab 1.prefab
  artifactKey: Guid(a6e39ced0ea046bcb636c3f0b2e2a745) Importer(2089858483,0ecaa5967403d082aa24f35e1b516d23)
Start importing Assets/Settings/TextMesh Pro/Examples & Extras/Prefabs/TextMeshPro - Prefab 1.prefab using Guid(a6e39ced0ea046bcb636c3f0b2e2a745) Importer(2089858483,0ecaa5967403d082aa24f35e1b516d23) (ScriptedImporter)The method get_fontSharedMaterials was not found on TextMeshPro - Prefab 1. This property will not be indexed.
UnityEngine.Debug:ExtractStackTraceNoAlloc (byte*,int,string)
UnityEngine.StackTraceUtility:ExtractStackTrace ()
UnityEngine.DebugLogHandler:Internal_Log (UnityEngine.LogType,UnityEngine.LogOption,string,UnityEngine.Object)
UnityEngine.DebugLogHandler:LogFormat (UnityEngine.LogType,UnityEngine.Object,string,object[])
UnityEngine.Logger:Log (UnityEngine.LogType,object)
UnityEngine.Debug:LogWarning (object)
UnityEditor.Rendering.Universal.MaterialReferenceBuilder:GetMaterialFromMethod (System.Reflection.MethodInfo,UnityEngine.Object,System.Func`3<string, string, string>) (at ./Library/PackageCache/com.unity.render-pipelines.universal@ba467ec059b9/Editor/Converter/MaterialReferenceBuilder.cs:133)
UnityEditor.Rendering.Universal.ConversionIndexers:ConversionIndexer (UnityEditor.Search.CustomObjectIndexerTarget,UnityEditor.Search.ObjectIndexer) (at ./Library/PackageCache/com.unity.render-pipelines.universal@ba467ec059b9/Editor/Converter/ConversionIndexers.cs:21)
UnityEditor.Search.ObjectIndexer:CallCustomIndexers (string,int,UnityEngine.Object,UnityEditor.SerializedObject,bool)
UnityEditor.Search.ObjectIndexer:IndexCustomProperties (string,int,UnityEngine.Object)
UnityEditor.Search.AssetIndexer:IndexCustomGameObjectProperties (string,int,UnityEngine.GameObject)
UnityEditor.Search.AssetIndexer:IndexProperties (int&,string&,bool&)
UnityEditor.Search.AssetIndexer:IndexDocument (string,bool)
UnityEditor.Search.SearchIndexEntryImporter:OnImportAsset (UnityEditor.AssetImporters.AssetImportContext)
UnityEditor.AssetImporters.ScriptedImporter:GenerateAssetData (UnityEditor.AssetImporters.AssetImportContext)

(Filename: ./Library/PackageCache/com.unity.render-pipelines.universal@ba467ec059b9/Editor/Converter/MaterialReferenceBuilder.cs Line: 133)

 -> (artifact id: '699703ff9d68901db6be04716a3dc872') in 0.4974655 seconds
Number of updated asset objects reloaded before import = 0Number of asset objects unloaded after import = 16

========================================================================
Received Import Request.
  Time since last request: 0.000109 seconds.
  path: Assets/Settings/TextMesh Pro/Examples & Extras/Scripts/Benchmark02.cs
  artifactKey: Guid(e8538afcddc14efbb5d9e94b7ae50197) Importer(2089858483,0ecaa5967403d082aa24f35e1b516d23)
Start importing Assets/Settings/TextMesh Pro/Examples & Extras/Scripts/Benchmark02.cs using Guid(e8538afcddc14efbb5d9e94b7ae50197) Importer(2089858483,0ecaa5967403d082aa24f35e1b516d23) (ScriptedImporter) -> (artifact id: 'fb88d9adf76700b20a6e625d6b1fb257') in 0.037225 seconds
Number of updated asset objects reloaded before import = 0Number of asset objects unloaded after import = 0

========================================================================
Received Import Request.
  Time since last request: 0.000070 seconds.
  path: Assets/Settings/TextMesh Pro/Examples & Extras/Scenes/04 - Word Wrapping.unity
  artifactKey: Guid(8f7137eacd7042d5b17ef0efe5e744f5) Importer(2089858483,0ecaa5967403d082aa24f35e1b516d23)
Start importing Assets/Settings/TextMesh Pro/Examples & Extras/Scenes/04 - Word Wrapping.unity using Guid(8f7137eacd7042d5b17ef0efe5e744f5) Importer(2089858483,0ecaa5967403d082aa24f35e1b516d23) (ScriptedImporter) -> (artifact id: '5672a8e7c1a2b0924ade3d8091481a32') in 0.0492253 seconds
Number of updated asset objects reloaded before import = 0Number of asset objects unloaded after import = 1

========================================================================
Received Import Request.
  Time since last request: 0.000045 seconds.
  path: Assets/Settings/TextMesh Pro/Examples & Extras/Scenes/14 - Multi Font & Sprites.unity
  artifactKey: Guid(22a2fba786ad4c40ac0ba09f0b933100) Importer(2089858483,0ecaa5967403d082aa24f35e1b516d23)
Start importing Assets/Settings/TextMesh Pro/Examples & Extras/Scenes/14 - Multi Font & Sprites.unity using Guid(22a2fba786ad4c40ac0ba09f0b933100) Importer(2089858483,0ecaa5967403d082aa24f35e1b516d23) (ScriptedImporter) -> (artifact id: 'd570f8215123a31d1f536ff62f67278f') in 0.0373215 seconds
Number of updated asset objects reloaded before import = 0Number of asset objects unloaded after import = 1

========================================================================
Received Import Request.
  Time since last request: 0.000048 seconds.
  path: Assets/Settings/TextMesh Pro/Shaders/TMPro_Mobile.cginc
  artifactKey: Guid(c334973cef89a9840b0b0c507e0377ab) Importer(2089858483,0ecaa5967403d082aa24f35e1b516d23)
Start importing Assets/Settings/TextMesh Pro/Shaders/TMPro_Mobile.cginc using Guid(c334973cef89a9840b0b0c507e0377ab) Importer(2089858483,0ecaa5967403d082aa24f35e1b516d23) (ScriptedImporter) -> (artifact id: '0ffaba2676bb175600e173b12fe19968') in 0.0454851 seconds
Number of updated asset objects reloaded before import = 0Number of asset objects unloaded after import = 1

========================================================================
Received Import Request.
  Time since last request: 0.000062 seconds.
  path: Assets/Settings/TextMesh Pro/Examples & Extras/Fonts/Oswald-Bold - OFL.txt
  artifactKey: Guid(d2cf87a8a7a94aa8b80dff1c807c1178) Importer(2089858483,0ecaa5967403d082aa24f35e1b516d23)
Start importing Assets/Settings/TextMesh Pro/Examples & Extras/Fonts/Oswald-Bold - OFL.txt using Guid(d2cf87a8a7a94aa8b80dff1c807c1178) Importer(2089858483,0ecaa5967403d082aa24f35e1b516d23) (ScriptedImporter) -> (artifact id: '361a0b7df407d5d178d22a470dc9d4c4') in 0.0546259 seconds
Number of updated asset objects reloaded before import = 0Number of asset objects unloaded after import = 1

========================================================================
Received Import Request.
  Time since last request: 0.000084 seconds.
  path: Assets/Settings/TextMesh Pro/Examples & Extras/Resources/Color Gradient Presets/Yellow to Orange - Vertical.asset
  artifactKey: Guid(69a525efa7e6472eab268f6ea605f06e) Importer(2089858483,0ecaa5967403d082aa24f35e1b516d23)
Start importing Assets/Settings/TextMesh Pro/Examples & Extras/Resources/Color Gradient Presets/Yellow to Orange - Vertical.asset using Guid(69a525efa7e6472eab268f6ea605f06e) Importer(2089858483,0ecaa5967403d082aa24f35e1b516d23) (ScriptedImporter) -> (artifact id: 'a87a578c036ce11cc84300c3e34e0991') in 0.0924728 seconds
Number of updated asset objects reloaded before import = 0Number of asset objects unloaded after import = 1

========================================================================
Received Import Request.
  Time since last request: 0.000053 seconds.
  path: Assets/Settings/TextMesh Pro/Examples & Extras/Textures/Gradient Horizontal (Color).jpg
  artifactKey: Guid(6eb184de103d4b3f812b38561065192f) Importer(2089858483,0ecaa5967403d082aa24f35e1b516d23)
Start importing Assets/Settings/TextMesh Pro/Examples & Extras/Textures/Gradient Horizontal (Color).jpg using Guid(6eb184de103d4b3f812b38561065192f) Importer(2089858483,0ecaa5967403d082aa24f35e1b516d23) (ScriptedImporter) -> (artifact id: '1fc645ca1bf039c6f2a11b6fc250687d') in 0.1014397 seconds
Number of updated asset objects reloaded before import = 0Number of asset objects unloaded after import = 1

========================================================================
Received Import Request.
  Time since last request: 0.000047 seconds.
  path: Assets/Settings/TextMesh Pro/Examples & Extras/Materials/Crate - URP.mat
  artifactKey: Guid(3b5cc91c3bf8cf74391252247f52fb59) Importer(2089858483,0ecaa5967403d082aa24f35e1b516d23)
Start importing Assets/Settings/TextMesh Pro/Examples & Extras/Materials/Crate - URP.mat using Guid(3b5cc91c3bf8cf74391252247f52fb59) Importer(2089858483,0ecaa5967403d082aa24f35e1b516d23) (ScriptedImporter) -> (artifact id: '3a9a2838e52ec1424f3c5debd5a34ef8') in 0.0619535 seconds
Number of updated asset objects reloaded before import = 0Number of asset objects unloaded after import = 3

========================================================================
Received Import Request.
  Time since last request: 0.000043 seconds.
  path: Assets/Settings/TextMesh Pro/Shaders/TMP_SDF-Mobile Overlay.shader
  artifactKey: Guid(a02a7d8c237544f1962732b55a9aebf1) Importer(2089858483,0ecaa5967403d082aa24f35e1b516d23)
Start importing Assets/Settings/TextMesh Pro/Shaders/TMP_SDF-Mobile Overlay.shader using Guid(a02a7d8c237544f1962732b55a9aebf1) Importer(2089858483,0ecaa5967403d082aa24f35e1b516d23) (ScriptedImporter) -> (artifact id: 'e1e5456d7c993f15bafeabd290d6bbc1') in 0.0611806 seconds
Number of updated asset objects reloaded before import = 0Number of asset objects unloaded after import = 1

========================================================================
Received Import Request.
  Time since last request: 0.000046 seconds.
  path: Assets/Settings/TextMesh Pro/Examples & Extras/Scripts/TMP_PhoneNumberValidator.cs
  artifactKey: Guid(83680ab1a69f4102ac67d1459fe76e1f) Importer(2089858483,0ecaa5967403d082aa24f35e1b516d23)
Start importing Assets/Settings/TextMesh Pro/Examples & Extras/Scripts/TMP_PhoneNumberValidator.cs using Guid(83680ab1a69f4102ac67d1459fe76e1f) Importer(2089858483,0ecaa5967403d082aa24f35e1b516d23) (ScriptedImporter) -> (artifact id: 'e0c597a49c451cf940fbc6e3193b30e7') in 0.0544288 seconds
Number of updated asset objects reloaded before import = 0Number of asset objects unloaded after import = 0

========================================================================
Received Import Request.
  Time since last request: 0.000048 seconds.
  path: Assets/Settings/TextMesh Pro/Examples & Extras/Resources/Fonts & Materials/Roboto-Bold SDF - URP.mat
  artifactKey: Guid(90722b8bd74d9aa49958562aff7bdf76) Importer(2089858483,0ecaa5967403d082aa24f35e1b516d23)
Start importing Assets/Settings/TextMesh Pro/Examples & Extras/Resources/Fonts & Materials/Roboto-Bold SDF - URP.mat using Guid(90722b8bd74d9aa49958562aff7bdf76) Importer(2089858483,0ecaa5967403d082aa24f35e1b516d23) (ScriptedImporter) -> (artifact id: 'aa6d6ad6861494b8e0cb852dfee4205a') in 1.1875896 seconds
Number of updated asset objects reloaded before import = 0Number of asset objects unloaded after import = 2

========================================================================
Received Import Request.
  Time since last request: 0.000064 seconds.
  path: Assets/Prefab/MapPrefab/AudioManager.prefab
  artifactKey: Guid(4d917b4319184444789f20690b764c8f) Importer(815301076,1909f56bfc062723c751e8b465ee728b)
Start importing Assets/Prefab/MapPrefab/AudioManager.prefab using Guid(4d917b4319184444789f20690b764c8f) Importer(815301076,1909f56bfc062723c751e8b465ee728b) (PreviewImporter) -> (artifact id: '6725f9338489e62c7fb69a6eeb59278a') in 0.035693 seconds
Number of updated asset objects reloaded before import = 0Number of asset objects unloaded after import = 6

========================================================================
Received Import Request.
  Time since last request: 0.000051 seconds.
  path: Assets/Settings/TextMesh Pro/Examples & Extras/Fonts/Roboto-Bold - License.txt
  artifactKey: Guid(f0303f887b8fa7243a51432c478ff2f3) Importer(2089858483,0ecaa5967403d082aa24f35e1b516d23)
Start importing Assets/Settings/TextMesh Pro/Examples & Extras/Fonts/Roboto-Bold - License.txt using Guid(f0303f887b8fa7243a51432c478ff2f3) Importer(2089858483,0ecaa5967403d082aa24f35e1b516d23) (ScriptedImporter) -> (artifact id: '022f337c0c1052bcaa3aa7175434f675') in 0.0772061 seconds
Number of updated asset objects reloaded before import = 0Number of asset objects unloaded after import = 1

========================================================================
Received Import Request.
  Time since last request: 0.000044 seconds.
  path: Assets/Settings/TextMesh Pro/Examples & Extras/Textures/Small Crate_normal.jpg
  artifactKey: Guid(8878a782f4334ecbbcf683b3ac780966) Importer(2089858483,0ecaa5967403d082aa24f35e1b516d23)
Start importing Assets/Settings/TextMesh Pro/Examples & Extras/Textures/Small Crate_normal.jpg using Guid(8878a782f4334ecbbcf683b3ac780966) Importer(2089858483,0ecaa5967403d082aa24f35e1b516d23) (ScriptedImporter) -> (artifact id: '06becb508c9eac90b4f043b3bd833996') in 0.0782593 seconds
Number of updated asset objects reloaded before import = 0Number of asset objects unloaded after import = 1

========================================================================
Received Import Request.
  Time since last request: 0.000058 seconds.
  path: Assets/Settings/TextMesh Pro/Examples & Extras/Scenes/28 - HDRP Shader Example.unity
  artifactKey: Guid(eea2b7206368b444e84fbec4ec32b64a) Importer(2089858483,0ecaa5967403d082aa24f35e1b516d23)
Start importing Assets/Settings/TextMesh Pro/Examples & Extras/Scenes/28 - HDRP Shader Example.unity using Guid(eea2b7206368b444e84fbec4ec32b64a) Importer(2089858483,0ecaa5967403d082aa24f35e1b516d23) (ScriptedImporter) -> (artifact id: '108975d101140ef04d14441b49487c3e') in 0.0464864 seconds
Number of updated asset objects reloaded before import = 0Number of asset objects unloaded after import = 1

========================================================================
Received Import Request.
  Time since last request: 0.000038 seconds.
  path: Assets/Settings/TextMesh Pro/Shaders/SDFFunctions.hlsl
  artifactKey: Guid(96de908384869cd409c75efa351d5edf) Importer(2089858483,0ecaa5967403d082aa24f35e1b516d23)
Start importing Assets/Settings/TextMesh Pro/Shaders/SDFFunctions.hlsl using Guid(96de908384869cd409c75efa351d5edf) Importer(2089858483,0ecaa5967403d082aa24f35e1b516d23) (ScriptedImporter) -> (artifact id: '12143e57bb4f92d4df7221fb415b302f') in 0.0503097 seconds
Number of updated asset objects reloaded before import = 0Number of asset objects unloaded after import = 1

========================================================================
Received Import Request.
  Time since last request: 0.000048 seconds.
  path: Assets/Prefab/Item
  artifactKey: Guid(6d6f1f7b3967d5f44ab46b14e3b3e9d9) Importer(815301076,1909f56bfc062723c751e8b465ee728b)
Start importing Assets/Prefab/Item using Guid(6d6f1f7b3967d5f44ab46b14e3b3e9d9) Importer(815301076,1909f56bfc062723c751e8b465ee728b) (PreviewImporter) -> (artifact id: 'db668315d7ada730012c04ed5feddb64') in 0.0010318 seconds
Number of updated asset objects reloaded before import = 0Number of asset objects unloaded after import = 0

========================================================================
Received Import Request.
  Time since last request: 0.000048 seconds.
  path: Assets/Settings/TextMesh Pro/Examples & Extras/Scripts/TMP_TextSelector_A.cs
  artifactKey: Guid(103e0a6a1d404693b9fb1a5173e0e979) Importer(2089858483,0ecaa5967403d082aa24f35e1b516d23)
Start importing Assets/Settings/TextMesh Pro/Examples & Extras/Scripts/TMP_TextSelector_A.cs using Guid(103e0a6a1d404693b9fb1a5173e0e979) Importer(2089858483,0ecaa5967403d082aa24f35e1b516d23) (ScriptedImporter) -> (artifact id: 'f1ca09f99a50dc3b910318a28991cc53') in 0.0474919 seconds
Number of updated asset objects reloaded before import = 0Number of asset objects unloaded after import = 0

========================================================================
Received Import Request.
  Time since last request: 0.000103 seconds.
  path: Assets/Settings/TextMesh Pro/Examples & Extras/Materials/Ground - Logo Scene.mat
  artifactKey: Guid(c719e38f25a9480abd2480ab621a2949) Importer(2089858483,0ecaa5967403d082aa24f35e1b516d23)
Start importing Assets/Settings/TextMesh Pro/Examples & Extras/Materials/Ground - Logo Scene.mat using Guid(c719e38f25a9480abd2480ab621a2949) Importer(2089858483,0ecaa5967403d082aa24f35e1b516d23) (ScriptedImporter) -> (artifact id: '645ae3403322c747fbae05d2bd455f4e') in 0.0500626 seconds
Number of updated asset objects reloaded before import = 0Number of asset objects unloaded after import = 2

========================================================================
Received Import Request.
  Time since last request: 0.000087 seconds.
  path: Assets/Settings/TextMesh Pro/Examples & Extras/Scripts/DropdownSample.cs
  artifactKey: Guid(ac1eb05af6d391b4eb0f4c070a99f1d0) Importer(2089858483,0ecaa5967403d082aa24f35e1b516d23)
Start importing Assets/Settings/TextMesh Pro/Examples & Extras/Scripts/DropdownSample.cs using Guid(ac1eb05af6d391b4eb0f4c070a99f1d0) Importer(2089858483,0ecaa5967403d082aa24f35e1b516d23) (ScriptedImporter) -> (artifact id: '0d3893ae671c87dcb19e60e23d9ac6ae') in 0.0397547 seconds
Number of updated asset objects reloaded before import = 0Number of asset objects unloaded after import = 0

========================================================================
Received Import Request.
  Time since last request: 0.000092 seconds.
  path: Assets/Settings/TextMesh Pro/Sprites/EmojiOne.png
  artifactKey: Guid(dffef66376be4fa480fb02b19edbe903) Importer(2089858483,0ecaa5967403d082aa24f35e1b516d23)
Start importing Assets/Settings/TextMesh Pro/Sprites/EmojiOne.png using Guid(dffef66376be4fa480fb02b19edbe903) Importer(2089858483,0ecaa5967403d082aa24f35e1b516d23) (ScriptedImporter) -> (artifact id: '68d79be1ababd58f05b0de667702a0fc') in 0.0723967 seconds
Number of updated asset objects reloaded before import = 0Number of asset objects unloaded after import = 1

========================================================================
Received Import Request.
  Time since last request: 0.000105 seconds.
  path: Assets/Settings/TextMesh Pro/Examples & Extras/Scripts/TMP_TextInfoDebugTool.cs
  artifactKey: Guid(21256c5b62f346f18640dad779911e20) Importer(2089858483,0ecaa5967403d082aa24f35e1b516d23)
Start importing Assets/Settings/TextMesh Pro/Examples & Extras/Scripts/TMP_TextInfoDebugTool.cs using Guid(21256c5b62f346f18640dad779911e20) Importer(2089858483,0ecaa5967403d082aa24f35e1b516d23) (ScriptedImporter) -> (artifact id: '3e02f5264679cb05a00e14e1689ee94d') in 0.0401837 seconds
Number of updated asset objects reloaded before import = 0Number of asset objects unloaded after import = 0

========================================================================
Received Import Request.
  Time since last request: 0.000107 seconds.
  path: Assets/Settings/Readme.asset
  artifactKey: Guid(8105016687592461f977c054a80ce2f2) Importer(2089858483,0ecaa5967403d082aa24f35e1b516d23)
Start importing Assets/Settings/Readme.asset using Guid(8105016687592461f977c054a80ce2f2) Importer(2089858483,0ecaa5967403d082aa24f35e1b516d23) (ScriptedImporter) -> (artifact id: '76559cb152eb43bf8a93944799cb85d6') in 0.037854 seconds
Number of updated asset objects reloaded before import = 0Number of asset objects unloaded after import = 1

========================================================================
Received Import Request.
  Time since last request: 0.000042 seconds.
  path: Assets/Settings/TextMesh Pro/Examples & Extras/Scenes/Benchmark (Floating Text).unity
  artifactKey: Guid(16177da2e3254cee91944756d5f8ddd3) Importer(2089858483,0ecaa5967403d082aa24f35e1b516d23)
Start importing Assets/Settings/TextMesh Pro/Examples & Extras/Scenes/Benchmark (Floating Text).unity using Guid(16177da2e3254cee91944756d5f8ddd3) Importer(2089858483,0ecaa5967403d082aa24f35e1b516d23) (ScriptedImporter) -> (artifact id: '0cce4420d873a41f0113dd0564b543ce') in 0.0225354 seconds
Number of updated asset objects reloaded before import = 0Number of asset objects unloaded after import = 1

========================================================================
Received Import Request.
  Time since last request: 0.000041 seconds.
  path: Assets/Settings/TextMesh Pro/Examples & Extras/Resources/Fonts & Materials/Bangers SDF - Drop Shadow.mat
  artifactKey: Guid(f2dcf029949142e28b974630369c8b4e) Importer(2089858483,0ecaa5967403d082aa24f35e1b516d23)
Start importing Assets/Settings/TextMesh Pro/Examples & Extras/Resources/Fonts & Materials/Bangers SDF - Drop Shadow.mat using Guid(f2dcf029949142e28b974630369c8b4e) Importer(2089858483,0ecaa5967403d082aa24f35e1b516d23) (ScriptedImporter) -> (artifact id: 'db0e17285c839eb72b8e88b28bd7dfeb') in 0.0378698 seconds
Number of updated asset objects reloaded before import = 0Number of asset objects unloaded after import = 2

========================================================================
Received Import Request.
  Time since last request: 0.000041 seconds.
  path: Assets/Settings/TextMesh Pro/Examples & Extras/Scenes/06 - Extra Rich Text Examples.unity
  artifactKey: Guid(39a1fa96ad2a449b908fca29d4297a74) Importer(2089858483,0ecaa5967403d082aa24f35e1b516d23)
Start importing Assets/Settings/TextMesh Pro/Examples & Extras/Scenes/06 - Extra Rich Text Examples.unity using Guid(39a1fa96ad2a449b908fca29d4297a74) Importer(2089858483,0ecaa5967403d082aa24f35e1b516d23) (ScriptedImporter) -> (artifact id: '7d063671fe76bd91d9d2de218b6656af') in 0.0473587 seconds
Number of updated asset objects reloaded before import = 0Number of asset objects unloaded after import = 1

========================================================================
Received Import Request.
  Time since last request: 0.000052 seconds.
  path: Assets/Settings/TextMesh Pro/Examples & Extras/Scripts/Benchmark01_UGUI.cs
  artifactKey: Guid(8ef7be1c625941f7ba8ed7cc71718c0d) Importer(2089858483,0ecaa5967403d082aa24f35e1b516d23)
Start importing Assets/Settings/TextMesh Pro/Examples & Extras/Scripts/Benchmark01_UGUI.cs using Guid(8ef7be1c625941f7ba8ed7cc71718c0d) Importer(2089858483,0ecaa5967403d082aa24f35e1b516d23) (ScriptedImporter) -> (artifact id: '083e5fc9edcc55c8c9e1e536186f4cce') in 0.041585 seconds
Number of updated asset objects reloaded before import = 0Number of asset objects unloaded after import = 0

========================================================================
Received Import Request.
  Time since last request: 0.000043 seconds.
  path: Assets/Settings/TextMesh Pro/Shaders/TMP_SDF-URP Unlit.shadergraph
  artifactKey: Guid(124c112a6e8f1a54e8b0870e881b56d8) Importer(2089858483,0ecaa5967403d082aa24f35e1b516d23)
Start importing Assets/Settings/TextMesh Pro/Shaders/TMP_SDF-URP Unlit.shadergraph using Guid(124c112a6e8f1a54e8b0870e881b56d8) Importer(2089858483,0ecaa5967403d082aa24f35e1b516d23) (ScriptedImporter) -> (artifact id: '0addb4b431ee300731d8a477ad1b1350') in 0.7697716 seconds
Number of updated asset objects reloaded before import = 0Number of asset objects unloaded after import = 3

========================================================================
Received Import Request.
  Time since last request: 0.000206 seconds.
  path: Assets/Settings/TextMesh Pro/Examples & Extras/Scenes/12 - Link Example.unity
  artifactKey: Guid(9747140c28254be2adc582210dfb89b8) Importer(2089858483,0ecaa5967403d082aa24f35e1b516d23)
Start importing Assets/Settings/TextMesh Pro/Examples & Extras/Scenes/12 - Link Example.unity using Guid(9747140c28254be2adc582210dfb89b8) Importer(2089858483,0ecaa5967403d082aa24f35e1b516d23) (ScriptedImporter) -> (artifact id: '49cafccfea4e89df5a70f9873288876d') in 0.0354155 seconds
Number of updated asset objects reloaded before import = 0Number of asset objects unloaded after import = 1

========================================================================
Received Import Request.
  Time since last request: 0.000043 seconds.
  path: Assets/Settings/TextMesh Pro/Shaders/TMP_Bitmap-Custom-Atlas.shader
  artifactKey: Guid(48bb5f55d8670e349b6e614913f9d910) Importer(2089858483,0ecaa5967403d082aa24f35e1b516d23)
Start importing Assets/Settings/TextMesh Pro/Shaders/TMP_Bitmap-Custom-Atlas.shader using Guid(48bb5f55d8670e349b6e614913f9d910) Importer(2089858483,0ecaa5967403d082aa24f35e1b516d23) (ScriptedImporter) -> (artifact id: 'd88b392349d35711951b5692c733fb87') in 0.0509905 seconds
Number of updated asset objects reloaded before import = 0Number of asset objects unloaded after import = 1

========================================================================
Received Import Request.
  Time since last request: 0.000085 seconds.
  path: Assets/Settings/TextMesh Pro/Examples & Extras/Textures/Text Overflow - Linked Text Image 1.png
  artifactKey: Guid(4ccf43d26c4748c792174516f4a8fcef) Importer(2089858483,0ecaa5967403d082aa24f35e1b516d23)
Start importing Assets/Settings/TextMesh Pro/Examples & Extras/Textures/Text Overflow - Linked Text Image 1.png using Guid(4ccf43d26c4748c792174516f4a8fcef) Importer(2089858483,0ecaa5967403d082aa24f35e1b516d23) (ScriptedImporter) -> (artifact id: '18ef2c20e2f42b2989e75af7b3d968db') in 0.0724321 seconds
Number of updated asset objects reloaded before import = 0Number of asset objects unloaded after import = 1

========================================================================
Received Import Request.
  Time since last request: 0.000036 seconds.
  path: Assets/Settings/TextMesh Pro/Examples & Extras/Scripts/VertexJitter.cs
  artifactKey: Guid(2ed57967c52645d390a89dcf8f61ba73) Importer(2089858483,0ecaa5967403d082aa24f35e1b516d23)
Start importing Assets/Settings/TextMesh Pro/Examples & Extras/Scripts/VertexJitter.cs using Guid(2ed57967c52645d390a89dcf8f61ba73) Importer(2089858483,0ecaa5967403d082aa24f35e1b516d23) (ScriptedImporter) -> (artifact id: 'ade7a95062d9ce312fd90efbdfb144fd') in 0.0455953 seconds
Number of updated asset objects reloaded before import = 0Number of asset objects unloaded after import = 0

========================================================================
Received Import Request.
  Time since last request: 0.000126 seconds.
  path: Assets/Settings/TextMesh Pro/Examples & Extras/Scripts/TeleType.cs
  artifactKey: Guid(e32c266ee6204b21a427753cb0694c81) Importer(2089858483,0ecaa5967403d082aa24f35e1b516d23)
Start importing Assets/Settings/TextMesh Pro/Examples & Extras/Scripts/TeleType.cs using Guid(e32c266ee6204b21a427753cb0694c81) Importer(2089858483,0ecaa5967403d082aa24f35e1b516d23) (ScriptedImporter) -> (artifact id: 'a2318877cbb9f06cca6c457fd110dfb6') in 0.0407265 seconds
Number of updated asset objects reloaded before import = 0Number of asset objects unloaded after import = 0

========================================================================
Received Import Request.
  Time since last request: 0.000054 seconds.
  path: Assets/Settings/TextMesh Pro/Examples & Extras/Textures/Wipe Pattern - Diagonal.psd
  artifactKey: Guid(ed5290d8df18488780e2996b9b882f01) Importer(2089858483,0ecaa5967403d082aa24f35e1b516d23)
Start importing Assets/Settings/TextMesh Pro/Examples & Extras/Textures/Wipe Pattern - Diagonal.psd using Guid(ed5290d8df18488780e2996b9b882f01) Importer(2089858483,0ecaa5967403d082aa24f35e1b516d23) (ScriptedImporter) -> (artifact id: '77a6fef445c67b6b0c0a96c90d2b72c3') in 0.0635198 seconds
Number of updated asset objects reloaded before import = 0Number of asset objects unloaded after import = 1

========================================================================
Received Import Request.
  Time since last request: 0.000054 seconds.
  path: Assets/Settings/TextMesh Pro/Examples & Extras/Fonts/Electronic Highway Sign.TTF
  artifactKey: Guid(8a2b9e2a607dd2143b58c44bc32410b4) Importer(2089858483,0ecaa5967403d082aa24f35e1b516d23)
Start importing Assets/Settings/TextMesh Pro/Examples & Extras/Fonts/Electronic Highway Sign.TTF using Guid(8a2b9e2a607dd2143b58c44bc32410b4) Importer(2089858483,0ecaa5967403d082aa24f35e1b516d23) (ScriptedImporter) -> (artifact id: '23bc186f45e61031bb0ce5af60aaa1b0') in 0.0622663 seconds
Number of updated asset objects reloaded before import = 0Number of asset objects unloaded after import = 3

========================================================================
Received Import Request.
  Time since last request: 0.000049 seconds.
  path: Assets/Settings/TextMesh Pro/Examples & Extras/Materials/Ground - Surface Shader Scene.mat
  artifactKey: Guid(aadd5a709a48466c887296bb5b1b8110) Importer(2089858483,0ecaa5967403d082aa24f35e1b516d23)
Start importing Assets/Settings/TextMesh Pro/Examples & Extras/Materials/Ground - Surface Shader Scene.mat using Guid(aadd5a709a48466c887296bb5b1b8110) Importer(2089858483,0ecaa5967403d082aa24f35e1b516d23) (ScriptedImporter) -> (artifact id: 'ce34450cb31b3b551b0e7aea8c74de91') in 0.0521102 seconds
Number of updated asset objects reloaded before import = 0Number of asset objects unloaded after import = 2

========================================================================
Received Import Request.
  Time since last request: 0.000069 seconds.
  path: Assets/Settings/TextMesh Pro/Examples & Extras/Scripts/TMP_ExampleScript_01.cs
  artifactKey: Guid(6f2c5b59b6874405865e2616e4ec276a) Importer(2089858483,0ecaa5967403d082aa24f35e1b516d23)
Start importing Assets/Settings/TextMesh Pro/Examples & Extras/Scripts/TMP_ExampleScript_01.cs using Guid(6f2c5b59b6874405865e2616e4ec276a) Importer(2089858483,0ecaa5967403d082aa24f35e1b516d23) (ScriptedImporter) -> (artifact id: 'fceebf2a591aa97446e4baf0ffe199ea') in 0.0452377 seconds
Number of updated asset objects reloaded before import = 0Number of asset objects unloaded after import = 0

========================================================================
Received Import Request.
  Time since last request: 0.000053 seconds.
  path: Assets/Settings/TextMesh Pro/Examples & Extras/Resources/Sprite Assets/Default Sprite Asset.asset
  artifactKey: Guid(fbef3c704dce48f08a44612d6c856c8d) Importer(2089858483,0ecaa5967403d082aa24f35e1b516d23)
Start importing Assets/Settings/TextMesh Pro/Examples & Extras/Resources/Sprite Assets/Default Sprite Asset.asset using Guid(fbef3c704dce48f08a44612d6c856c8d) Importer(2089858483,0ecaa5967403d082aa24f35e1b516d23) (ScriptedImporter) -> (artifact id: 'da0cf561a79dd546465bcb830a084007') in 0.1005751 seconds
Number of updated asset objects reloaded before import = 0Number of asset objects unloaded after import = 3

========================================================================
Received Import Request.
  Time since last request: 0.000062 seconds.
  path: Assets/Settings/TextMesh Pro/Examples & Extras/Resources/Fonts & Materials/LiberationSans SDF - Metalic Green.mat
  artifactKey: Guid(8b29aaa3eec7468097ff07adfcf29ac9) Importer(2089858483,0ecaa5967403d082aa24f35e1b516d23)
Start importing Assets/Settings/TextMesh Pro/Examples & Extras/Resources/Fonts & Materials/LiberationSans SDF - Metalic Green.mat using Guid(8b29aaa3eec7468097ff07adfcf29ac9) Importer(2089858483,0ecaa5967403d082aa24f35e1b516d23) (ScriptedImporter) -> (artifact id: '9508976e905ad9fdf6c644b84d70f8da') in 0.1692723 seconds
Number of updated asset objects reloaded before import = 0Number of asset objects unloaded after import = 4

========================================================================
Received Import Request.
  Time since last request: 0.000072 seconds.
  path: Assets/Settings/TextMesh Pro/Examples & Extras/Scenes/13 - Soft Hyphenation.unity
  artifactKey: Guid(875684baf40f4d008ce806d03e2a81b2) Importer(2089858483,0ecaa5967403d082aa24f35e1b516d23)
Start importing Assets/Settings/TextMesh Pro/Examples & Extras/Scenes/13 - Soft Hyphenation.unity using Guid(875684baf40f4d008ce806d03e2a81b2) Importer(2089858483,0ecaa5967403d082aa24f35e1b516d23) (ScriptedImporter) -> (artifact id: 'd8e8490bcbafda65e1b5f68386cc6a63') in 0.0435702 seconds
Number of updated asset objects reloaded before import = 0Number of asset objects unloaded after import = 1

========================================================================
Received Import Request.
  Time since last request: 0.000074 seconds.
  path: Assets/Settings/TextMesh Pro/Examples & Extras/Scripts/TMP_TextSelector_B.cs
  artifactKey: Guid(a05dcd8be7ec4ccbb35c26219884aa37) Importer(2089858483,0ecaa5967403d082aa24f35e1b516d23)
Start importing Assets/Settings/TextMesh Pro/Examples & Extras/Scripts/TMP_TextSelector_B.cs using Guid(a05dcd8be7ec4ccbb35c26219884aa37) Importer(2089858483,0ecaa5967403d082aa24f35e1b516d23) (ScriptedImporter) -> (artifact id: '2b74b94832f99b7d8407275d56199ae7') in 0.0403348 seconds
Number of updated asset objects reloaded before import = 0Number of asset objects unloaded after import = 0

========================================================================
Received Import Request.
  Time since last request: 0.000076 seconds.
  path: Assets/Settings/TextMesh Pro/Examples & Extras/Materials/Crate - Surface Shader Scene.mat
  artifactKey: Guid(e6b9b44320f4448d9d5e0ee634259966) Importer(2089858483,0ecaa5967403d082aa24f35e1b516d23)
Start importing Assets/Settings/TextMesh Pro/Examples & Extras/Materials/Crate - Surface Shader Scene.mat using Guid(e6b9b44320f4448d9d5e0ee634259966) Importer(2089858483,0ecaa5967403d082aa24f35e1b516d23) (ScriptedImporter) -> (artifact id: '5c7abcaef095204b51641c71924df0ce') in 0.0509568 seconds
Number of updated asset objects reloaded before import = 0Number of asset objects unloaded after import = 3

========================================================================
Received Import Request.
  Time since last request: 0.001030 seconds.
  path: Assets/Settings/TextMesh Pro/Examples & Extras/Scripts/TMP_TextEventCheck.cs
  artifactKey: Guid(d736ce056cf444ca96e424f4d9c42b76) Importer(2089858483,0ecaa5967403d082aa24f35e1b516d23)
Start importing Assets/Settings/TextMesh Pro/Examples & Extras/Scripts/TMP_TextEventCheck.cs using Guid(d736ce056cf444ca96e424f4d9c42b76) Importer(2089858483,0ecaa5967403d082aa24f35e1b516d23) (ScriptedImporter) -> (artifact id: '52d48bf004605aaeba1529dbbcd0a859') in 0.0498456 seconds
Number of updated asset objects reloaded before import = 0Number of asset objects unloaded after import = 0

========================================================================
Received Import Request.
  Time since last request: 0.000077 seconds.
  path: Assets/Settings/TextMesh Pro/Examples & Extras/Resources/Color Gradient Presets/Dark to Light Green - Vertical.asset
  artifactKey: Guid(4c86a3366cd840348ebe8dc438570ee4) Importer(2089858483,0ecaa5967403d082aa24f35e1b516d23)
Start importing Assets/Settings/TextMesh Pro/Examples & Extras/Resources/Color Gradient Presets/Dark to Light Green - Vertical.asset using Guid(4c86a3366cd840348ebe8dc438570ee4) Importer(2089858483,0ecaa5967403d082aa24f35e1b516d23) (ScriptedImporter) -> (artifact id: 'a649af30dc38f713f41da2ab831843ac') in 0.0512811 seconds
Number of updated asset objects reloaded before import = 0Number of asset objects unloaded after import = 1

========================================================================
Received Import Request.
  Time since last request: 0.000095 seconds.
  path: Assets/Settings/TextMesh Pro/Examples & Extras/Scenes/27 - Double Pass Shader Example.unity
  artifactKey: Guid(3b38a6ba32b869f48812e595baf39746) Importer(2089858483,0ecaa5967403d082aa24f35e1b516d23)
Start importing Assets/Settings/TextMesh Pro/Examples & Extras/Scenes/27 - Double Pass Shader Example.unity using Guid(3b38a6ba32b869f48812e595baf39746) Importer(2089858483,0ecaa5967403d082aa24f35e1b516d23) (ScriptedImporter) -> (artifact id: 'd77ab50544d4e2f3a03613c80d2dfb57') in 0.0372181 seconds
Number of updated asset objects reloaded before import = 0Number of asset objects unloaded after import = 1

========================================================================
Received Import Request.
  Time since last request: 0.000044 seconds.
  path: Assets/Settings/TextMesh Pro/Examples & Extras/Textures/Floor Tiles 1 - diffuse.jpg
  artifactKey: Guid(85ac55597b97403c82fc6601a93cf241) Importer(2089858483,0ecaa5967403d082aa24f35e1b516d23)
Start importing Assets/Settings/TextMesh Pro/Examples & Extras/Textures/Floor Tiles 1 - diffuse.jpg using Guid(85ac55597b97403c82fc6601a93cf241) Importer(2089858483,0ecaa5967403d082aa24f35e1b516d23) (ScriptedImporter) -> (artifact id: 'eee3b42c723cc1c6d4658d2fd6721c16') in 0.0599388 seconds
Number of updated asset objects reloaded before import = 0Number of asset objects unloaded after import = 1

========================================================================
Received Import Request.
  Time since last request: 0.000122 seconds.
  path: Assets/Settings/TextMesh Pro/Shaders/TMP_SDF-Mobile-2-Pass.shader
  artifactKey: Guid(0178fcb869bafef4690d177d31d17db8) Importer(2089858483,0ecaa5967403d082aa24f35e1b516d23)
Start importing Assets/Settings/TextMesh Pro/Shaders/TMP_SDF-Mobile-2-Pass.shader using Guid(0178fcb869bafef4690d177d31d17db8) Importer(2089858483,0ecaa5967403d082aa24f35e1b516d23) (ScriptedImporter) -> (artifact id: 'e2e0657b12f26ca1065823261b928180') in 0.0592508 seconds
Number of updated asset objects reloaded before import = 0Number of asset objects unloaded after import = 1

========================================================================
Received Import Request.
  Time since last request: 0.000047 seconds.
  path: Assets/Settings/TextMesh Pro/Examples & Extras/Scenes/20 - Input Field with Scrollbar.unity
  artifactKey: Guid(337f92480dd24675aae9e79210fb1ad9) Importer(2089858483,0ecaa5967403d082aa24f35e1b516d23)
Start importing Assets/Settings/TextMesh Pro/Examples & Extras/Scenes/20 - Input Field with Scrollbar.unity using Guid(337f92480dd24675aae9e79210fb1ad9) Importer(2089858483,0ecaa5967403d082aa24f35e1b516d23) (ScriptedImporter) -> (artifact id: '2966c15511deb0b83fb3646c037e65fd') in 0.0421717 seconds
Number of updated asset objects reloaded before import = 0Number of asset objects unloaded after import = 1

========================================================================
Received Import Request.
  Time since last request: 0.000051 seconds.
  path: Assets/Settings/TextMesh Pro/Examples & Extras/Scenes/03 - Line Justification.unity
  artifactKey: Guid(21a509e1d3cd49978623fa564adb6f02) Importer(2089858483,0ecaa5967403d082aa24f35e1b516d23)
Start importing Assets/Settings/TextMesh Pro/Examples & Extras/Scenes/03 - Line Justification.unity using Guid(21a509e1d3cd49978623fa564adb6f02) Importer(2089858483,0ecaa5967403d082aa24f35e1b516d23) (ScriptedImporter) -> (artifact id: 'ca1c4dfb0aae713297199bcafa03f15a') in 0.0467742 seconds
Number of updated asset objects reloaded before import = 0Number of asset objects unloaded after import = 1

========================================================================
Received Import Request.
  Time since last request: 0.000040 seconds.
  path: Assets/Settings/TextMesh Pro/Examples & Extras/Scenes/22 - Basic Scripting Example.unity
  artifactKey: Guid(6250f98e58fe4abbaada5d84b7ca846d) Importer(2089858483,0ecaa5967403d082aa24f35e1b516d23)
Start importing Assets/Settings/TextMesh Pro/Examples & Extras/Scenes/22 - Basic Scripting Example.unity using Guid(6250f98e58fe4abbaada5d84b7ca846d) Importer(2089858483,0ecaa5967403d082aa24f35e1b516d23) (ScriptedImporter) -> (artifact id: 'c6afed763c94d2c1ef3388229f685964') in 0.0439955 seconds
Number of updated asset objects reloaded before import = 0Number of asset objects unloaded after import = 1

========================================================================
Received Import Request.
  Time since last request: 0.000093 seconds.
  path: Assets/Settings/TextMesh Pro/Shaders/TMP_SDF-HDRP LIT.shadergraph
  artifactKey: Guid(ca2ed216f98028c4dae6c5224a952b3c) Importer(2089858483,0ecaa5967403d082aa24f35e1b516d23)
Start importing Assets/Settings/TextMesh Pro/Shaders/TMP_SDF-HDRP LIT.shadergraph using Guid(ca2ed216f98028c4dae6c5224a952b3c) Importer(2089858483,0ecaa5967403d082aa24f35e1b516d23) (ScriptedImporter) -> (artifact id: 'a022b7a972f9bf1b5f727baefb0b8407') in 0.0660579 seconds
Number of updated asset objects reloaded before import = 0Number of asset objects unloaded after import = 3

========================================================================
Received Import Request.
  Time since last request: 0.000057 seconds.
  path: Assets/Settings/TextMesh Pro/Examples & Extras/Scripts/Benchmark01.cs
  artifactKey: Guid(f970ea55f9f84bf79b05dab180b8c125) Importer(2089858483,0ecaa5967403d082aa24f35e1b516d23)
Start importing Assets/Settings/TextMesh Pro/Examples & Extras/Scripts/Benchmark01.cs using Guid(f970ea55f9f84bf79b05dab180b8c125) Importer(2089858483,0ecaa5967403d082aa24f35e1b516d23) (ScriptedImporter) -> (artifact id: 'b3d8526b88261ac09105715a1ad7ffd8') in 0.0280192 seconds
Number of updated asset objects reloaded before import = 0Number of asset objects unloaded after import = 0

========================================================================
Received Import Request.
  Time since last request: 0.000037 seconds.
  path: Assets/Settings/TextMesh Pro/Examples & Extras/Resources/Fonts & Materials/Bangers SDF Glow.mat
  artifactKey: Guid(d75b8f41e959450c84ac6e967084d3e1) Importer(2089858483,0ecaa5967403d082aa24f35e1b516d23)
Start importing Assets/Settings/TextMesh Pro/Examples & Extras/Resources/Fonts & Materials/Bangers SDF Glow.mat using Guid(d75b8f41e959450c84ac6e967084d3e1) Importer(2089858483,0ecaa5967403d082aa24f35e1b516d23) (ScriptedImporter) -> (artifact id: '91f628cacd31026019a57a42f6c602e5') in 0.0392999 seconds
Number of updated asset objects reloaded before import = 0Number of asset objects unloaded after import = 3

========================================================================
Received Import Request.
  Time since last request: 0.000071 seconds.
  path: Assets/Settings/TextMesh Pro/Documentation/TextMesh Pro User Guide 2016.pdf
  artifactKey: Guid(1b8d251f9af63b746bf2f7ffe00ebb9b) Importer(2089858483,0ecaa5967403d082aa24f35e1b516d23)
Start importing Assets/Settings/TextMesh Pro/Documentation/TextMesh Pro User Guide 2016.pdf using Guid(1b8d251f9af63b746bf2f7ffe00ebb9b) Importer(2089858483,0ecaa5967403d082aa24f35e1b516d23) (ScriptedImporter) -> (artifact id: 'c27b82ebe6b8db328f3a30f82f88eb1a') in 0.0325942 seconds
Number of updated asset objects reloaded before import = 0Number of asset objects unloaded after import = 1

========================================================================
Received Import Request.
  Time since last request: 0.000092 seconds.
  path: Assets/Settings/TextMesh Pro/Examples & Extras/Fonts/Unity - OFL.txt
  artifactKey: Guid(0251f66ebc602a944b35bccd13be2738) Importer(2089858483,0ecaa5967403d082aa24f35e1b516d23)
Start importing Assets/Settings/TextMesh Pro/Examples & Extras/Fonts/Unity - OFL.txt using Guid(0251f66ebc602a944b35bccd13be2738) Importer(2089858483,0ecaa5967403d082aa24f35e1b516d23) (ScriptedImporter) -> (artifact id: 'e860b95a54ce3e2c1f0724278f5a1bbf') in 0.0429505 seconds
Number of updated asset objects reloaded before import = 0Number of asset objects unloaded after import = 1

========================================================================
Received Import Request.
  Time since last request: 0.000114 seconds.
  path: Assets/Settings/TextMesh Pro/Examples & Extras/Scripts/SimpleScript.cs
  artifactKey: Guid(9eff140b25d64601aabc6ba32245d099) Importer(2089858483,0ecaa5967403d082aa24f35e1b516d23)
Start importing Assets/Settings/TextMesh Pro/Examples & Extras/Scripts/SimpleScript.cs using Guid(9eff140b25d64601aabc6ba32245d099) Importer(2089858483,0ecaa5967403d082aa24f35e1b516d23) (ScriptedImporter) -> (artifact id: 'f416828e3214dbf7c888e2ba68a65e70') in 0.0282729 seconds
Number of updated asset objects reloaded before import = 0Number of asset objects unloaded after import = 0

========================================================================
Received Import Request.
  Time since last request: 0.000041 seconds.
  path: Assets/Settings/TextMesh Pro/Examples & Extras/Scripts/TextMeshProFloatingText.cs
  artifactKey: Guid(a4d4c76e63944cba8c7d00f56334b98c) Importer(2089858483,0ecaa5967403d082aa24f35e1b516d23)
Start importing Assets/Settings/TextMesh Pro/Examples & Extras/Scripts/TextMeshProFloatingText.cs using Guid(a4d4c76e63944cba8c7d00f56334b98c) Importer(2089858483,0ecaa5967403d082aa24f35e1b516d23) (ScriptedImporter) -> (artifact id: 'b148a3c4a4c270c608f1c4bb9c50f4de') in 0.0402184 seconds
Number of updated asset objects reloaded before import = 0Number of asset objects unloaded after import = 0

========================================================================
Received Import Request.
  Time since last request: 0.000036 seconds.
  path: Assets/Settings/TextMesh Pro/Shaders/TMP_Sprite.shader
  artifactKey: Guid(cf81c85f95fe47e1a27f6ae460cf182c) Importer(2089858483,0ecaa5967403d082aa24f35e1b516d23)
Start importing Assets/Settings/TextMesh Pro/Shaders/TMP_Sprite.shader using Guid(cf81c85f95fe47e1a27f6ae460cf182c) Importer(2089858483,0ecaa5967403d082aa24f35e1b516d23) (ScriptedImporter) -> (artifact id: 'de96f81e0fdd1a7682ace280cb6da1be') in 0.052967 seconds
Number of updated asset objects reloaded before import = 0Number of asset objects unloaded after import = 1

========================================================================
Received Import Request.
  Time since last request: 0.000141 seconds.
  path: Assets/Settings/TextMesh Pro/Examples & Extras/Scenes/08 - Improved Text Alignment.unity
  artifactKey: Guid(5fe2257128d9401fad0790f581dc8a6f) Importer(2089858483,0ecaa5967403d082aa24f35e1b516d23)
Start importing Assets/Settings/TextMesh Pro/Examples & Extras/Scenes/08 - Improved Text Alignment.unity using Guid(5fe2257128d9401fad0790f581dc8a6f) Importer(2089858483,0ecaa5967403d082aa24f35e1b516d23) (ScriptedImporter) -> (artifact id: 'faa6a4e7e464ca541f58bc6b9331c6ae') in 0.051366 seconds
Number of updated asset objects reloaded before import = 0Number of asset objects unloaded after import = 1

========================================================================
Received Import Request.
  Time since last request: 0.000043 seconds.
  path: Assets/Settings/TextMesh Pro/Examples & Extras/Resources/Fonts & Materials/Roboto-Bold SDF - Surface.mat
  artifactKey: Guid(e6b276ec991f467aa14ef1f3cc665993) Importer(2089858483,0ecaa5967403d082aa24f35e1b516d23)
Start importing Assets/Settings/TextMesh Pro/Examples & Extras/Resources/Fonts & Materials/Roboto-Bold SDF - Surface.mat using Guid(e6b276ec991f467aa14ef1f3cc665993) Importer(2089858483,0ecaa5967403d082aa24f35e1b516d23) (ScriptedImporter) -> (artifact id: '7bbe130e64bc1286011c26f240e8f508') in 0.078028 seconds
Number of updated asset objects reloaded before import = 0Number of asset objects unloaded after import = 2

========================================================================
Received Import Request.
  Time since last request: 0.000040 seconds.
  path: Assets/Settings/TextMesh Pro/Examples & Extras/Scripts/ObjectSpin.cs
  artifactKey: Guid(4f19c7f94c794c5097d8bd11e39c750d) Importer(2089858483,0ecaa5967403d082aa24f35e1b516d23)
Start importing Assets/Settings/TextMesh Pro/Examples & Extras/Scripts/ObjectSpin.cs using Guid(4f19c7f94c794c5097d8bd11e39c750d) Importer(2089858483,0ecaa5967403d082aa24f35e1b516d23) (ScriptedImporter) -> (artifact id: '88a85b22a8b33c923cbb30e63c3aa193') in 0.0400925 seconds
Number of updated asset objects reloaded before import = 0Number of asset objects unloaded after import = 0

========================================================================
Received Import Request.
  Time since last request: 0.000049 seconds.
  path: Assets/Settings/TextMesh Pro/Sprites/EmojiOne Attribution.txt
  artifactKey: Guid(381dcb09d5029d14897e55f98031fca5) Importer(2089858483,0ecaa5967403d082aa24f35e1b516d23)
Start importing Assets/Settings/TextMesh Pro/Sprites/EmojiOne Attribution.txt using Guid(381dcb09d5029d14897e55f98031fca5) Importer(2089858483,0ecaa5967403d082aa24f35e1b516d23) (ScriptedImporter) -> (artifact id: '793289da24ecd3325409054e81d35974') in 0.0274074 seconds
Number of updated asset objects reloaded before import = 0Number of asset objects unloaded after import = 1

========================================================================
Received Import Request.
  Time since last request: 0.000043 seconds.
  path: Assets/Settings/TextMesh Pro/Examples & Extras/Scenes/02 - Multi-line TextMesh Pro.unity
  artifactKey: Guid(251716609f634449bfe8ce75c0ed78fe) Importer(2089858483,0ecaa5967403d082aa24f35e1b516d23)
Start importing Assets/Settings/TextMesh Pro/Examples & Extras/Scenes/02 - Multi-line TextMesh Pro.unity using Guid(251716609f634449bfe8ce75c0ed78fe) Importer(2089858483,0ecaa5967403d082aa24f35e1b516d23) (ScriptedImporter) -> (artifact id: '4b39e3ff187ce52ac2defa263c7c2965') in 0.0424851 seconds
Number of updated asset objects reloaded before import = 0Number of asset objects unloaded after import = 1

========================================================================
Received Import Request.
  Time since last request: 0.000163 seconds.
  path: Assets/Settings/TextMesh Pro/Examples & Extras/Resources/Fonts & Materials/Unity SDF - HDRP LIT - Outline.mat
  artifactKey: Guid(967f61bb1e3e28645a39e0cb647cc79e) Importer(2089858483,0ecaa5967403d082aa24f35e1b516d23)
Start importing Assets/Settings/TextMesh Pro/Examples & Extras/Resources/Fonts & Materials/Unity SDF - HDRP LIT - Outline.mat using Guid(967f61bb1e3e28645a39e0cb647cc79e) Importer(2089858483,0ecaa5967403d082aa24f35e1b516d23) (ScriptedImporter) -> (artifact id: 'c4e80b9008b4ad086e6f16d99a355c63') in 0.0777865 seconds
Number of updated asset objects reloaded before import = 0Number of asset objects unloaded after import = 3

========================================================================
Received Import Request.
  Time since last request: 0.000145 seconds.
  path: Assets/Settings/TextMesh Pro/Examples & Extras/Resources/Fonts & Materials/Bangers SDF Logo - URP.mat
  artifactKey: Guid(6751ce1a4611b3940812c13a6847d94f) Importer(2089858483,0ecaa5967403d082aa24f35e1b516d23)
Start importing Assets/Settings/TextMesh Pro/Examples & Extras/Resources/Fonts & Materials/Bangers SDF Logo - URP.mat using Guid(6751ce1a4611b3940812c13a6847d94f) Importer(2089858483,0ecaa5967403d082aa24f35e1b516d23) (ScriptedImporter) -> (artifact id: 'c53aa16acf1b72a0f2d4cd37f19d8f24') in 0.0624682 seconds
Number of updated asset objects reloaded before import = 0Number of asset objects unloaded after import = 4

========================================================================
Received Import Request.
  Time since last request: 0.000036 seconds.
  path: Assets/Settings/TextMesh Pro/Shaders/TMP_SDF-Mobile Masking.shader
  artifactKey: Guid(bc1ede39bf3643ee8e493720e4259791) Importer(2089858483,0ecaa5967403d082aa24f35e1b516d23)
Start importing Assets/Settings/TextMesh Pro/Shaders/TMP_SDF-Mobile Masking.shader using Guid(bc1ede39bf3643ee8e493720e4259791) Importer(2089858483,0ecaa5967403d082aa24f35e1b516d23) (ScriptedImporter) -> (artifact id: '7c157a57ee40e101776aae5ee265f739') in 0.0526554 seconds
Number of updated asset objects reloaded before import = 0Number of asset objects unloaded after import = 1

========================================================================
Received Import Request.
  Time since last request: 0.000116 seconds.
  path: Assets/Settings/TextMesh Pro/Examples & Extras/Prefabs/TextMeshPro - Prefab 2.prefab
  artifactKey: Guid(fdad9d952ae84cafb74c63f2e694d042) Importer(2089858483,0ecaa5967403d082aa24f35e1b516d23)
Start importing Assets/Settings/TextMesh Pro/Examples & Extras/Prefabs/TextMeshPro - Prefab 2.prefab using Guid(fdad9d952ae84cafb74c63f2e694d042) Importer(2089858483,0ecaa5967403d082aa24f35e1b516d23) (ScriptedImporter)The method get_fontSharedMaterials was not found on TextMeshPro - Prefab 2. This property will not be indexed.
UnityEngine.Debug:ExtractStackTraceNoAlloc (byte*,int,string)
UnityEngine.StackTraceUtility:ExtractStackTrace ()
UnityEngine.DebugLogHandler:Internal_Log (UnityEngine.LogType,UnityEngine.LogOption,string,UnityEngine.Object)
UnityEngine.DebugLogHandler:LogFormat (UnityEngine.LogType,UnityEngine.Object,string,object[])
UnityEngine.Logger:Log (UnityEngine.LogType,object)
UnityEngine.Debug:LogWarning (object)
UnityEditor.Rendering.Universal.MaterialReferenceBuilder:GetMaterialFromMethod (System.Reflection.MethodInfo,UnityEngine.Object,System.Func`3<string, string, string>) (at ./Library/PackageCache/com.unity.render-pipelines.universal@ba467ec059b9/Editor/Converter/MaterialReferenceBuilder.cs:133)
UnityEditor.Rendering.Universal.ConversionIndexers:ConversionIndexer (UnityEditor.Search.CustomObjectIndexerTarget,UnityEditor.Search.ObjectIndexer) (at ./Library/PackageCache/com.unity.render-pipelines.universal@ba467ec059b9/Editor/Converter/ConversionIndexers.cs:21)
UnityEditor.Search.ObjectIndexer:CallCustomIndexers (string,int,UnityEngine.Object,UnityEditor.SerializedObject,bool)
UnityEditor.Search.ObjectIndexer:IndexCustomProperties (string,int,UnityEngine.Object)
UnityEditor.Search.AssetIndexer:IndexCustomGameObjectProperties (string,int,UnityEngine.GameObject)
UnityEditor.Search.AssetIndexer:IndexProperties (int&,string&,bool&)
UnityEditor.Search.AssetIndexer:IndexDocument (string,bool)
UnityEditor.Search.SearchIndexEntryImporter:OnImportAsset (UnityEditor.AssetImporters.AssetImportContext)
UnityEditor.AssetImporters.ScriptedImporter:GenerateAssetData (UnityEditor.AssetImporters.AssetImportContext)

(Filename: ./Library/PackageCache/com.unity.render-pipelines.universal@ba467ec059b9/Editor/Converter/MaterialReferenceBuilder.cs Line: 133)

 -> (artifact id: '2dd351b54442d8b96ec5190054b72358') in 0.1365656 seconds
Number of updated asset objects reloaded before import = 0Number of asset objects unloaded after import = 16

========================================================================
Received Import Request.
  Time since last request: 0.000211 seconds.
  path: Assets/Settings/TextMesh Pro/Examples & Extras/Scripts/CameraController.cs
  artifactKey: Guid(2d687537154440a3913a9a3c7977978c) Importer(2089858483,0ecaa5967403d082aa24f35e1b516d23)
Start importing Assets/Settings/TextMesh Pro/Examples & Extras/Scripts/CameraController.cs using Guid(2d687537154440a3913a9a3c7977978c) Importer(2089858483,0ecaa5967403d082aa24f35e1b516d23) (ScriptedImporter) -> (artifact id: '6b712d467b0ceb7294d3e6e711d652b8') in 0.0480091 seconds
Number of updated asset objects reloaded before import = 0Number of asset objects unloaded after import = 0

========================================================================
Received Import Request.
  Time since last request: 0.000108 seconds.
  path: Assets/Settings/TextMesh Pro/Shaders/TMP_SDF-HDRP UNLIT.shadergraph
  artifactKey: Guid(f63d574838ccfb44f84acc05fed0af48) Importer(2089858483,0ecaa5967403d082aa24f35e1b516d23)
Start importing Assets/Settings/TextMesh Pro/Shaders/TMP_SDF-HDRP UNLIT.shadergraph using Guid(f63d574838ccfb44f84acc05fed0af48) Importer(2089858483,0ecaa5967403d082aa24f35e1b516d23) (ScriptedImporter) -> (artifact id: 'd1fce0c13be304b9400052cbd62eaad3') in 0.0797339 seconds
Number of updated asset objects reloaded before import = 0Number of asset objects unloaded after import = 3

========================================================================
Received Import Request.
  Time since last request: 0.000250 seconds.
  path: Assets/Settings/TextMesh Pro/Resources/Fonts & Materials/LiberationSans SDF - Outline.mat
  artifactKey: Guid(79459efec17a4d00a321bdcc27bbc385) Importer(2089858483,0ecaa5967403d082aa24f35e1b516d23)
Start importing Assets/Settings/TextMesh Pro/Resources/Fonts & Materials/LiberationSans SDF - Outline.mat using Guid(79459efec17a4d00a321bdcc27bbc385) Importer(2089858483,0ecaa5967403d082aa24f35e1b516d23) (ScriptedImporter) -> (artifact id: '4787a4ff18b7b9074ae71189822d21b8') in 0.109611 seconds
Number of updated asset objects reloaded before import = 0Number of asset objects unloaded after import = 2

========================================================================
Received Import Request.
  Time since last request: 0.000053 seconds.
  path: Assets/Settings/TextMesh Pro/Examples & Extras/Resources/Fonts & Materials/Anton SDF - Sunny Days.mat
  artifactKey: Guid(6522f30e342599e4e9dd4cc2cc03c830) Importer(2089858483,0ecaa5967403d082aa24f35e1b516d23)
Start importing Assets/Settings/TextMesh Pro/Examples & Extras/Resources/Fonts & Materials/Anton SDF - Sunny Days.mat using Guid(6522f30e342599e4e9dd4cc2cc03c830) Importer(2089858483,0ecaa5967403d082aa24f35e1b516d23) (ScriptedImporter) -> (artifact id: 'e840884dbb876b347cd98f92bdceff78') in 0.0606185 seconds
Number of updated asset objects reloaded before import = 0Number of asset objects unloaded after import = 4

========================================================================
Received Import Request.
  Time since last request: 0.000036 seconds.
  path: Assets/Prefab/MapPrefab/SkeletonGunOutline.prefab
  artifactKey: Guid(cc83463310c94e940aa07098977914b2) Importer(815301076,1909f56bfc062723c751e8b465ee728b)
Start importing Assets/Prefab/MapPrefab/SkeletonGunOutline.prefab using Guid(cc83463310c94e940aa07098977914b2) Importer(815301076,1909f56bfc062723c751e8b465ee728b) (PreviewImporter) -> (artifact id: '9e5291937aac573605c48a2b689ef87c') in 0.059485 seconds
Number of updated asset objects reloaded before import = 0Number of asset objects unloaded after import = 29

========================================================================
Received Import Request.
  Time since last request: 0.000058 seconds.
  path: Assets/Settings/TextMesh Pro/Examples & Extras/Resources/Fonts & Materials/Bangers SDF - Drop Shadow - 2 Pass.mat
  artifactKey: Guid(947a44964e53bf0448ff698b2a2219c0) Importer(2089858483,0ecaa5967403d082aa24f35e1b516d23)
Start importing Assets/Settings/TextMesh Pro/Examples & Extras/Resources/Fonts & Materials/Bangers SDF - Drop Shadow - 2 Pass.mat using Guid(947a44964e53bf0448ff698b2a2219c0) Importer(2089858483,0ecaa5967403d082aa24f35e1b516d23) (ScriptedImporter) -> (artifact id: 'b2ecdc6f5ad8c0cf47bc27fa2e4ab2ff') in 0.0511114 seconds
Number of updated asset objects reloaded before import = 0Number of asset objects unloaded after import = 2

========================================================================
Received Import Request.
  Time since last request: 0.000039 seconds.
  path: Assets/Settings/TextMesh Pro/Shaders/TMPro_Surface.cginc
  artifactKey: Guid(d930090c0cd643c7b55f19a38538c162) Importer(2089858483,0ecaa5967403d082aa24f35e1b516d23)
Start importing Assets/Settings/TextMesh Pro/Shaders/TMPro_Surface.cginc using Guid(d930090c0cd643c7b55f19a38538c162) Importer(2089858483,0ecaa5967403d082aa24f35e1b516d23) (ScriptedImporter) -> (artifact id: '92bd74a23ef1f8310310f273d25c3a58') in 0.0458788 seconds
Number of updated asset objects reloaded before import = 0Number of asset objects unloaded after import = 1

========================================================================
Received Import Request.
  Time since last request: 0.000163 seconds.
  path: Assets/Settings/TextMesh Pro/Fonts/LiberationSans.ttf
  artifactKey: Guid(e3265ab4bf004d28a9537516768c1c75) Importer(2089858483,0ecaa5967403d082aa24f35e1b516d23)
Start importing Assets/Settings/TextMesh Pro/Fonts/LiberationSans.ttf using Guid(e3265ab4bf004d28a9537516768c1c75) Importer(2089858483,0ecaa5967403d082aa24f35e1b516d23) (ScriptedImporter) -> (artifact id: 'ab4f30849c32b37ed2c5d48356536d6c') in 0.0585969 seconds
Number of updated asset objects reloaded before import = 0Number of asset objects unloaded after import = 3

========================================================================
Received Import Request.
  Time since last request: 0.000041 seconds.
  path: Assets/Settings/TextMesh Pro/Examples & Extras/Resources/Sprite Assets/DropCap Numbers.asset
  artifactKey: Guid(14aa93acbb234d16aaef0e8b46814db6) Importer(2089858483,0ecaa5967403d082aa24f35e1b516d23)
Start importing Assets/Settings/TextMesh Pro/Examples & Extras/Resources/Sprite Assets/DropCap Numbers.asset using Guid(14aa93acbb234d16aaef0e8b46814db6) Importer(2089858483,0ecaa5967403d082aa24f35e1b516d23) (ScriptedImporter) -> (artifact id: 'baf91fba507ad29db99a5e890125e36a') in 0.0665432 seconds
Number of updated asset objects reloaded before import = 0Number of asset objects unloaded after import = 3

========================================================================
Received Import Request.
  Time since last request: 0.000082 seconds.
  path: Assets/Settings/TextMesh Pro/Shaders/TMP_Bitmap.shader
  artifactKey: Guid(128e987d567d4e2c824d754223b3f3b0) Importer(2089858483,0ecaa5967403d082aa24f35e1b516d23)
Start importing Assets/Settings/TextMesh Pro/Shaders/TMP_Bitmap.shader using Guid(128e987d567d4e2c824d754223b3f3b0) Importer(2089858483,0ecaa5967403d082aa24f35e1b516d23) (ScriptedImporter) -> (artifact id: 'ada39ecb8058f6aa18c2c4245b76b054') in 0.0458095 seconds
Number of updated asset objects reloaded before import = 0Number of asset objects unloaded after import = 1

========================================================================
Received Import Request.
  Time since last request: 0.000078 seconds.
  path: Assets/Settings/TextMesh Pro/Examples & Extras/Scenes/15 - Inline Graphics & Sprites.unity
  artifactKey: Guid(e76e6c0f81964cbda3fe0b7d26ed8060) Importer(2089858483,0ecaa5967403d082aa24f35e1b516d23)
Start importing Assets/Settings/TextMesh Pro/Examples & Extras/Scenes/15 - Inline Graphics & Sprites.unity using Guid(e76e6c0f81964cbda3fe0b7d26ed8060) Importer(2089858483,0ecaa5967403d082aa24f35e1b516d23) (ScriptedImporter) -> (artifact id: 'dd4afed1e899aef3ed0b7b71e5360423') in 0.0549828 seconds
Number of updated asset objects reloaded before import = 0Number of asset objects unloaded after import = 1

========================================================================
Received Import Request.
  Time since last request: 0.000064 seconds.
  path: Assets/Settings/TextMesh Pro/Examples & Extras/Scripts/WarpTextExample.cs
  artifactKey: Guid(790744c462254b7ba8038e6ed28b3db2) Importer(2089858483,0ecaa5967403d082aa24f35e1b516d23)
Start importing Assets/Settings/TextMesh Pro/Examples & Extras/Scripts/WarpTextExample.cs using Guid(790744c462254b7ba8038e6ed28b3db2) Importer(2089858483,0ecaa5967403d082aa24f35e1b516d23) (ScriptedImporter) -> (artifact id: '5b6590b8d2bb5aa0174710dd8eb3f486') in 0.0452872 seconds
Number of updated asset objects reloaded before import = 0Number of asset objects unloaded after import = 0

========================================================================
Received Import Request.
  Time since last request: 0.000092 seconds.
  path: Assets/Settings/TextMesh Pro/Examples & Extras/Scenes/23 - Animating Vertex Attributes.unity
  artifactKey: Guid(54e994244b4b467e8583cf2da6dcc716) Importer(2089858483,0ecaa5967403d082aa24f35e1b516d23)
Start importing Assets/Settings/TextMesh Pro/Examples & Extras/Scenes/23 - Animating Vertex Attributes.unity using Guid(54e994244b4b467e8583cf2da6dcc716) Importer(2089858483,0ecaa5967403d082aa24f35e1b516d23) (ScriptedImporter) -> (artifact id: '20816c2e716f03ab6adfe8137ee154bc') in 0.0569007 seconds
Number of updated asset objects reloaded before import = 0Number of asset objects unloaded after import = 1

========================================================================
Received Import Request.
  Time since last request: 0.000146 seconds.
  path: Assets/Settings/TextMesh Pro/Examples & Extras/Textures/Small Crate_diffuse.jpg
  artifactKey: Guid(602cb87b6a29443b8636370ea0751574) Importer(2089858483,0ecaa5967403d082aa24f35e1b516d23)
Start importing Assets/Settings/TextMesh Pro/Examples & Extras/Textures/Small Crate_diffuse.jpg using Guid(602cb87b6a29443b8636370ea0751574) Importer(2089858483,0ecaa5967403d082aa24f35e1b516d23) (ScriptedImporter) -> (artifact id: '997c31e9387376ccabe82bf79cc9db51') in 0.226114 seconds
Number of updated asset objects reloaded before import = 0Number of asset objects unloaded after import = 1

========================================================================
Received Import Request.
  Time since last request: 0.000067 seconds.
  path: Assets/Settings/TextMesh Pro/Shaders/TMP_SDF Overlay.shader
  artifactKey: Guid(dd89cf5b9246416f84610a006f916af7) Importer(2089858483,0ecaa5967403d082aa24f35e1b516d23)
Start importing Assets/Settings/TextMesh Pro/Shaders/TMP_SDF Overlay.shader using Guid(dd89cf5b9246416f84610a006f916af7) Importer(2089858483,0ecaa5967403d082aa24f35e1b516d23) (ScriptedImporter) -> (artifact id: 'e01fad3bed28cebdf3bc543e5032efeb') in 0.0488113 seconds
Number of updated asset objects reloaded before import = 0Number of asset objects unloaded after import = 1

========================================================================
Received Import Request.
  Time since last request: 0.000075 seconds.
  path: Assets/Settings/TextMesh Pro/Examples & Extras/Textures/Brushed Metal 3.jpg
  artifactKey: Guid(f88677df267a41d6be1e7a6133e7d227) Importer(2089858483,0ecaa5967403d082aa24f35e1b516d23)
Start importing Assets/Settings/TextMesh Pro/Examples & Extras/Textures/Brushed Metal 3.jpg using Guid(f88677df267a41d6be1e7a6133e7d227) Importer(2089858483,0ecaa5967403d082aa24f35e1b516d23) (ScriptedImporter) -> (artifact id: 'b36c95d19469e87b119af7061b89d726') in 0.0586413 seconds
Number of updated asset objects reloaded before import = 0Number of asset objects unloaded after import = 1

========================================================================
Received Import Request.
  Time since last request: 0.000038 seconds.
  path: Assets/Settings/TextMesh Pro/Shaders/TMP_SDF-Mobile.shader
  artifactKey: Guid(fe393ace9b354375a9cb14cdbbc28be4) Importer(2089858483,0ecaa5967403d082aa24f35e1b516d23)
Start importing Assets/Settings/TextMesh Pro/Shaders/TMP_SDF-Mobile.shader using Guid(fe393ace9b354375a9cb14cdbbc28be4) Importer(2089858483,0ecaa5967403d082aa24f35e1b516d23) (ScriptedImporter) -> (artifact id: '170fd439fa2d03d71b2474cad909172e') in 0.0450938 seconds
Number of updated asset objects reloaded before import = 0Number of asset objects unloaded after import = 1

========================================================================
Received Import Request.
  Time since last request: 0.000114 seconds.
  path: Assets/Settings/TextMesh Pro/Examples & Extras/Sprites/Default Sprites.png
  artifactKey: Guid(a0fc465d6cf04254a2938578735e2383) Importer(2089858483,0ecaa5967403d082aa24f35e1b516d23)
Start importing Assets/Settings/TextMesh Pro/Examples & Extras/Sprites/Default Sprites.png using Guid(a0fc465d6cf04254a2938578735e2383) Importer(2089858483,0ecaa5967403d082aa24f35e1b516d23) (ScriptedImporter) -> (artifact id: '12ace38470a7c17ddd58e151e611df03') in 0.1013719 seconds
Number of updated asset objects reloaded before import = 0Number of asset objects unloaded after import = 1

========================================================================
Received Import Request.
  Time since last request: 0.000042 seconds.
  path: Assets/Settings/TextMesh Pro/Shaders/TMP_SDF-Mobile SSD.shader
  artifactKey: Guid(c8d12adcee749c344b8117cf7c7eb912) Importer(2089858483,0ecaa5967403d082aa24f35e1b516d23)
Start importing Assets/Settings/TextMesh Pro/Shaders/TMP_SDF-Mobile SSD.shader using Guid(c8d12adcee749c344b8117cf7c7eb912) Importer(2089858483,0ecaa5967403d082aa24f35e1b516d23) (ScriptedImporter) -> (artifact id: '848c147bec35f556df6993ffe3c6f49e') in 0.0503925 seconds
Number of updated asset objects reloaded before import = 0Number of asset objects unloaded after import = 1

========================================================================
Received Import Request.
  Time since last request: 0.000063 seconds.
  path: Assets/Settings/TextMesh Pro/Examples & Extras/Textures/Wipe Pattern - Radial Quad.psd
  artifactKey: Guid(2b5e9ae96c5644d8bae932f8b4ca68a2) Importer(2089858483,0ecaa5967403d082aa24f35e1b516d23)
Start importing Assets/Settings/TextMesh Pro/Examples & Extras/Textures/Wipe Pattern - Radial Quad.psd using Guid(2b5e9ae96c5644d8bae932f8b4ca68a2) Importer(2089858483,0ecaa5967403d082aa24f35e1b516d23) (ScriptedImporter) -> (artifact id: '1a98e2e239aad265345e393661e8f92c') in 0.0608579 seconds
Number of updated asset objects reloaded before import = 0Number of asset objects unloaded after import = 1

========================================================================
Received Import Request.
  Time since last request: 0.000064 seconds.
  path: Assets/Settings/TextMesh Pro/Examples & Extras/Scenes/24 - Surface Shader Example.unity
  artifactKey: Guid(8c4969fd8ba94a68b07cf11f3e7a5137) Importer(2089858483,0ecaa5967403d082aa24f35e1b516d23)
Start importing Assets/Settings/TextMesh Pro/Examples & Extras/Scenes/24 - Surface Shader Example.unity using Guid(8c4969fd8ba94a68b07cf11f3e7a5137) Importer(2089858483,0ecaa5967403d082aa24f35e1b516d23) (ScriptedImporter) -> (artifact id: '3e3e70cd6ec4f9e0354ecf079efb23d0') in 0.049975 seconds
Number of updated asset objects reloaded before import = 0Number of asset objects unloaded after import = 1

========================================================================
Received Import Request.
  Time since last request: 0.000057 seconds.
  path: Assets/Settings/TextMesh Pro/Resources/LineBreaking Following Characters.txt
  artifactKey: Guid(fade42e8bc714b018fac513c043d323b) Importer(2089858483,0ecaa5967403d082aa24f35e1b516d23)
Start importing Assets/Settings/TextMesh Pro/Resources/LineBreaking Following Characters.txt using Guid(fade42e8bc714b018fac513c043d323b) Importer(2089858483,0ecaa5967403d082aa24f35e1b516d23) (ScriptedImporter) -> (artifact id: '9252f107b035f4a286b949ac0db22134') in 0.0504578 seconds
Number of updated asset objects reloaded before import = 0Number of asset objects unloaded after import = 1

========================================================================
Received Import Request.
  Time since last request: 0.000049 seconds.
  path: Assets/Settings/TextMesh Pro/Examples & Extras/Fonts/Bangers - OFL.txt
  artifactKey: Guid(efe0bf4ac872451e91612d1ae593f480) Importer(2089858483,0ecaa5967403d082aa24f35e1b516d23)
Start importing Assets/Settings/TextMesh Pro/Examples & Extras/Fonts/Bangers - OFL.txt using Guid(efe0bf4ac872451e91612d1ae593f480) Importer(2089858483,0ecaa5967403d082aa24f35e1b516d23) (ScriptedImporter) -> (artifact id: '9bfdc3d98e392ac52b4d508e471d7348') in 0.0498797 seconds
Number of updated asset objects reloaded before import = 0Number of asset objects unloaded after import = 1

========================================================================
Received Import Request.
  Time since last request: 0.000082 seconds.
  path: Assets/Settings/TextMesh Pro/Examples & Extras/Scenes/11 - The Style Tag.unity
  artifactKey: Guid(84ed36ad77dd4956b2ffe3769f759879) Importer(2089858483,0ecaa5967403d082aa24f35e1b516d23)
Start importing Assets/Settings/TextMesh Pro/Examples & Extras/Scenes/11 - The Style Tag.unity using Guid(84ed36ad77dd4956b2ffe3769f759879) Importer(2089858483,0ecaa5967403d082aa24f35e1b516d23) (ScriptedImporter) -> (artifact id: '12d2a76638c74a574ae09c0e958a9afa') in 0.0493097 seconds
Number of updated asset objects reloaded before import = 0Number of asset objects unloaded after import = 1

========================================================================
Received Import Request.
  Time since last request: 0.000040 seconds.
  path: Assets/Settings/TextMesh Pro/Shaders/TMP_SDF SSD.shader
  artifactKey: Guid(14eb328de4b8eb245bb7cea29e4ac00b) Importer(2089858483,0ecaa5967403d082aa24f35e1b516d23)
Start importing Assets/Settings/TextMesh Pro/Shaders/TMP_SDF SSD.shader using Guid(14eb328de4b8eb245bb7cea29e4ac00b) Importer(2089858483,0ecaa5967403d082aa24f35e1b516d23) (ScriptedImporter) -> (artifact id: '27c06f1a0d27368abffb064ccbcc381c') in 0.0508793 seconds
Number of updated asset objects reloaded before import = 0Number of asset objects unloaded after import = 1

========================================================================
Received Import Request.
  Time since last request: 0.000073 seconds.
  path: Assets/Settings/TextMesh Pro/Examples & Extras/Scripts/EnvMapAnimator.cs
  artifactKey: Guid(a4b6f99e8bc54541bbd149b014ff441c) Importer(2089858483,0ecaa5967403d082aa24f35e1b516d23)
Start importing Assets/Settings/TextMesh Pro/Examples & Extras/Scripts/EnvMapAnimator.cs using Guid(a4b6f99e8bc54541bbd149b014ff441c) Importer(2089858483,0ecaa5967403d082aa24f35e1b516d23) (ScriptedImporter) -> (artifact id: '04dc180a805cf9136901e3383ac9ef04') in 0.0565852 seconds
Number of updated asset objects reloaded before import = 0Number of asset objects unloaded after import = 0

========================================================================
Received Import Request.
  Time since last request: 0.000040 seconds.
  path: Assets/Settings/TextMesh Pro/Examples & Extras/Scenes/18 - ScrollRect & Masking & Layout.unity
  artifactKey: Guid(03f9d74cec8e4b94a29d2dfd177c821b) Importer(2089858483,0ecaa5967403d082aa24f35e1b516d23)
Start importing Assets/Settings/TextMesh Pro/Examples & Extras/Scenes/18 - ScrollRect & Masking & Layout.unity using Guid(03f9d74cec8e4b94a29d2dfd177c821b) Importer(2089858483,0ecaa5967403d082aa24f35e1b516d23) (ScriptedImporter) -> (artifact id: 'd3f3bc8471209dbdf585da25a66e0872') in 0.043846 seconds
Number of updated asset objects reloaded before import = 0Number of asset objects unloaded after import = 1

========================================================================
Received Import Request.
  Time since last request: 0.000086 seconds.
  path: Assets/Settings/TextMesh Pro/Examples & Extras/Textures/Floor Cement.jpg
  artifactKey: Guid(283f897e4925411ebbaa758b4cb13fc2) Importer(2089858483,0ecaa5967403d082aa24f35e1b516d23)
Start importing Assets/Settings/TextMesh Pro/Examples & Extras/Textures/Floor Cement.jpg using Guid(283f897e4925411ebbaa758b4cb13fc2) Importer(2089858483,0ecaa5967403d082aa24f35e1b516d23) (ScriptedImporter) -> (artifact id: '00903ea2f8f296a6075fba227285fa98') in 0.0815683 seconds
Number of updated asset objects reloaded before import = 0Number of asset objects unloaded after import = 1

========================================================================
Received Import Request.
  Time since last request: 0.000113 seconds.
  path: Assets/Settings/TextMesh Pro/Examples & Extras/Scripts/TMP_FrameRateCounter.cs
  artifactKey: Guid(686ec78b56aa445795335fbadafcfaa4) Importer(2089858483,0ecaa5967403d082aa24f35e1b516d23)
Start importing Assets/Settings/TextMesh Pro/Examples & Extras/Scripts/TMP_FrameRateCounter.cs using Guid(686ec78b56aa445795335fbadafcfaa4) Importer(2089858483,0ecaa5967403d082aa24f35e1b516d23) (ScriptedImporter) -> (artifact id: '658cb00e0575e916d70de9a4c463c17a') in 0.0451559 seconds
Number of updated asset objects reloaded before import = 0Number of asset objects unloaded after import = 0

========================================================================
Received Import Request.
  Time since last request: 0.000048 seconds.
  path: Assets/Settings/TextMesh Pro/Examples & Extras/Fonts/Anton.ttf
  artifactKey: Guid(997a43b767814dd0a7642ec9b78cba41) Importer(2089858483,0ecaa5967403d082aa24f35e1b516d23)
Start importing Assets/Settings/TextMesh Pro/Examples & Extras/Fonts/Anton.ttf using Guid(997a43b767814dd0a7642ec9b78cba41) Importer(2089858483,0ecaa5967403d082aa24f35e1b516d23) (ScriptedImporter) -> (artifact id: 'c020c84c4bc20c3c974a81950a08832a') in 0.0489708 seconds
Number of updated asset objects reloaded before import = 0Number of asset objects unloaded after import = 3

========================================================================
Received Import Request.
  Time since last request: 0.000031 seconds.
  path: Assets/Settings/TextMesh Pro/Examples & Extras/Resources/Fonts & Materials/Electronic Highway Sign SDF.asset
  artifactKey: Guid(dc36b3fdc14f47ebb36fd484a67e268a) Importer(2089858483,0ecaa5967403d082aa24f35e1b516d23)
Start importing Assets/Settings/TextMesh Pro/Examples & Extras/Resources/Fonts & Materials/Electronic Highway Sign SDF.asset using Guid(dc36b3fdc14f47ebb36fd484a67e268a) Importer(2089858483,0ecaa5967403d082aa24f35e1b516d23) (ScriptedImporter) -> (artifact id: '76248eabef9f4952b70f6e85b4f0a6ff') in 0.0354947 seconds
Number of updated asset objects reloaded before import = 0Number of asset objects unloaded after import = 5

========================================================================
Received Import Request.
  Time since last request: 0.000041 seconds.
  path: Assets/Settings/TextMesh Pro/Examples & Extras/Resources/Color Gradient Presets/Light to Dark Green - Vertical.asset
  artifactKey: Guid(5cf8ae092ca54931b443bec5148f3c59) Importer(2089858483,0ecaa5967403d082aa24f35e1b516d23)
Start importing Assets/Settings/TextMesh Pro/Examples & Extras/Resources/Color Gradient Presets/Light to Dark Green - Vertical.asset using Guid(5cf8ae092ca54931b443bec5148f3c59) Importer(2089858483,0ecaa5967403d082aa24f35e1b516d23) (ScriptedImporter) -> (artifact id: 'de1f489238604c90c86ede3c90df605c') in 0.0207618 seconds
Number of updated asset objects reloaded before import = 0Number of asset objects unloaded after import = 1

========================================================================
Received Import Request.
  Time since last request: 0.000028 seconds.
  path: Assets/Settings/TextMesh Pro/Examples & Extras/Scenes/25 - Sunny Days Example.unity
  artifactKey: Guid(f9b4c22e15cff344ba9fc6542a58dd07) Importer(2089858483,0ecaa5967403d082aa24f35e1b516d23)
Start importing Assets/Settings/TextMesh Pro/Examples & Extras/Scenes/25 - Sunny Days Example.unity using Guid(f9b4c22e15cff344ba9fc6542a58dd07) Importer(2089858483,0ecaa5967403d082aa24f35e1b516d23) (ScriptedImporter) -> (artifact id: '27fb0244d2d2cc2c1eca043a1b13fbca') in 0.018221 seconds
Number of updated asset objects reloaded before import = 0Number of asset objects unloaded after import = 1

========================================================================
Received Import Request.
  Time since last request: 0.000028 seconds.
  path: Assets/Settings/TextMesh Pro/Resources/Fonts & Materials/LiberationSans SDF - Fallback.asset
  artifactKey: Guid(2e498d1c8094910479dc3e1b768306a4) Importer(2089858483,0ecaa5967403d082aa24f35e1b516d23)
Start importing Assets/Settings/TextMesh Pro/Resources/Fonts & Materials/LiberationSans SDF - Fallback.asset using Guid(2e498d1c8094910479dc3e1b768306a4) Importer(2089858483,0ecaa5967403d082aa24f35e1b516d23) (ScriptedImporter) -> (artifact id: '2602301b10b39ac282c4324fbb6231e4') in 0.0334328 seconds
Number of updated asset objects reloaded before import = 0Number of asset objects unloaded after import = 5

========================================================================
Received Import Request.
  Time since last request: 0.000032 seconds.
  path: Assets/Settings/TextMesh Pro/Resources/Style Sheets/Default Style Sheet.asset
  artifactKey: Guid(f952c082cb03451daed3ee968ac6c63e) Importer(2089858483,0ecaa5967403d082aa24f35e1b516d23)
Start importing Assets/Settings/TextMesh Pro/Resources/Style Sheets/Default Style Sheet.asset using Guid(f952c082cb03451daed3ee968ac6c63e) Importer(2089858483,0ecaa5967403d082aa24f35e1b516d23) (ScriptedImporter) -> (artifact id: '6f3a7a74d4eb57ae472211a504854cfb') in 0.025483 seconds
Number of updated asset objects reloaded before import = 0Number of asset objects unloaded after import = 1

========================================================================
Received Import Request.
  Time since last request: 0.000038 seconds.
  path: Assets/Settings/TextMesh Pro/Resources/Fonts & Materials/LiberationSans SDF.asset
  artifactKey: Guid(8f586378b4e144a9851e7b34d9b748ee) Importer(2089858483,0ecaa5967403d082aa24f35e1b516d23)
Start importing Assets/Settings/TextMesh Pro/Resources/Fonts & Materials/LiberationSans SDF.asset using Guid(8f586378b4e144a9851e7b34d9b748ee) Importer(2089858483,0ecaa5967403d082aa24f35e1b516d23) (ScriptedImporter) -> (artifact id: '27ef66a242c668e7bcd1e9e707e5d5b8') in 0.0514589 seconds
Number of updated asset objects reloaded before import = 0Number of asset objects unloaded after import = 8

========================================================================
Received Import Request.
  Time since last request: 0.000031 seconds.
  path: Assets/Settings/TextMesh Pro/Examples & Extras/Fonts/Bangers.ttf
  artifactKey: Guid(5dd49b3eacc540408c98eee0de38e0f1) Importer(2089858483,0ecaa5967403d082aa24f35e1b516d23)
Start importing Assets/Settings/TextMesh Pro/Examples & Extras/Fonts/Bangers.ttf using Guid(5dd49b3eacc540408c98eee0de38e0f1) Importer(2089858483,0ecaa5967403d082aa24f35e1b516d23) (ScriptedImporter) -> (artifact id: '1f0ea3322feb9888ff9946a368323224') in 0.0241234 seconds
Number of updated asset objects reloaded before import = 0Number of asset objects unloaded after import = 3

========================================================================
Received Import Request.
  Time since last request: 0.000041 seconds.
  path: Assets/Settings/TextMesh Pro/Examples & Extras/Scripts/TMPro_InstructionOverlay.cs
  artifactKey: Guid(c3c1afeda5e545e0b19add5373896d2e) Importer(2089858483,0ecaa5967403d082aa24f35e1b516d23)
Start importing Assets/Settings/TextMesh Pro/Examples & Extras/Scripts/TMPro_InstructionOverlay.cs using Guid(c3c1afeda5e545e0b19add5373896d2e) Importer(2089858483,0ecaa5967403d082aa24f35e1b516d23) (ScriptedImporter) -> (artifact id: '9af857b596a08bd756680e63e3ab5077') in 0.0218114 seconds
Number of updated asset objects reloaded before import = 0Number of asset objects unloaded after import = 0

========================================================================
Received Import Request.
  Time since last request: 0.000073 seconds.
  path: Assets/Settings/TextMesh Pro/Resources/TMP Settings.asset
  artifactKey: Guid(3f5b5dff67a942289a9defa416b206f3) Importer(2089858483,0ecaa5967403d082aa24f35e1b516d23)
Start importing Assets/Settings/TextMesh Pro/Resources/TMP Settings.asset using Guid(3f5b5dff67a942289a9defa416b206f3) Importer(2089858483,0ecaa5967403d082aa24f35e1b516d23) (ScriptedImporter) -> (artifact id: 'a51e245963f4b507a4fe18fb8221af30') in 0.0432114 seconds
Number of updated asset objects reloaded before import = 0Number of asset objects unloaded after import = 15

========================================================================
Received Import Request.
  Time since last request: 0.000031 seconds.
  path: Assets/Settings/TextMesh Pro/Examples & Extras/Resources/Fonts & Materials/Unity SDF - HDRP LIT - Bloom.mat
  artifactKey: Guid(8d176c01131de8f46ad61094e29d79b2) Importer(2089858483,0ecaa5967403d082aa24f35e1b516d23)
Start importing Assets/Settings/TextMesh Pro/Examples & Extras/Resources/Fonts & Materials/Unity SDF - HDRP LIT - Bloom.mat using Guid(8d176c01131de8f46ad61094e29d79b2) Importer(2089858483,0ecaa5967403d082aa24f35e1b516d23) (ScriptedImporter) -> (artifact id: '648f3a9f39b54036f5ea5ac6c17e283e') in 0.0385414 seconds
Number of updated asset objects reloaded before import = 0Number of asset objects unloaded after import = 3

========================================================================
Received Import Request.
  Time since last request: 0.000032 seconds.
  path: Assets/Settings/TextMesh Pro/Examples & Extras/Textures/Gradient Vertical (Color).jpg
  artifactKey: Guid(03d0538de6e24c0f819bfc9ce084dfa9) Importer(2089858483,0ecaa5967403d082aa24f35e1b516d23)
Start importing Assets/Settings/TextMesh Pro/Examples & Extras/Textures/Gradient Vertical (Color).jpg using Guid(03d0538de6e24c0f819bfc9ce084dfa9) Importer(2089858483,0ecaa5967403d082aa24f35e1b516d23) (ScriptedImporter) -> (artifact id: '0e705ccd02e57ea9c759f6bfc6728b0c') in 0.0296332 seconds
Number of updated asset objects reloaded before import = 0Number of asset objects unloaded after import = 1

========================================================================
Received Import Request.
  Time since last request: 0.000038 seconds.
  path: Assets/Settings/TextMesh Pro/Examples & Extras/Textures/Mask Zig-n-Zag.psd
  artifactKey: Guid(bb8dfcd263ad4eb383a33d74a720be6f) Importer(2089858483,0ecaa5967403d082aa24f35e1b516d23)
Start importing Assets/Settings/TextMesh Pro/Examples & Extras/Textures/Mask Zig-n-Zag.psd using Guid(bb8dfcd263ad4eb383a33d74a720be6f) Importer(2089858483,0ecaa5967403d082aa24f35e1b516d23) (ScriptedImporter) -> (artifact id: '7291e4e830013ce6aae5de664d556b5f') in 0.0369744 seconds
Number of updated asset objects reloaded before import = 0Number of asset objects unloaded after import = 1

========================================================================
Received Import Request.
  Time since last request: 0.000027 seconds.
  path: Assets/Settings/TextMesh Pro/Examples & Extras/Scripts/TextMeshSpawner.cs
  artifactKey: Guid(76c11bbcfddf44e0ba17d6c2751c8d84) Importer(2089858483,0ecaa5967403d082aa24f35e1b516d23)
Start importing Assets/Settings/TextMesh Pro/Examples & Extras/Scripts/TextMeshSpawner.cs using Guid(76c11bbcfddf44e0ba17d6c2751c8d84) Importer(2089858483,0ecaa5967403d082aa24f35e1b516d23) (ScriptedImporter) -> (artifact id: '91232f7fc1cf6444a17b5a5a997c3059') in 0.0219393 seconds
Number of updated asset objects reloaded before import = 0Number of asset objects unloaded after import = 0

========================================================================
Received Import Request.
  Time since last request: 0.000037 seconds.
  path: Assets/Settings/TextMesh Pro/Examples & Extras/Scripts/Benchmark03.cs
  artifactKey: Guid(a73109742c8d47ac822895a473300c29) Importer(2089858483,0ecaa5967403d082aa24f35e1b516d23)
Start importing Assets/Settings/TextMesh Pro/Examples & Extras/Scripts/Benchmark03.cs using Guid(a73109742c8d47ac822895a473300c29) Importer(2089858483,0ecaa5967403d082aa24f35e1b516d23) (ScriptedImporter) -> (artifact id: 'eb91508a560bce30872a4f596c5da50e') in 0.032342 seconds
Number of updated asset objects reloaded before import = 0Number of asset objects unloaded after import = 0

========================================================================
Received Import Request.
  Time since last request: 0.000077 seconds.
  path: Assets/Settings/TextMesh Pro/Examples & Extras/Resources/Fonts & Materials/Anton SDF - Drop Shadow.mat
  artifactKey: Guid(749b9069dc4742c5bfa5c74644049926) Importer(2089858483,0ecaa5967403d082aa24f35e1b516d23)
Start importing Assets/Settings/TextMesh Pro/Examples & Extras/Resources/Fonts & Materials/Anton SDF - Drop Shadow.mat using Guid(749b9069dc4742c5bfa5c74644049926) Importer(2089858483,0ecaa5967403d082aa24f35e1b516d23) (ScriptedImporter) -> (artifact id: 'ba2b595957b2a530ebcf01793a6f812d') in 0.0351687 seconds
Number of updated asset objects reloaded before import = 0Number of asset objects unloaded after import = 2

========================================================================
Received Import Request.
  Time since last request: 0.000066 seconds.
  path: Assets/Settings/TextMesh Pro/Examples & Extras/Prefabs/Text Popup.prefab
  artifactKey: Guid(b06f0e6c1dfa4356ac918da1bb32c603) Importer(2089858483,0ecaa5967403d082aa24f35e1b516d23)
Start importing Assets/Settings/TextMesh Pro/Examples & Extras/Prefabs/Text Popup.prefab using Guid(b06f0e6c1dfa4356ac918da1bb32c603) Importer(2089858483,0ecaa5967403d082aa24f35e1b516d23) (ScriptedImporter) -> (artifact id: '31c8f7f65247327bfa149b79c33bbc61') in 0.142985 seconds
Number of updated asset objects reloaded before import = 0Number of asset objects unloaded after import = 21

========================================================================
Received Import Request.
  Time since last request: 0.000095 seconds.
  path: Assets/Settings/TextMesh Pro/Examples & Extras/Fonts/Roboto-Bold - AFL.txt
  artifactKey: Guid(f28c334d44214474d9702d3ad79ecb0a) Importer(2089858483,0ecaa5967403d082aa24f35e1b516d23)
Start importing Assets/Settings/TextMesh Pro/Examples & Extras/Fonts/Roboto-Bold - AFL.txt using Guid(f28c334d44214474d9702d3ad79ecb0a) Importer(2089858483,0ecaa5967403d082aa24f35e1b516d23) (ScriptedImporter) -> (artifact id: '949a1d619d3f5422632875d4ad6e9ab3') in 0.05013 seconds
Number of updated asset objects reloaded before import = 0Number of asset objects unloaded after import = 1

========================================================================
Received Import Request.
  Time since last request: 0.000042 seconds.
  path: Assets/Settings/TextMesh Pro/Examples & Extras/Scripts/VertexColorCycler.cs
  artifactKey: Guid(91b8ba3d52e041fab2d0e0f169855539) Importer(2089858483,0ecaa5967403d082aa24f35e1b516d23)
Start importing Assets/Settings/TextMesh Pro/Examples & Extras/Scripts/VertexColorCycler.cs using Guid(91b8ba3d52e041fab2d0e0f169855539) Importer(2089858483,0ecaa5967403d082aa24f35e1b516d23) (ScriptedImporter) -> (artifact id: '27b57110b1ed99bc944f4f76fbf471c4') in 0.0464201 seconds
Number of updated asset objects reloaded before import = 0Number of asset objects unloaded after import = 0

========================================================================
Received Import Request.
  Time since last request: 0.000114 seconds.
  path: Assets/Settings/TextMesh Pro/Examples & Extras/Scripts/TMP_UiFrameRateCounter.cs
  artifactKey: Guid(24b0dc2d1d494adbbec1f4db26b4cf83) Importer(2089858483,0ecaa5967403d082aa24f35e1b516d23)
Start importing Assets/Settings/TextMesh Pro/Examples & Extras/Scripts/TMP_UiFrameRateCounter.cs using Guid(24b0dc2d1d494adbbec1f4db26b4cf83) Importer(2089858483,0ecaa5967403d082aa24f35e1b516d23) (ScriptedImporter) -> (artifact id: '68771a78f3101b2a8d1d0255ad32a0a2') in 0.1122929 seconds
Number of updated asset objects reloaded before import = 0Number of asset objects unloaded after import = 0

========================================================================
Received Import Request.
  Time since last request: 0.000058 seconds.
  path: Assets/Settings/TextMesh Pro/Examples & Extras/Scenes/19 - Masking Texture & Soft Mask.unity
  artifactKey: Guid(9abcd5bd764646568a6ea70d00f9264c) Importer(2089858483,0ecaa5967403d082aa24f35e1b516d23)
Start importing Assets/Settings/TextMesh Pro/Examples & Extras/Scenes/19 - Masking Texture & Soft Mask.unity using Guid(9abcd5bd764646568a6ea70d00f9264c) Importer(2089858483,0ecaa5967403d082aa24f35e1b516d23) (ScriptedImporter) -> (artifact id: '2775fce1117cd584418b0c9a6adc5d37') in 0.1097894 seconds
Number of updated asset objects reloaded before import = 0Number of asset objects unloaded after import = 1

========================================================================
Received Import Request.
  Time since last request: 0.000090 seconds.
  path: Assets/Settings/TextMesh Pro/Examples & Extras/Scripts/VertexZoom.cs
  artifactKey: Guid(52ec835d14bd486f900952b77698b7eb) Importer(2089858483,0ecaa5967403d082aa24f35e1b516d23)
Start importing Assets/Settings/TextMesh Pro/Examples & Extras/Scripts/VertexZoom.cs using Guid(52ec835d14bd486f900952b77698b7eb) Importer(2089858483,0ecaa5967403d082aa24f35e1b516d23) (ScriptedImporter) -> (artifact id: 'f16d05531e8322b2a832169fdf3d21c4') in 0.0438447 seconds
Number of updated asset objects reloaded before import = 0Number of asset objects unloaded after import = 0

========================================================================
Received Import Request.
  Time since last request: 0.000096 seconds.
  path: Assets/Settings/TextMesh Pro/Examples & Extras/Resources/Fonts & Materials/Bangers SDF.asset
  artifactKey: Guid(125cb55b44b24c4393181402bc6200e6) Importer(2089858483,0ecaa5967403d082aa24f35e1b516d23)
Start importing Assets/Settings/TextMesh Pro/Examples & Extras/Resources/Fonts & Materials/Bangers SDF.asset using Guid(125cb55b44b24c4393181402bc6200e6) Importer(2089858483,0ecaa5967403d082aa24f35e1b516d23) (ScriptedImporter) -> (artifact id: 'd7459f5a7df61d7c5e1b80ee9384b597') in 0.2525201 seconds
Number of updated asset objects reloaded before import = 0Number of asset objects unloaded after import = 5

========================================================================
Received Import Request.
  Time since last request: 0.002155 seconds.
  path: Assets/Settings/TextMesh Pro/Examples & Extras/Scenes/17 - Old Computer Terminal.unity
  artifactKey: Guid(3e2e4d7b0bed4cf9ab827e9f32448f69) Importer(2089858483,0ecaa5967403d082aa24f35e1b516d23)
Start importing Assets/Settings/TextMesh Pro/Examples & Extras/Scenes/17 - Old Computer Terminal.unity using Guid(3e2e4d7b0bed4cf9ab827e9f32448f69) Importer(2089858483,0ecaa5967403d082aa24f35e1b516d23) (ScriptedImporter) -> (artifact id: '8704c4585e2e7c47510bb5d2b16eb864') in 0.0649489 seconds
Number of updated asset objects reloaded before import = 0Number of asset objects unloaded after import = 1

========================================================================
Received Import Request.
  Time since last request: 0.000234 seconds.
  path: Assets/Settings/TextMesh Pro/Examples & Extras/Fonts/Roboto-Bold.ttf
  artifactKey: Guid(4beb055f07aaff244873dec698d0363e) Importer(2089858483,0ecaa5967403d082aa24f35e1b516d23)
Start importing Assets/Settings/TextMesh Pro/Examples & Extras/Fonts/Roboto-Bold.ttf using Guid(4beb055f07aaff244873dec698d0363e) Importer(2089858483,0ecaa5967403d082aa24f35e1b516d23) (ScriptedImporter) -> (artifact id: '9fbb12a225c571b8f0436097c2b6656a') in 0.6622941 seconds
Number of updated asset objects reloaded before import = 0Number of asset objects unloaded after import = 3

========================================================================
Received Import Request.
  Time since last request: 0.000103 seconds.
  path: Assets/Settings/TextMesh Pro/Examples & Extras/Textures/Wipe Pattern - Radial Double.psd
  artifactKey: Guid(7631f4eff8f74ed38eb3eb9db17134e1) Importer(2089858483,0ecaa5967403d082aa24f35e1b516d23)
Start importing Assets/Settings/TextMesh Pro/Examples & Extras/Textures/Wipe Pattern - Radial Double.psd using Guid(7631f4eff8f74ed38eb3eb9db17134e1) Importer(2089858483,0ecaa5967403d082aa24f35e1b516d23) (ScriptedImporter) -> (artifact id: '88c4131b8b03f53c0459430dcddb2c91') in 0.9807994 seconds
Number of updated asset objects reloaded before import = 0Number of asset objects unloaded after import = 1

========================================================================
Received Import Request.
  Time since last request: 0.000058 seconds.
  path: Assets/Settings/TextMesh Pro/Shaders/TMP_Bitmap-Mobile.shader
  artifactKey: Guid(1e3b057af24249748ff873be7fafee47) Importer(2089858483,0ecaa5967403d082aa24f35e1b516d23)
Start importing Assets/Settings/TextMesh Pro/Shaders/TMP_Bitmap-Mobile.shader using Guid(1e3b057af24249748ff873be7fafee47) Importer(2089858483,0ecaa5967403d082aa24f35e1b516d23) (ScriptedImporter) -> (artifact id: '239a7a9492629182781ac695c8be5cc9') in 0.0892677 seconds
Number of updated asset objects reloaded before import = 0Number of asset objects unloaded after import = 1

========================================================================
Received Import Request.
  Time since last request: 0.000059 seconds.
  path: Assets/Settings/TextMesh Pro/Resources/Sprite Assets/EmojiOne.asset
  artifactKey: Guid(c41005c129ba4d66911b75229fd70b45) Importer(2089858483,0ecaa5967403d082aa24f35e1b516d23)
Start importing Assets/Settings/TextMesh Pro/Resources/Sprite Assets/EmojiOne.asset using Guid(c41005c129ba4d66911b75229fd70b45) Importer(2089858483,0ecaa5967403d082aa24f35e1b516d23) (ScriptedImporter) -> (artifact id: 'ca9fcc16870247d82e69f9ef0252aceb') in 0.1163571 seconds
Number of updated asset objects reloaded before import = 0Number of asset objects unloaded after import = 3

========================================================================
Received Import Request.
  Time since last request: 0.000088 seconds.
  path: Assets/Settings/TextMesh Pro/Shaders/TMP_SDF-URP Lit.shadergraph
  artifactKey: Guid(a3d800b099a06e0478fb790c5e79057a) Importer(2089858483,0ecaa5967403d082aa24f35e1b516d23)
Start importing Assets/Settings/TextMesh Pro/Shaders/TMP_SDF-URP Lit.shadergraph using Guid(a3d800b099a06e0478fb790c5e79057a) Importer(2089858483,0ecaa5967403d082aa24f35e1b516d23) (ScriptedImporter) -> (artifact id: 'a5a6a8a9be786c36edb8c8990c46d51f') in 1.5743556 seconds
Number of updated asset objects reloaded before import = 0Number of asset objects unloaded after import = 3

========================================================================
Received Import Request.
  Time since last request: 0.000082 seconds.
  path: Assets/Settings/TextMesh Pro/Examples & Extras/Textures/Sunny Days - Seamless.jpg
  artifactKey: Guid(17c350171f7a3ca479f830547c66d187) Importer(2089858483,0ecaa5967403d082aa24f35e1b516d23)
Start importing Assets/Settings/TextMesh Pro/Examples & Extras/Textures/Sunny Days - Seamless.jpg using Guid(17c350171f7a3ca479f830547c66d187) Importer(2089858483,0ecaa5967403d082aa24f35e1b516d23) (ScriptedImporter) -> (artifact id: '1b9a73fe7bb2e70c748542b41df9bac8') in 0.1411809 seconds
Number of updated asset objects reloaded before import = 0Number of asset objects unloaded after import = 1

========================================================================
Received Import Request.
  Time since last request: 0.000161 seconds.
  path: Assets/Assets/Font/Deep Shadow Over SDF.asset
  artifactKey: Guid(18dfd805d23d28b42957f4af2f3bbf3b) Importer(815301076,1909f56bfc062723c751e8b465ee728b)
Start importing Assets/Assets/Font/Deep Shadow Over SDF.asset using Guid(18dfd805d23d28b42957f4af2f3bbf3b) Importer(815301076,1909f56bfc062723c751e8b465ee728b) (PreviewImporter) -> (artifact id: 'cd45f7cb756e437e1dafc2002592b4d3') in 0.5343575 seconds
Number of updated asset objects reloaded before import = 0Number of asset objects unloaded after import = 4

========================================================================
Received Import Request.
  Time since last request: 0.000059 seconds.
  path: Assets/Assets/Font/Deep Shadow Under SDF.asset
  artifactKey: Guid(d16cfb334781312489e3f616e575c245) Importer(815301076,1909f56bfc062723c751e8b465ee728b)
Start importing Assets/Assets/Font/Deep Shadow Under SDF.asset using Guid(d16cfb334781312489e3f616e575c245) Importer(815301076,1909f56bfc062723c751e8b465ee728b) (PreviewImporter) -> (artifact id: 'd8cbe0685e14dc6310bf555ac5180fbc') in 0.1751451 seconds
Number of updated asset objects reloaded before import = 0Number of asset objects unloaded after import = 4

========================================================================
Received Import Request.
  Time since last request: 0.000992 seconds.
  path: Assets/Assets/Font/Melted Monster SDF.asset
  artifactKey: Guid(e77cd50e2f8837144aef229765f031bd) Importer(815301076,1909f56bfc062723c751e8b465ee728b)
Start importing Assets/Assets/Font/Melted Monster SDF.asset using Guid(e77cd50e2f8837144aef229765f031bd) Importer(815301076,1909f56bfc062723c751e8b465ee728b) (PreviewImporter) -> (artifact id: 'cf482350aa9872c1a28f2af08bbf5a5e') in 1.1668641 seconds
Number of updated asset objects reloaded before import = 0Number of asset objects unloaded after import = 4

========================================================================
Received Import Request.
  Time since last request: 0.000106 seconds.
  path: Assets/Assets/Font/Deep Shadow SDF.asset
  artifactKey: Guid(1a269f0e5c4c75748a39bc5fa6d7f66e) Importer(815301076,1909f56bfc062723c751e8b465ee728b)
Start importing Assets/Assets/Font/Deep Shadow SDF.asset using Guid(1a269f0e5c4c75748a39bc5fa6d7f66e) Importer(815301076,1909f56bfc062723c751e8b465ee728b) (PreviewImporter) -> (artifact id: 'b5cce894746a3f9d5d1ad009de966c09') in 0.180359 seconds
Number of updated asset objects reloaded before import = 0Number of asset objects unloaded after import = 4

========================================================================
Received Import Request.
  Time since last request: 0.000155 seconds.
  path: Assets/Assets/Font/pixelmix_bold SDF.asset
  artifactKey: Guid(af29d73e51905db479510ecb4b6b30b9) Importer(815301076,1909f56bfc062723c751e8b465ee728b)
Start importing Assets/Assets/Font/pixelmix_bold SDF.asset using Guid(af29d73e51905db479510ecb4b6b30b9) Importer(815301076,1909f56bfc062723c751e8b465ee728b) (PreviewImporter) -> (artifact id: '7b376d9d0d7b2bae935cc8cc0e5c2261') in 5.5970814 seconds
Number of updated asset objects reloaded before import = 0Number of asset objects unloaded after import = 4

========================================================================
Received Import Request.
  Time since last request: 0.000171 seconds.
  path: Assets/Settings/TextMesh Pro/Examples & Extras/Scenes/21 - Script Example.unity
  artifactKey: Guid(50f52f9274434ecfb34dd87f0836f323) Importer(2089858483,0ecaa5967403d082aa24f35e1b516d23)
Start importing Assets/Settings/TextMesh Pro/Examples & Extras/Scenes/21 - Script Example.unity using Guid(50f52f9274434ecfb34dd87f0836f323) Importer(2089858483,0ecaa5967403d082aa24f35e1b516d23) (ScriptedImporter) -> (artifact id: 'ddf217fb4469d338595e9f78e897bcce') in 0.2329583 seconds
Number of updated asset objects reloaded before import = 0Number of asset objects unloaded after import = 1

========================================================================
Received Import Request.
  Time since last request: 0.000135 seconds.
  path: Assets/Settings/DefaultVolumeProfile.asset
  artifactKey: Guid(9f48ef742d85746468d442fe859489ed) Importer(2089858483,0ecaa5967403d082aa24f35e1b516d23)
Start importing Assets/Settings/DefaultVolumeProfile.asset using Guid(9f48ef742d85746468d442fe859489ed) Importer(2089858483,0ecaa5967403d082aa24f35e1b516d23) (ScriptedImporter) -> (artifact id: '98d2106702e908af987d55641ab4afeb') in 0.1465195 seconds
Number of updated asset objects reloaded before import = 0Number of asset objects unloaded after import = 0

========================================================================
Received Import Request.
  Time since last request: 0.000084 seconds.
  path: Assets/Settings/TextMesh Pro/Examples & Extras/Fonts/Unity.ttf
  artifactKey: Guid(f4eec857a4fdf2f43be0e9f3d1a984e7) Importer(2089858483,0ecaa5967403d082aa24f35e1b516d23)
Start importing Assets/Settings/TextMesh Pro/Examples & Extras/Fonts/Unity.ttf using Guid(f4eec857a4fdf2f43be0e9f3d1a984e7) Importer(2089858483,0ecaa5967403d082aa24f35e1b516d23) (ScriptedImporter) -> (artifact id: '472f0107c813030c8dea674b4035f61a') in 0.0760319 seconds
Number of updated asset objects reloaded before import = 0Number of asset objects unloaded after import = 3

========================================================================
Received Import Request.
  Time since last request: 0.000045 seconds.
  path: Assets/Settings/TextMesh Pro/Examples & Extras/Resources/Fonts & Materials/LiberationSans SDF - Soft Mask.mat
  artifactKey: Guid(42df1c7856584b6b8db9a509b6b10074) Importer(2089858483,0ecaa5967403d082aa24f35e1b516d23)
Start importing Assets/Settings/TextMesh Pro/Examples & Extras/Resources/Fonts & Materials/LiberationSans SDF - Soft Mask.mat using Guid(42df1c7856584b6b8db9a509b6b10074) Importer(2089858483,0ecaa5967403d082aa24f35e1b516d23) (ScriptedImporter) -> (artifact id: 'e62f757e7ba59ccfc8446ec7aa8cbe62') in 0.2359996 seconds
Number of updated asset objects reloaded before import = 0Number of asset objects unloaded after import = 3

========================================================================
Received Import Request.
  Time since last request: 0.000056 seconds.
  path: Assets/Settings/TextMesh Pro/Examples & Extras/Textures/Gradient Diagonal (Color).jpg
  artifactKey: Guid(2ce5c55e85304b819a1826ecbc839aa5) Importer(2089858483,0ecaa5967403d082aa24f35e1b516d23)
Start importing Assets/Settings/TextMesh Pro/Examples & Extras/Textures/Gradient Diagonal (Color).jpg using Guid(2ce5c55e85304b819a1826ecbc839aa5) Importer(2089858483,0ecaa5967403d082aa24f35e1b516d23) (ScriptedImporter) -> (artifact id: '37e152416ed5d0a7db7de74f27e19628') in 0.1568611 seconds
Number of updated asset objects reloaded before import = 0Number of asset objects unloaded after import = 1

========================================================================
Received Import Request.
  Time since last request: 0.000042 seconds.
  path: Assets/Settings/TextMesh Pro/Examples & Extras/Resources/Fonts & Materials/Anton SDF.asset
  artifactKey: Guid(8a89fa14b10d46a99122fd4f73fca9a2) Importer(2089858483,0ecaa5967403d082aa24f35e1b516d23)
Start importing Assets/Settings/TextMesh Pro/Examples & Extras/Resources/Fonts & Materials/Anton SDF.asset using Guid(8a89fa14b10d46a99122fd4f73fca9a2) Importer(2089858483,0ecaa5967403d082aa24f35e1b516d23) (ScriptedImporter) -> (artifact id: 'c7cd45bc7750b07b26967f3d81c177d6') in 0.1544214 seconds
Number of updated asset objects reloaded before import = 0Number of asset objects unloaded after import = 5

========================================================================
Received Import Request.
  Time since last request: 0.000102 seconds.
  path: Assets/Settings/TextMesh Pro/Examples & Extras/Resources/Fonts & Materials/LiberationSans SDF - Overlay.mat
  artifactKey: Guid(9ad269c99dcf42b7aedefd83dd5a7b9d) Importer(2089858483,0ecaa5967403d082aa24f35e1b516d23)
Start importing Assets/Settings/TextMesh Pro/Examples & Extras/Resources/Fonts & Materials/LiberationSans SDF - Overlay.mat using Guid(9ad269c99dcf42b7aedefd83dd5a7b9d) Importer(2089858483,0ecaa5967403d082aa24f35e1b516d23) (ScriptedImporter) -> (artifact id: '7734210809e704eb95e723e226fb2649') in 0.3620737 seconds
Number of updated asset objects reloaded before import = 0Number of asset objects unloaded after import = 2

========================================================================
Received Import Request.
  Time since last request: 0.000135 seconds.
  path: Assets/Settings/TextMesh Pro/Examples & Extras/Textures/Text Overflow - Linked Text UI Screenshot.png
  artifactKey: Guid(c76d18757a194d618355f05f815cb0a1) Importer(2089858483,0ecaa5967403d082aa24f35e1b516d23)
Start importing Assets/Settings/TextMesh Pro/Examples & Extras/Textures/Text Overflow - Linked Text UI Screenshot.png using Guid(c76d18757a194d618355f05f815cb0a1) Importer(2089858483,0ecaa5967403d082aa24f35e1b516d23) (ScriptedImporter) -> (artifact id: '9b0e97c27d2cc77e4d46c6eb012d8c7a') in 0.4657147 seconds
Number of updated asset objects reloaded before import = 0Number of asset objects unloaded after import = 1

========================================================================
Received Import Request.
  Time since last request: 0.000120 seconds.
  path: Assets/Settings/TextMesh Pro/Examples & Extras/Resources/Fonts & Materials/Anton SDF - Outline.mat
  artifactKey: Guid(a00013af81304728b2be1f4309ee2433) Importer(2089858483,0ecaa5967403d082aa24f35e1b516d23)
Start importing Assets/Settings/TextMesh Pro/Examples & Extras/Resources/Fonts & Materials/Anton SDF - Outline.mat using Guid(a00013af81304728b2be1f4309ee2433) Importer(2089858483,0ecaa5967403d082aa24f35e1b516d23) (ScriptedImporter) -> (artifact id: '34dffd679dd0ba7b4dfbbe6134cd0e98') in 0.3213932 seconds
Number of updated asset objects reloaded before import = 0Number of asset objects unloaded after import = 2

========================================================================
Received Import Request.
  Time since last request: 0.000063 seconds.
  path: Assets/Settings/TextMesh Pro/Examples & Extras/Textures/Fruit Jelly (B&W).jpg
  artifactKey: Guid(1cdc5b506b1a4a33a53c30669ced1f51) Importer(2089858483,0ecaa5967403d082aa24f35e1b516d23)
Start importing Assets/Settings/TextMesh Pro/Examples & Extras/Textures/Fruit Jelly (B&W).jpg using Guid(1cdc5b506b1a4a33a53c30669ced1f51) Importer(2089858483,0ecaa5967403d082aa24f35e1b516d23) (ScriptedImporter) -> (artifact id: '4629273ed103057c23c703af6633d832') in 0.5807983 seconds
Number of updated asset objects reloaded before import = 0Number of asset objects unloaded after import = 1

========================================================================
Received Import Request.
  Time since last request: 0.000059 seconds.
  path: Assets/Settings/TextMesh Pro/Examples & Extras/Materials/Ground - URP.mat
  artifactKey: Guid(71529b88994c1a341b22bc57c038674a) Importer(2089858483,0ecaa5967403d082aa24f35e1b516d23)
Start importing Assets/Settings/TextMesh Pro/Examples & Extras/Materials/Ground - URP.mat using Guid(71529b88994c1a341b22bc57c038674a) Importer(2089858483,0ecaa5967403d082aa24f35e1b516d23) (ScriptedImporter) -> (artifact id: 'ce6c1e6ba0bec3b1547c31c33eb5c442') in 0.8636479 seconds
Number of updated asset objects reloaded before import = 0Number of asset objects unloaded after import = 2

========================================================================
Received Import Request.
  Time since last request: 0.000090 seconds.
  path: Assets/Assets/Font/KiwiSoda SDF.asset
  artifactKey: Guid(66a46ae7ed56a624db7e202b43f5c970) Importer(815301076,1909f56bfc062723c751e8b465ee728b)
Start importing Assets/Assets/Font/KiwiSoda SDF.asset using Guid(66a46ae7ed56a624db7e202b43f5c970) Importer(815301076,1909f56bfc062723c751e8b465ee728b) (PreviewImporter) -> (artifact id: '3cafedb17547bd41a91f1d9e7baaa7b1') in 0.9803094 seconds
Number of updated asset objects reloaded before import = 0Number of asset objects unloaded after import = 4

========================================================================
Received Import Request.
  Time since last request: 0.000150 seconds.
  path: Assets/Settings/TextMesh Pro/Shaders/TMP_SDF-Surface.shader
  artifactKey: Guid(f7ada0af4f174f0694ca6a487b8f543d) Importer(2089858483,0ecaa5967403d082aa24f35e1b516d23)
Start importing Assets/Settings/TextMesh Pro/Shaders/TMP_SDF-Surface.shader using Guid(f7ada0af4f174f0694ca6a487b8f543d) Importer(2089858483,0ecaa5967403d082aa24f35e1b516d23) (ScriptedImporter) -> (artifact id: 'a5b3654981712ee801f3361b9c24c8e0') in 0.0842269 seconds
Number of updated asset objects reloaded before import = 0Number of asset objects unloaded after import = 1

========================================================================
Received Import Request.
  Time since last request: 0.000057 seconds.
  path: Assets/Assets/Font/pixelmix SDF.asset
  artifactKey: Guid(dfd8585a6ef57e349b37be84a930fcf3) Importer(815301076,1909f56bfc062723c751e8b465ee728b)
Start importing Assets/Assets/Font/pixelmix SDF.asset using Guid(dfd8585a6ef57e349b37be84a930fcf3) Importer(815301076,1909f56bfc062723c751e8b465ee728b) (PreviewImporter) -> (artifact id: '9d52c2aac96aad854eaac661d70866dd') in 0.1079922 seconds
Number of updated asset objects reloaded before import = 0Number of asset objects unloaded after import = 4

========================================================================
Received Import Request.
  Time since last request: 0.000073 seconds.
  path: Assets/Settings/TextMesh Pro/Shaders/TMPro_Properties.cginc
  artifactKey: Guid(3997e2241185407d80309a82f9148466) Importer(2089858483,0ecaa5967403d082aa24f35e1b516d23)
Start importing Assets/Settings/TextMesh Pro/Shaders/TMPro_Properties.cginc using Guid(3997e2241185407d80309a82f9148466) Importer(2089858483,0ecaa5967403d082aa24f35e1b516d23) (ScriptedImporter) -> (artifact id: 'c5d4b59a4c91492167108e88963420af') in 0.0507902 seconds
Number of updated asset objects reloaded before import = 0Number of asset objects unloaded after import = 1

========================================================================
Received Import Request.
  Time since last request: 0.000095 seconds.
  path: Assets/Settings/TextMesh Pro/Examples & Extras/Scenes/10 - Bullets & Numbered List Example.unity
  artifactKey: Guid(c3f814e1d12c45568daf3dd9a86a0e61) Importer(2089858483,0ecaa5967403d082aa24f35e1b516d23)
Start importing Assets/Settings/TextMesh Pro/Examples & Extras/Scenes/10 - Bullets & Numbered List Example.unity using Guid(c3f814e1d12c45568daf3dd9a86a0e61) Importer(2089858483,0ecaa5967403d082aa24f35e1b516d23) (ScriptedImporter) -> (artifact id: '3ce80f134e032b897156512c22203189') in 0.0580829 seconds
Number of updated asset objects reloaded before import = 0Number of asset objects unloaded after import = 1

========================================================================
Received Import Request.
  Time since last request: 0.000085 seconds.
  path: Assets/Settings/TextMesh Pro/Examples & Extras/Scenes/05 - Style Tags.unity
  artifactKey: Guid(70615243e2be4a81afaab9bf5d273d65) Importer(2089858483,0ecaa5967403d082aa24f35e1b516d23)
Start importing Assets/Settings/TextMesh Pro/Examples & Extras/Scenes/05 - Style Tags.unity using Guid(70615243e2be4a81afaab9bf5d273d65) Importer(2089858483,0ecaa5967403d082aa24f35e1b516d23) (ScriptedImporter) -> (artifact id: '249cc009fbb971166fb5adf0b920fd62') in 0.0896471 seconds
Number of updated asset objects reloaded before import = 0Number of asset objects unloaded after import = 1

========================================================================
Received Import Request.
  Time since last request: 0.000056 seconds.
  path: Assets/Settings/TextMesh Pro/Fonts/LiberationSans - OFL.txt
  artifactKey: Guid(6e59c59b81ab47f9b6ec5781fa725d2c) Importer(2089858483,0ecaa5967403d082aa24f35e1b516d23)
Start importing Assets/Settings/TextMesh Pro/Fonts/LiberationSans - OFL.txt using Guid(6e59c59b81ab47f9b6ec5781fa725d2c) Importer(2089858483,0ecaa5967403d082aa24f35e1b516d23) (ScriptedImporter) -> (artifact id: '5ef0fe787045e62bbfcbff9b211b45fd') in 0.0603795 seconds
Number of updated asset objects reloaded before import = 0Number of asset objects unloaded after import = 1

========================================================================
Received Import Request.
  Time since last request: 0.000088 seconds.
  path: Assets/Settings/TextMesh Pro/Examples & Extras/Scripts/ChatController.cs
  artifactKey: Guid(53d91f98a2664f5cb9af11de72ac54ec) Importer(2089858483,0ecaa5967403d082aa24f35e1b516d23)
Start importing Assets/Settings/TextMesh Pro/Examples & Extras/Scripts/ChatController.cs using Guid(53d91f98a2664f5cb9af11de72ac54ec) Importer(2089858483,0ecaa5967403d082aa24f35e1b516d23) (ScriptedImporter) -> (artifact id: '339918d205cc8615100424fe064a8390') in 0.0721674 seconds
Number of updated asset objects reloaded before import = 0Number of asset objects unloaded after import = 0

========================================================================
Received Import Request.
  Time since last request: 0.000042 seconds.
  path: Assets/Prefab/Enemy.prefab
  artifactKey: Guid(f21ca189780942241b7f8510fa91da06) Importer(815301076,1909f56bfc062723c751e8b465ee728b)
Start importing Assets/Prefab/Enemy.prefab using Guid(f21ca189780942241b7f8510fa91da06) Importer(815301076,1909f56bfc062723c751e8b465ee728b) (PreviewImporter) -> (artifact id: 'd9626cd9ce6b64df0fc379032316ab77') in 0.2811271 seconds
Number of updated asset objects reloaded before import = 0Number of asset objects unloaded after import = 40

========================================================================
Received Import Request.
  Time since last request: 0.039597 seconds.
  path: Assets/Settings/TextMesh Pro/Shaders/TMP_SDF.shader
  artifactKey: Guid(68e6db2ebdc24f95958faec2be5558d6) Importer(2089858483,0ecaa5967403d082aa24f35e1b516d23)
Start importing Assets/Settings/TextMesh Pro/Shaders/TMP_SDF.shader using Guid(68e6db2ebdc24f95958faec2be5558d6) Importer(2089858483,0ecaa5967403d082aa24f35e1b516d23) (ScriptedImporter) -> (artifact id: '9bd34b3990433b848508fa5d5f93a297') in 0.9378474 seconds
Number of updated asset objects reloaded before import = 0Number of asset objects unloaded after import = 1

========================================================================
Received Import Request.
  Time since last request: 0.000044 seconds.
  path: Assets/Settings/TextMesh Pro/Examples & Extras/Scenes/16 - Linked text overflow mode example.unity
  artifactKey: Guid(9442cda25baa4a0bb544c4d095b00caa) Importer(2089858483,0ecaa5967403d082aa24f35e1b516d23)
Start importing Assets/Settings/TextMesh Pro/Examples & Extras/Scenes/16 - Linked text overflow mode example.unity using Guid(9442cda25baa4a0bb544c4d095b00caa) Importer(2089858483,0ecaa5967403d082aa24f35e1b516d23) (ScriptedImporter) -> (artifact id: 'ff05777cb91d7482fe3c9918b155189b') in 0.1085504 seconds
Number of updated asset objects reloaded before import = 0Number of asset objects unloaded after import = 1

========================================================================
Received Import Request.
  Time since last request: 0.000056 seconds.
  path: Assets/Settings/TextMesh Pro/Examples & Extras/Scenes/26 - Dropdown Placeholder Example.unity
  artifactKey: Guid(0851605490a599b46b6ac5cb681d93ea) Importer(2089858483,0ecaa5967403d082aa24f35e1b516d23)
Start importing Assets/Settings/TextMesh Pro/Examples & Extras/Scenes/26 - Dropdown Placeholder Example.unity using Guid(0851605490a599b46b6ac5cb681d93ea) Importer(2089858483,0ecaa5967403d082aa24f35e1b516d23) (ScriptedImporter) -> (artifact id: 'c54c0d12704d34494b5ec7f775774ded') in 0.3786141 seconds
Number of updated asset objects reloaded before import = 0Number of asset objects unloaded after import = 1

========================================================================
Received Import Request.
  Time since last request: 0.000040 seconds.
  path: Assets/Settings/UniversalRenderPipelineGlobalSettings.asset
  artifactKey: Guid(18dc0cd2c080841dea60987a38ce93fa) Importer(2089858483,0ecaa5967403d082aa24f35e1b516d23)
Start importing Assets/Settings/UniversalRenderPipelineGlobalSettings.asset using Guid(18dc0cd2c080841dea60987a38ce93fa) Importer(2089858483,0ecaa5967403d082aa24f35e1b516d23) (ScriptedImporter) -> (artifact id: '3945bb07354a5a9d9fdde170e16c0dfa') in 27.2424548 seconds
Number of updated asset objects reloaded before import = 0Number of asset objects unloaded after import = 0

========================================================================
Received Import Request.
  Time since last request: 0.000088 seconds.
  path: Assets/Settings/TextMesh Pro/Examples & Extras/Resources/Fonts & Materials/Roboto-Bold SDF - Drop Shadow.mat
  artifactKey: Guid(b246c4190f4e46ec9352fe15a7b09ce0) Importer(2089858483,0ecaa5967403d082aa24f35e1b516d23)
Start importing Assets/Settings/TextMesh Pro/Examples & Extras/Resources/Fonts & Materials/Roboto-Bold SDF - Drop Shadow.mat using Guid(b246c4190f4e46ec9352fe15a7b09ce0) Importer(2089858483,0ecaa5967403d082aa24f35e1b516d23) (ScriptedImporter) -> (artifact id: '7d30709aaaec3f972ae595401ae77f75') in 0.1419503 seconds
Number of updated asset objects reloaded before import = 0Number of asset objects unloaded after import = 2

========================================================================
Received Import Request.
  Time since last request: 0.000086 seconds.
  path: Assets/Settings/TextMesh Pro/Examples & Extras/Scripts/VertexShakeA.cs
  artifactKey: Guid(f7cfa58e417a46ea8889989684c2522e) Importer(2089858483,0ecaa5967403d082aa24f35e1b516d23)
Start importing Assets/Settings/TextMesh Pro/Examples & Extras/Scripts/VertexShakeA.cs using Guid(f7cfa58e417a46ea8889989684c2522e) Importer(2089858483,0ecaa5967403d082aa24f35e1b516d23) (ScriptedImporter) -> (artifact id: '07dae2f0d7799a4aef55b6e455758e89') in 0.0762313 seconds
Number of updated asset objects reloaded before import = 0Number of asset objects unloaded after import = 0

========================================================================
Received Import Request.
  Time since last request: 0.000080 seconds.
  path: Assets/Settings/TextMesh Pro/Examples & Extras/Scenes/01-  Single Line TextMesh Pro.unity
  artifactKey: Guid(2ac8cf212df6445e8aebbe3cb832e993) Importer(2089858483,0ecaa5967403d082aa24f35e1b516d23)
Start importing Assets/Settings/TextMesh Pro/Examples & Extras/Scenes/01-  Single Line TextMesh Pro.unity using Guid(2ac8cf212df6445e8aebbe3cb832e993) Importer(2089858483,0ecaa5967403d082aa24f35e1b516d23) (ScriptedImporter) -> (artifact id: '292bd0447219206bd3470841c71eaf10') in 0.0706553 seconds
Number of updated asset objects reloaded before import = 0Number of asset objects unloaded after import = 1

========================================================================
Received Import Request.
  Time since last request: 0.000128 seconds.
  path: Assets/Settings/TextMesh Pro/Shaders/TMP_SDF-Surface-Mobile.shader
  artifactKey: Guid(85187c2149c549c5b33f0cdb02836b17) Importer(2089858483,0ecaa5967403d082aa24f35e1b516d23)
Start importing Assets/Settings/TextMesh Pro/Shaders/TMP_SDF-Surface-Mobile.shader using Guid(85187c2149c549c5b33f0cdb02836b17) Importer(2089858483,0ecaa5967403d082aa24f35e1b516d23) (ScriptedImporter) -> (artifact id: '3ceb68a28c9f6caff75de0aa243f5a11') in 0.0706866 seconds
Number of updated asset objects reloaded before import = 0Number of asset objects unloaded after import = 1

========================================================================
Received Import Request.
  Time since last request: 0.000053 seconds.
  path: Assets/Settings/TextMesh Pro/Examples & Extras/Scenes/09 - Margin Tag Example.unity
  artifactKey: Guid(349f38d3606449708c7340d26740e1e2) Importer(2089858483,0ecaa5967403d082aa24f35e1b516d23)
Start importing Assets/Settings/TextMesh Pro/Examples & Extras/Scenes/09 - Margin Tag Example.unity using Guid(349f38d3606449708c7340d26740e1e2) Importer(2089858483,0ecaa5967403d082aa24f35e1b516d23) (ScriptedImporter) -> (artifact id: 'edf76ce488374480cdc92d43bd7274ed') in 0.0607602 seconds
Number of updated asset objects reloaded before import = 0Number of asset objects unloaded after import = 1

========================================================================
Received Import Request.
  Time since last request: 0.000087 seconds.
  path: Assets/Settings/TextMesh Pro/Examples & Extras/Resources/Fonts & Materials/Roboto-Bold SDF.asset
  artifactKey: Guid(5302535af1044152a457ed104f1f4b91) Importer(2089858483,0ecaa5967403d082aa24f35e1b516d23)
Start importing Assets/Settings/TextMesh Pro/Examples & Extras/Resources/Fonts & Materials/Roboto-Bold SDF.asset using Guid(5302535af1044152a457ed104f1f4b91) Importer(2089858483,0ecaa5967403d082aa24f35e1b516d23) (ScriptedImporter) -> (artifact id: 'e3d015bff8a9e2cd0bdcc1db0e8cd821') in 0.2570196 seconds
Number of updated asset objects reloaded before import = 0Number of asset objects unloaded after import = 5

========================================================================
Received Import Request.
  Time since last request: 0.000058 seconds.
  path: Assets/Prefab/Player.prefab
  artifactKey: Guid(8b23e00394ed65f4bb4ff9fade73e8ca) Importer(815301076,1909f56bfc062723c751e8b465ee728b)
Start importing Assets/Prefab/Player.prefab using Guid(8b23e00394ed65f4bb4ff9fade73e8ca) Importer(815301076,1909f56bfc062723c751e8b465ee728b) (PreviewImporter)Refreshing native plugins compatible for Editor in 129.83 ms, found 3 plugins.
Preloading 0 native plugins for Editor in 0.00 ms.
 -> (artifact id: '5b729d0fe837a23a8f45c9cebbccc660') in 0.6619887 seconds
Number of updated asset objects reloaded before import = 0Number of asset objects unloaded after import = 110

========================================================================
Received Import Request.
  Time since last request: 0.000048 seconds.
  path: Assets/Settings/TextMesh Pro/Examples & Extras/Resources/Fonts & Materials/Oswald Bold SDF.asset
  artifactKey: Guid(0161d805a3764c089bef00bfe00793f5) Importer(2089858483,0ecaa5967403d082aa24f35e1b516d23)
Start importing Assets/Settings/TextMesh Pro/Examples & Extras/Resources/Fonts & Materials/Oswald Bold SDF.asset using Guid(0161d805a3764c089bef00bfe00793f5) Importer(2089858483,0ecaa5967403d082aa24f35e1b516d23) (ScriptedImporter) -> (artifact id: 'ae81819452dbfc0e1a687b02efaec327') in 0.2410826 seconds
Number of updated asset objects reloaded before import = 0Number of asset objects unloaded after import = 5

========================================================================
Received Import Request.
  Time since last request: 0.000068 seconds.
  path: Assets/Settings/TextMesh Pro/Examples & Extras/Scripts/TMP_TextEventHandler.cs
  artifactKey: Guid(1312ae25639a4bae8e25ae223209cc50) Importer(2089858483,0ecaa5967403d082aa24f35e1b516d23)
Start importing Assets/Settings/TextMesh Pro/Examples & Extras/Scripts/TMP_TextEventHandler.cs using Guid(1312ae25639a4bae8e25ae223209cc50) Importer(2089858483,0ecaa5967403d082aa24f35e1b516d23) (ScriptedImporter) -> (artifact id: 'f9b1005b279440ffd50f4885002568dd') in 0.0483652 seconds
Number of updated asset objects reloaded before import = 0Number of asset objects unloaded after import = 0

========================================================================
Received Import Request.
  Time since last request: 0.000049 seconds.
  path: Assets/Settings/TextMesh Pro/Examples & Extras/Sprites/DropCap Numbers.psd
  artifactKey: Guid(fd09957580ac4326916010f1f260975b) Importer(2089858483,0ecaa5967403d082aa24f35e1b516d23)
Start importing Assets/Settings/TextMesh Pro/Examples & Extras/Sprites/DropCap Numbers.psd using Guid(fd09957580ac4326916010f1f260975b) Importer(2089858483,0ecaa5967403d082aa24f35e1b516d23) (ScriptedImporter) -> (artifact id: '0b735e3209bbdd0fceea16dc7e0a5749') in 0.1052468 seconds
Number of updated asset objects reloaded before import = 0Number of asset objects unloaded after import = 1

========================================================================
Received Prepare
Refreshing native plugins compatible for Editor in 5.26 ms, found 3 plugins.
Preloading 0 native plugins for Editor in 0.00 ms.
Unloading 16 Unused Serialized files (Serialized files now loaded: 0)
Unloading 6338 unused Assets / (3.6 MB). Loaded Objects now: 7417.
Memory consumption went from 146.2 MB to 142.6 MB.
Total: 382.567400 ms (FindLiveObjects: 21.118400 ms CreateObjectMapping: 8.380800 ms MarkObjects: 301.970800 ms  DeleteObjects: 50.840300 ms)

Prepare: number of updated asset objects reloaded= 0
========================================================================
Received Import Request.
  Time since last request: 114.087641 seconds.
  path: Assets/Scripts/Player/PlayerCombat.cs
  artifactKey: Guid(8e5355fa29e183a4f89b44219c4cce15) Importer(2089858483,0ecaa5967403d082aa24f35e1b516d23)
Start importing Assets/Scripts/Player/PlayerCombat.cs using Guid(8e5355fa29e183a4f89b44219c4cce15) Importer(2089858483,0ecaa5967403d082aa24f35e1b516d23) (ScriptedImporter) -> (artifact id: '0f06c6231eb206b76b4ea79fd02d0ec5') in 0.2953693 seconds
Number of updated asset objects reloaded before import = 0Number of asset objects unloaded after import = 0

========================================================================
Received Prepare
Refreshing native plugins compatible for Editor in 5.98 ms, found 3 plugins.
Preloading 0 native plugins for Editor in 0.00 ms.
Unloading 16 Unused Serialized files (Serialized files now loaded: 0)
Unloading 6334 unused Assets / (3.6 MB). Loaded Objects now: 7417.
Memory consumption went from 146.2 MB to 142.6 MB.
Total: 42.832800 ms (FindLiveObjects: 1.934500 ms CreateObjectMapping: 2.955800 ms MarkObjects: 21.079900 ms  DeleteObjects: 16.860700 ms)

Prepare: number of updated asset objects reloaded= 0
========================================================================
Received Import Request.
  Time since last request: 58.459510 seconds.
  path: Assets/Scripts/Player/PlayerCombat.cs
  artifactKey: Guid(8e5355fa29e183a4f89b44219c4cce15) Importer(2089858483,0ecaa5967403d082aa24f35e1b516d23)
Start importing Assets/Scripts/Player/PlayerCombat.cs using Guid(8e5355fa29e183a4f89b44219c4cce15) Importer(2089858483,0ecaa5967403d082aa24f35e1b516d23) (ScriptedImporter) -> (artifact id: 'ad7ef61d99f36c628ae1f6eb7748e3b9') in 0.0473354 seconds
Number of updated asset objects reloaded before import = 0Number of asset objects unloaded after import = 0

========================================================================
Received Prepare
Refreshing native plugins compatible for Editor in 3.30 ms, found 3 plugins.
Preloading 0 native plugins for Editor in 0.00 ms.
Unloading 16 Unused Serialized files (Serialized files now loaded: 0)
Unloading 6334 unused Assets / (4.3 MB). Loaded Objects now: 7417.
Memory consumption went from 146.2 MB to 141.9 MB.
Total: 69.027800 ms (FindLiveObjects: 1.573600 ms CreateObjectMapping: 1.618900 ms MarkObjects: 53.608800 ms  DeleteObjects: 12.224500 ms)

Prepare: number of updated asset objects reloaded= 0
========================================================================
Received Import Request.
  Time since last request: 107.446755 seconds.
  path: Assets/Scripts/Menu/PauseManager.cs
  artifactKey: Guid(4dfa1053bfe974f4baf4eee2aba1e833) Importer(2089858483,0ecaa5967403d082aa24f35e1b516d23)
Start importing Assets/Scripts/Menu/PauseManager.cs using Guid(4dfa1053bfe974f4baf4eee2aba1e833) Importer(2089858483,0ecaa5967403d082aa24f35e1b516d23) (ScriptedImporter) -> (artifact id: '1f9dbfd8d9937060f063038c86ba3064') in 0.0643799 seconds
Number of updated asset objects reloaded before import = 0Number of asset objects unloaded after import = 0

========================================================================
Received Prepare
Refreshing native plugins compatible for Editor in 1.81 ms, found 3 plugins.
Preloading 0 native plugins for Editor in 0.00 ms.
Unloading 16 Unused Serialized files (Serialized files now loaded: 0)
Unloading 6328 unused Assets / (3.2 MB). Loaded Objects now: 7411.
Memory consumption went from 146.2 MB to 143.0 MB.
Total: 30.261700 ms (FindLiveObjects: 1.260300 ms CreateObjectMapping: 1.512600 ms MarkObjects: 22.777200 ms  DeleteObjects: 4.708500 ms)

Prepare: number of updated asset objects reloaded= 0
========================================================================
Received Prepare
Refreshing native plugins compatible for Editor in 2.19 ms, found 3 plugins.
Preloading 0 native plugins for Editor in 0.00 ms.
Unloading 16 Unused Serialized files (Serialized files now loaded: 0)
Unloading 6328 unused Assets / (4.5 MB). Loaded Objects now: 7411.
Memory consumption went from 146.2 MB to 141.6 MB.
Total: 22.785500 ms (FindLiveObjects: 0.939500 ms CreateObjectMapping: 1.436200 ms MarkObjects: 15.063000 ms  DeleteObjects: 5.345700 ms)

Prepare: number of updated asset objects reloaded= 0
========================================================================
Received Import Request.
  Time since last request: 121.878598 seconds.
  path: Assets/Scripts/Enemy/EnemySpawn.cs
  artifactKey: Guid(b554412e3cbee594186c7d02b1232c95) Importer(2089858483,0ecaa5967403d082aa24f35e1b516d23)
Start importing Assets/Scripts/Enemy/EnemySpawn.cs using Guid(b554412e3cbee594186c7d02b1232c95) Importer(2089858483,0ecaa5967403d082aa24f35e1b516d23) (ScriptedImporter) -> (artifact id: 'c34fd58561fec7c1b77eee2ad426c103') in 0.0388796 seconds
Number of updated asset objects reloaded before import = 0Number of asset objects unloaded after import = 0

========================================================================
Received Prepare
Refreshing native plugins compatible for Editor in 1.81 ms, found 3 plugins.
Preloading 0 native plugins for Editor in 0.00 ms.
Unloading 16 Unused Serialized files (Serialized files now loaded: 0)
Unloading 6328 unused Assets / (4.7 MB). Loaded Objects now: 7411.
Memory consumption went from 146.2 MB to 141.5 MB.
Total: 25.432100 ms (FindLiveObjects: 1.152200 ms CreateObjectMapping: 1.437100 ms MarkObjects: 18.003100 ms  DeleteObjects: 4.838600 ms)

Prepare: number of updated asset objects reloaded= 0
========================================================================
Received Import Request.
  Time since last request: 22.093829 seconds.
  path: Assets/Scripts/Enemy/EnemyHealth.cs
  artifactKey: Guid(14050b210885a234c8673bb98d6afe11) Importer(2089858483,0ecaa5967403d082aa24f35e1b516d23)
Start importing Assets/Scripts/Enemy/EnemyHealth.cs using Guid(14050b210885a234c8673bb98d6afe11) Importer(2089858483,0ecaa5967403d082aa24f35e1b516d23) (ScriptedImporter) -> (artifact id: 'aac8ea1df567b556150303d19ac98f69') in 0.1972612 seconds
Number of updated asset objects reloaded before import = 0Number of asset objects unloaded after import = 0

========================================================================
Received Prepare
Refreshing native plugins compatible for Editor in 1.56 ms, found 3 plugins.
Preloading 0 native plugins for Editor in 0.00 ms.
Unloading 16 Unused Serialized files (Serialized files now loaded: 0)
Unloading 6325 unused Assets / (4.8 MB). Loaded Objects now: 7408.
Memory consumption went from 146.2 MB to 141.4 MB.
Total: 30.083100 ms (FindLiveObjects: 2.926900 ms CreateObjectMapping: 3.414600 ms MarkObjects: 18.929900 ms  DeleteObjects: 4.809700 ms)

Prepare: number of updated asset objects reloaded= 0
========================================================================
Received Prepare
Refreshing native plugins compatible for Editor in 2.11 ms, found 3 plugins.
Preloading 0 native plugins for Editor in 0.00 ms.
Unloading 16 Unused Serialized files (Serialized files now loaded: 0)
Unloading 6325 unused Assets / (4.4 MB). Loaded Objects now: 7408.
Memory consumption went from 146.2 MB to 141.8 MB.
Total: 30.465300 ms (FindLiveObjects: 1.264400 ms CreateObjectMapping: 5.411800 ms MarkObjects: 19.118000 ms  DeleteObjects: 4.669800 ms)

Prepare: number of updated asset objects reloaded= 0
========================================================================
Received Import Request.
  Time since last request: 115.461497 seconds.
  path: Assets/Scripts/Managers/GameOverManager.cs
  artifactKey: Guid(a2992af5e4428ac49be9fb2ba5a31081) Importer(2089858483,0ecaa5967403d082aa24f35e1b516d23)
Start importing Assets/Scripts/Managers/GameOverManager.cs using Guid(a2992af5e4428ac49be9fb2ba5a31081) Importer(2089858483,0ecaa5967403d082aa24f35e1b516d23) (ScriptedImporter) -> (artifact id: '52addc44a6bfcb9e22fb632ffc420b94') in 0.0435972 seconds
Number of updated asset objects reloaded before import = 0Number of asset objects unloaded after import = 0

========================================================================
Received Prepare
Refreshing native plugins compatible for Editor in 2.07 ms, found 3 plugins.
Preloading 0 native plugins for Editor in 0.00 ms.
Unloading 16 Unused Serialized files (Serialized files now loaded: 0)
Unloading 6325 unused Assets / (4.7 MB). Loaded Objects now: 7408.
Memory consumption went from 146.2 MB to 141.5 MB.
Total: 88.506500 ms (FindLiveObjects: 2.681300 ms CreateObjectMapping: 1.915500 ms MarkObjects: 69.041000 ms  DeleteObjects: 14.866600 ms)

Prepare: number of updated asset objects reloaded= 0
========================================================================
Received Import Request.
  Time since last request: 38.052609 seconds.
  path: Assets/Scripts/Menu/PauseManager.cs
  artifactKey: Guid(4dfa1053bfe974f4baf4eee2aba1e833) Importer(2089858483,0ecaa5967403d082aa24f35e1b516d23)
Start importing Assets/Scripts/Menu/PauseManager.cs using Guid(4dfa1053bfe974f4baf4eee2aba1e833) Importer(2089858483,0ecaa5967403d082aa24f35e1b516d23) (ScriptedImporter) -> (artifact id: '37074020bff795fec56a8ffe179aa2bc') in 0.062308 seconds
Number of updated asset objects reloaded before import = 0Number of asset objects unloaded after import = 0

========================================================================
Received Prepare
Begin MonoManager ReloadAssembly
[Licensing::Client] Successfully resolved entitlement details
- Loaded All Assemblies, in  7.880 seconds
Refreshing native plugins compatible for Editor in 1.54 ms, found 3 plugins.
Native extension for WindowsStandalone target not found
[Package Manager] Failed to launch server process. Reason: Unity was launched with the -noUpm command-line argument
[Package Manager] Unable to send message (not connected to server process).
[Package Manager] Cannot connect to Unity Package Manager local server
The project currently uses the compatibility mode where the Render Graph API is disabled. Support for this mode will be removed in future Unity versions. Migrate existing ScriptableRenderPasses to the new RenderGraph API. After the migration, disable the compatibility mode in Edit > Projects Settings > Graphics > Render Graph.
UnityEngine.Debug:ExtractStackTraceNoAlloc (byte*,int,string)
UnityEngine.StackTraceUtility:ExtractStackTrace ()
UnityEngine.DebugLogHandler:Internal_Log (UnityEngine.LogType,UnityEngine.LogOption,string,UnityEngine.Object)
UnityEngine.DebugLogHandler:LogFormat (UnityEngine.LogType,UnityEngine.Object,string,object[])
UnityEngine.Logger:Log (UnityEngine.LogType,object)
UnityEngine.Debug:LogWarning (object)
UnityEngine.Rendering.Universal.WarnUsingNonRenderGraph:EmitConsoleWarning () (at ./Library/PackageCache/com.unity.render-pipelines.universal@ba467ec059b9/Runtime/Data/UniversalRenderPipelineAsset.cs:432)
System.Reflection.RuntimeMethodInfo:Invoke (object,System.Reflection.BindingFlags,System.Reflection.Binder,object[],System.Globalization.CultureInfo)
System.Reflection.MethodBase:Invoke (object,object[])
UnityEditor.EditorAssemblies:ProcessInitializeOnLoadMethodAttributes ()

(Filename: ./Library/PackageCache/com.unity.render-pipelines.universal@ba467ec059b9/Runtime/Data/UniversalRenderPipelineAsset.cs Line: 432)

[MODES] ModeService[none].Initialize
[MODES] ModeService[none].LoadModes
Mono: successfully reloaded assembly
- Finished resetting the current domain, in  1.044 seconds
Domain Reload Profiling: 8920ms
	BeginReloadAssembly (2254ms)
		ExecutionOrderSort (2ms)
		DisableScriptedObjects (150ms)
		BackupInstance (0ms)
		ReleaseScriptingObjects (1ms)
		CreateAndSetChildDomain (511ms)
	RebuildCommonClasses (404ms)
	RebuildNativeTypeToScriptingClass (23ms)
	initialDomainReloadingComplete (62ms)
	LoadAllAssembliesAndSetupDomain (5133ms)
		LoadAssemblies (6047ms)
		RebuildTransferFunctionScriptingTraits (0ms)
		AnalyzeDomain (331ms)
			TypeCache.Refresh (25ms)
				TypeCache.ScanAssembly (1ms)
			BuildScriptInfoCaches (280ms)
			ResolveRequiredComponents (17ms)
	FinalizeReload (1045ms)
		ReleaseScriptCaches (0ms)
		RebuildScriptCaches (0ms)
		SetupLoadedEditorAssemblies (835ms)
			LogAssemblyErrors (0ms)
			InitializePlatformSupportModulesInManaged (2ms)
			SetLoadedEditorAssemblies (8ms)
			BeforeProcessingInitializeOnLoad (240ms)
			ProcessInitializeOnLoadAttributes (451ms)
			ProcessInitializeOnLoadMethodAttributes (123ms)
			AfterProcessingInitializeOnLoad (10ms)
			EditorAssembliesLoaded (0ms)
		ExecutionOrderSort2 (0ms)
		AwakeInstancesAfterBackupRestoration (23ms)
Refreshing native plugins compatible for Editor in 1.58 ms, found 3 plugins.
Preloading 0 native plugins for Editor in 0.00 ms.
Unloading 16 Unused Serialized files (Serialized files now loaded: 0)
Unloading 6331 unused Assets / (5.1 MB). Loaded Objects now: 7288.
Memory consumption went from 144.6 MB to 139.5 MB.
Total: 15.595200 ms (FindLiveObjects: 1.655000 ms CreateObjectMapping: 1.393800 ms MarkObjects: 7.880000 ms  DeleteObjects: 4.665300 ms)

Prepare: number of updated asset objects reloaded= 0
========================================================================
Received Prepare
Begin MonoManager ReloadAssembly
[Licensing::Client] Successfully resolved entitlement details
- Loaded All Assemblies, in  1.884 seconds
Refreshing native plugins compatible for Editor in 2.13 ms, found 3 plugins.
Native extension for WindowsStandalone target not found
[Package Manager] Failed to launch server process. Reason: Unity was launched with the -noUpm command-line argument
[Package Manager] Unable to send message (not connected to server process).
[Package Manager] Cannot connect to Unity Package Manager local server
The project currently uses the compatibility mode where the Render Graph API is disabled. Support for this mode will be removed in future Unity versions. Migrate existing ScriptableRenderPasses to the new RenderGraph API. After the migration, disable the compatibility mode in Edit > Projects Settings > Graphics > Render Graph.
UnityEngine.Debug:ExtractStackTraceNoAlloc (byte*,int,string)
UnityEngine.StackTraceUtility:ExtractStackTrace ()
UnityEngine.DebugLogHandler:Internal_Log (UnityEngine.LogType,UnityEngine.LogOption,string,UnityEngine.Object)
UnityEngine.DebugLogHandler:LogFormat (UnityEngine.LogType,UnityEngine.Object,string,object[])
UnityEngine.Logger:Log (UnityEngine.LogType,object)
UnityEngine.Debug:LogWarning (object)
UnityEngine.Rendering.Universal.WarnUsingNonRenderGraph:EmitConsoleWarning () (at ./Library/PackageCache/com.unity.render-pipelines.universal@ba467ec059b9/Runtime/Data/UniversalRenderPipelineAsset.cs:432)
System.Reflection.RuntimeMethodInfo:Invoke (object,System.Reflection.BindingFlags,System.Reflection.Binder,object[],System.Globalization.CultureInfo)
System.Reflection.MethodBase:Invoke (object,object[])
UnityEditor.EditorAssemblies:ProcessInitializeOnLoadMethodAttributes ()

(Filename: ./Library/PackageCache/com.unity.render-pipelines.universal@ba467ec059b9/Runtime/Data/UniversalRenderPipelineAsset.cs Line: 432)

[MODES] ModeService[none].Initialize
[MODES] ModeService[none].LoadModes
Mono: successfully reloaded assembly
- Finished resetting the current domain, in  2.035 seconds
Domain Reload Profiling: 3912ms
	BeginReloadAssembly (458ms)
		ExecutionOrderSort (0ms)
		DisableScriptedObjects (18ms)
		BackupInstance (0ms)
		ReleaseScriptingObjects (0ms)
		CreateAndSetChildDomain (107ms)
	RebuildCommonClasses (62ms)
	RebuildNativeTypeToScriptingClass (25ms)
	initialDomainReloadingComplete (52ms)
	LoadAllAssembliesAndSetupDomain (1278ms)
		LoadAssemblies (860ms)
		RebuildTransferFunctionScriptingTraits (0ms)
		AnalyzeDomain (611ms)
			TypeCache.Refresh (14ms)
				TypeCache.ScanAssembly (0ms)
			BuildScriptInfoCaches (574ms)
			ResolveRequiredComponents (16ms)
	FinalizeReload (2036ms)
		ReleaseScriptCaches (0ms)
		RebuildScriptCaches (0ms)
		SetupLoadedEditorAssemblies (1353ms)
			LogAssemblyErrors (0ms)
			InitializePlatformSupportModulesInManaged (2ms)
			SetLoadedEditorAssemblies (8ms)
			BeforeProcessingInitializeOnLoad (267ms)
			ProcessInitializeOnLoadAttributes (625ms)
			ProcessInitializeOnLoadMethodAttributes (375ms)
			AfterProcessingInitializeOnLoad (74ms)
			EditorAssembliesLoaded (1ms)
		ExecutionOrderSort2 (1ms)
		AwakeInstancesAfterBackupRestoration (219ms)
Refreshing native plugins compatible for Editor in 12.94 ms, found 3 plugins.
Preloading 0 native plugins for Editor in 0.00 ms.
Unloading 16 Unused Serialized files (Serialized files now loaded: 0)
Unloading 6331 unused Assets / (4.7 MB). Loaded Objects now: 7290.
Memory consumption went from 144.5 MB to 139.8 MB.
Total: 76.903600 ms (FindLiveObjects: 8.599000 ms CreateObjectMapping: 3.309600 ms MarkObjects: 37.702900 ms  DeleteObjects: 27.286500 ms)

Prepare: number of updated asset objects reloaded= 0
========================================================================
Received Import Request.
  Time since last request: 470.959830 seconds.
  path: Assets/Scripts/Menu/PauseManager.cs
  artifactKey: Guid(4dfa1053bfe974f4baf4eee2aba1e833) Importer(2089858483,0ecaa5967403d082aa24f35e1b516d23)
Start importing Assets/Scripts/Menu/PauseManager.cs using Guid(4dfa1053bfe974f4baf4eee2aba1e833) Importer(2089858483,0ecaa5967403d082aa24f35e1b516d23) (ScriptedImporter) -> (artifact id: 'a4534ea7e8e6399e9054ccd3045ca751') in 0.6717037 seconds
Number of updated asset objects reloaded before import = 0Number of asset objects unloaded after import = 0

========================================================================
Received Prepare
Refreshing native plugins compatible for Editor in 2.50 ms, found 3 plugins.
Preloading 0 native plugins for Editor in 0.00 ms.
Unloading 16 Unused Serialized files (Serialized files now loaded: 0)
Unloading 6325 unused Assets / (4.1 MB). Loaded Objects now: 7290.
Memory consumption went from 144.7 MB to 140.6 MB.
Total: 39.189500 ms (FindLiveObjects: 2.142900 ms CreateObjectMapping: 1.565700 ms MarkObjects: 30.051500 ms  DeleteObjects: 5.427800 ms)

Prepare: number of updated asset objects reloaded= 0
========================================================================
Received Import Request.
  Time since last request: 43.912744 seconds.
  path: Assets/Scripts/Player/PlayerMovement.cs
  artifactKey: Guid(5ff90b9ebd84c64458b4215c4d8173d5) Importer(2089858483,0ecaa5967403d082aa24f35e1b516d23)
Start importing Assets/Scripts/Player/PlayerMovement.cs using Guid(5ff90b9ebd84c64458b4215c4d8173d5) Importer(2089858483,0ecaa5967403d082aa24f35e1b516d23) (ScriptedImporter) -> (artifact id: '491a2e288bc25ce2af8b05127047de93') in 0.0378358 seconds
Number of updated asset objects reloaded before import = 0Number of asset objects unloaded after import = 0

========================================================================
Received Prepare
Refreshing native plugins compatible for Editor in 1.64 ms, found 3 plugins.
Preloading 0 native plugins for Editor in 0.00 ms.
Unloading 16 Unused Serialized files (Serialized files now loaded: 0)
Unloading 6740 unused Assets / (5.4 MB). Loaded Objects now: 7705.
Memory consumption went from 145.7 MB to 140.3 MB.
Total: 54.696700 ms (FindLiveObjects: 2.566800 ms CreateObjectMapping: 1.567600 ms MarkObjects: 44.960800 ms  DeleteObjects: 5.598700 ms)

Prepare: number of updated asset objects reloaded= 0
